2023.01.01 00:00,0.249000,0.249100,0.249000,0.249000,490.000000
2023.01.01 00:01,0.249000,0.249200,0.249000,0.249100,9827.000000
2023.01.01 00:02,0.249100,0.249200,0.249100,0.249200,40.000000
2023.01.01 00:03,0.249200,0.249200,0.249100,0.249100,11.000000
2023.01.01 00:04,0.249100,0.249100,0.249100,0.249100,76466.000000
2023.01.01 00:05,0.249100,0.249100,0.249000,0.249100,94199.000000
2023.01.01 00:06,0.249100,0.249100,0.249000,0.249100,58156.000000
2023.01.01 00:07,0.249100,0.249100,0.248900,0.248900,338665.000000
2023.01.01 00:08,0.248900,0.249000,0.248900,0.248900,105585.000000
2023.01.01 00:09,0.248900,0.248900,0.248900,0.248900,240.000000
2023.01.01 00:10,0.248900,0.249100,0.248900,0.249000,194233.000000
2023.01.01 00:11,0.249000,0.249100,0.249000,0.249000,24392.000000
2023.01.01 00:12,0.249000,0.249100,0.249000,0.249100,15033.000000
2023.01.01 00:13,0.249100,0.249200,0.249100,0.249200,8546.000000
2023.01.01 00:14,0.249200,0.249200,0.249100,0.249100,208380.000000
2023.01.01 00:15,0.249100,0.249300,0.249100,0.249200,8201.000000
2023.01.01 00:16,0.249200,0.249300,0.249200,0.249200,1609.000000
2023.01.01 00:17,0.249200,0.249200,0.248900,0.248900,37698.000000
2023.01.01 00:18,0.248900,0.249000,0.248900,0.249000,27300.000000
2023.01.01 00:19,0.249000,0.249100,0.249000,0.249100,316.000000
2023.01.01 00:20,0.249100,0.249200,0.249000,0.249200,99994.000000
2023.01.01 00:21,0.249200,0.249200,0.249100,0.249100,17274.000000
2023.01.01 00:22,0.249100,0.249100,0.248900,0.248900,47302.000000
2023.01.01 00:23,0.248900,0.248900,0.248900,0.248900,18278.000000
2023.01.01 00:24,0.248900,0.248900,0.248600,0.248600,160413.000000
2023.01.01 00:25,0.248600,0.248600,0.248600,0.248600,324.000000
2023.01.01 00:26,0.248600,0.248600,0.248500,0.248500,50341.000000
2023.01.01 00:27,0.248500,0.248600,0.248500,0.248600,6836.000000
2023.01.01 00:28,0.248600,0.248700,0.248600,0.248600,39424.000000
2023.01.01 00:29,0.248600,0.248600,0.248600,0.248600,1082.000000
2023.01.01 00:30,0.248600,0.248600,0.248600,0.248600,13671.000000
2023.01.01 00:31,0.248600,0.248600,0.248500,0.248500,7591.000000
2023.01.01 00:32,0.248500,0.248500,0.248400,0.248400,8689.000000
2023.01.01 00:33,0.248400,0.248500,0.248300,0.248300,94792.000000
2023.01.01 00:34,0.248300,0.248400,0.248300,0.248300,3921.000000
2023.01.01 00:35,0.248300,0.248300,0.248200,0.248300,16276.000000
2023.01.01 00:36,0.248300,0.248400,0.247900,0.248000,85873.000000
2023.01.01 00:37,0.248000,0.248000,0.247800,0.247900,25813.000000
2023.01.01 00:38,0.247900,0.247900,0.247800,0.247800,17481.000000
2023.01.01 00:39,0.247800,0.247900,0.247700,0.247900,74935.000000
2023.01.01 00:40,0.247900,0.248000,0.247900,0.248000,11439.000000
2023.01.01 00:41,0.248000,0.248000,0.247900,0.248000,63051.000000
2023.01.01 00:42,0.248000,0.248000,0.248000,0.248000,22.000000
2023.01.01 00:43,0.248000,0.248000,0.247900,0.247900,8699.000000
2023.01.01 00:44,0.247900,0.247900,0.247800,0.247800,40692.000000
2023.01.01 00:45,0.247800,0.248100,0.247800,0.248000,93858.000000
2023.01.01 00:46,0.248000,0.248000,0.247900,0.247900,49575.000000
2023.01.01 00:47,0.247900,0.248000,0.247900,0.248000,7159.000000
2023.01.01 00:48,0.248000,0.248000,0.247900,0.247900,97.000000
2023.01.01 00:49,0.247900,0.248000,0.247900,0.247900,122.000000
2023.01.01 00:50,0.247900,0.248100,0.247900,0.248100,399661.000000
2023.01.01 00:51,0.248100,0.248100,0.247900,0.247900,21701.000000
2023.01.01 00:52,0.247900,0.247900,0.247900,0.247900,421.000000
2023.01.01 00:53,0.247900,0.248000,0.247800,0.247800,922.000000
2023.01.01 00:54,0.247800,0.247900,0.247800,0.247800,3945.000000
2023.01.01 00:55,0.247800,0.247900,0.247800,0.247800,26.000000
2023.01.01 00:56,0.247800,0.247800,0.247800,0.247800,1360.000000
2023.01.01 00:57,0.247800,0.247900,0.247700,0.247800,14627.000000
2023.01.01 00:58,0.247800,0.247800,0.247700,0.247700,213.000000
2023.01.01 00:59,0.247700,0.247800,0.247700,0.247800,105847.000000
2023.01.01 01:00,0.247800,0.247900,0.247800,0.247800,2866.000000
2023.01.01 01:01,0.247800,0.247900,0.247800,0.247800,5870.000000
2023.01.01 01:02,0.247800,0.247900,0.247800,0.247900,7897.000000
2023.01.01 01:03,0.247900,0.247900,0.247900,0.247900,83.000000
2023.01.01 01:04,0.247900,0.247900,0.247800,0.247900,502.000000
2023.01.01 01:05,0.247900,0.247900,0.247900,0.247900,0.000000
2023.01.01 01:06,0.247900,0.247900,0.247800,0.247800,3470.000000
2023.01.01 01:07,0.247800,0.247800,0.247800,0.247800,28636.000000
2023.01.01 01:08,0.247800,0.247800,0.247700,0.247800,5153.000000
2023.01.01 01:09,0.247800,0.247900,0.247800,0.247900,79163.000000
2023.01.01 01:10,0.247900,0.247900,0.247800,0.247900,808.000000
2023.01.01 01:11,0.247900,0.248000,0.247900,0.247900,21593.000000
2023.01.01 01:12,0.247900,0.248000,0.247900,0.247900,115638.000000
2023.01.01 01:13,0.247900,0.248000,0.247900,0.248000,4917.000000
2023.01.01 01:14,0.248000,0.248200,0.248000,0.248100,373284.000000
2023.01.01 01:15,0.248100,0.248200,0.248100,0.248200,4482.000000
2023.01.01 01:16,0.248200,0.248200,0.248200,0.248200,0.000000
2023.01.01 01:17,0.248200,0.248200,0.248000,0.248000,63437.000000
2023.01.01 01:18,0.248000,0.248000,0.247500,0.247600,157135.000000
2023.01.01 01:19,0.247600,0.247600,0.246500,0.246900,351086.000000
2023.01.01 01:20,0.246900,0.246900,0.246700,0.246700,97114.000000
2023.01.01 01:21,0.246700,0.246800,0.246700,0.246700,10376.000000
2023.01.01 01:22,0.246700,0.246900,0.246700,0.246800,23244.000000
2023.01.01 01:23,0.246800,0.246900,0.246800,0.246900,50262.000000
2023.01.01 01:24,0.246900,0.246900,0.246700,0.246700,52993.000000
2023.01.01 01:25,0.246700,0.246800,0.246700,0.246700,1150.000000
2023.01.01 01:26,0.246700,0.247000,0.246700,0.246900,64493.000000
2023.01.01 01:27,0.246900,0.247000,0.246900,0.246900,3261.000000
2023.01.01 01:28,0.246900,0.246900,0.246700,0.246700,50513.000000
2023.01.01 01:29,0.246700,0.246700,0.246700,0.246700,3791.000000
2023.01.01 01:30,0.246700,0.246900,0.246700,0.246900,5326.000000
2023.01.01 01:31,0.246900,0.247000,0.246800,0.247000,17900.000000
2023.01.01 01:32,0.247000,0.247200,0.247000,0.247200,64594.000000
2023.01.01 01:33,0.247200,0.247200,0.247000,0.247000,15102.000000
2023.01.01 01:34,0.247000,0.247000,0.247000,0.247000,21844.000000
2023.01.01 01:35,0.247000,0.247000,0.246900,0.247000,44.000000
2023.01.01 01:36,0.247000,0.247000,0.246800,0.246900,10532.000000
2023.01.01 01:37,0.246900,0.246900,0.246600,0.246600,75243.000000
2023.01.01 01:38,0.246600,0.246700,0.246600,0.246600,30952.000000
2023.01.01 01:39,0.246600,0.246800,0.246600,0.246700,12156.000000
2023.01.01 01:40,0.246700,0.246700,0.246600,0.246600,4673.000000
2023.01.01 01:41,0.246600,0.246600,0.246100,0.246200,355478.000000
2023.01.01 01:42,0.246200,0.246400,0.246200,0.246400,45593.000000
2023.01.01 01:43,0.246400,0.246500,0.246400,0.246400,18389.000000
2023.01.01 01:44,0.246400,0.246700,0.246400,0.246700,115311.000000
2023.01.01 01:45,0.246700,0.246700,0.246600,0.246700,31439.000000
2023.01.01 01:46,0.246700,0.246700,0.246700,0.246700,1978.000000
2023.01.01 01:47,0.246700,0.246700,0.246600,0.246700,28086.000000
2023.01.01 01:48,0.246700,0.246700,0.246600,0.246600,4690.000000
2023.01.01 01:49,0.246600,0.246600,0.246600,0.246600,1185.000000
2023.01.01 01:50,0.246600,0.246600,0.245600,0.245700,508632.000000
2023.01.01 01:51,0.245700,0.246700,0.245600,0.246300,172806.000000
2023.01.01 01:52,0.246300,0.246300,0.246300,0.246300,0.000000
2023.01.01 01:53,0.246300,0.246500,0.246200,0.246500,208357.000000
2023.01.01 01:54,0.246500,0.246500,0.246500,0.246500,70224.000000
2023.01.01 01:55,0.246500,0.246500,0.246300,0.246300,6470.000000
2023.01.01 01:56,0.246300,0.246300,0.246200,0.246300,18366.000000
2023.01.01 01:57,0.246300,0.246400,0.246200,0.246300,31000.000000
2023.01.01 01:58,0.246300,0.246400,0.246300,0.246400,7469.000000
2023.01.01 01:59,0.246400,0.246400,0.246300,0.246300,3700.000000
2023.01.01 02:00,0.246300,0.246400,0.246100,0.246200,32429.000000
2023.01.01 02:01,0.246200,0.246200,0.245700,0.245800,124908.000000
2023.01.01 02:02,0.245800,0.246000,0.245600,0.246000,196216.000000
2023.01.01 02:03,0.246000,0.246000,0.245900,0.245900,8402.000000
2023.01.01 02:04,0.245900,0.245900,0.245700,0.245700,52556.000000
2023.01.01 02:05,0.245700,0.245800,0.245700,0.245700,56125.000000
2023.01.01 02:06,0.245700,0.245800,0.245400,0.245400,127493.000000
2023.01.01 02:07,0.245400,0.245400,0.245300,0.245300,20674.000000
2023.01.01 02:08,0.245300,0.245400,0.245200,0.245300,275743.000000
2023.01.01 02:09,0.245300,0.245300,0.245200,0.245200,45660.000000
2023.01.01 02:10,0.245200,0.245400,0.245000,0.245400,758236.000000
2023.01.01 02:11,0.245400,0.245400,0.245300,0.245400,97353.000000
2023.01.01 02:12,0.245400,0.245400,0.245200,0.245400,166603.000000
2023.01.01 02:13,0.245400,0.245800,0.245300,0.245800,132060.000000
2023.01.01 02:14,0.245800,0.246000,0.245800,0.246000,116952.000000
2023.01.01 02:15,0.246000,0.246000,0.245900,0.246000,35342.000000
2023.01.01 02:16,0.246000,0.246200,0.246000,0.246100,76191.000000
2023.01.01 02:17,0.246100,0.246200,0.246000,0.246000,199157.000000
2023.01.01 02:18,0.246000,0.246200,0.246000,0.246100,130184.000000
2023.01.01 02:19,0.246100,0.246200,0.246000,0.246100,17884.000000
2023.01.01 02:20,0.246100,0.246200,0.246100,0.246100,1124.000000
2023.01.01 02:21,0.246100,0.246200,0.246100,0.246200,1003.000000
2023.01.01 02:22,0.246200,0.246200,0.246100,0.246200,20877.000000
2023.01.01 02:23,0.246200,0.246200,0.246200,0.246200,0.000000
2023.01.01 02:24,0.246200,0.246300,0.246200,0.246300,14986.000000
2023.01.01 02:25,0.246300,0.246300,0.246200,0.246300,666819.000000
2023.01.01 02:26,0.246300,0.246300,0.246100,0.246100,104939.000000
2023.01.01 02:27,0.246100,0.246200,0.246100,0.246200,19232.000000
2023.01.01 02:28,0.246200,0.246400,0.246200,0.246400,77586.000000
2023.01.01 02:29,0.246400,0.246500,0.246400,0.246400,62532.000000
2023.01.01 02:30,0.246400,0.246500,0.246400,0.246400,16000.000000
2023.01.01 02:31,0.246400,0.246400,0.245900,0.246000,505362.000000
2023.01.01 02:32,0.246000,0.246100,0.245800,0.246100,304780.000000
2023.01.01 02:33,0.246100,0.246300,0.246000,0.246200,95494.000000
2023.01.01 02:34,0.246200,0.246700,0.246200,0.246600,425813.000000
2023.01.01 02:35,0.246600,0.246800,0.246500,0.246700,61689.000000
2023.01.01 02:36,0.246700,0.246700,0.246600,0.246700,69684.000000
2023.01.01 02:37,0.246700,0.246700,0.246500,0.246600,254851.000000
2023.01.01 02:38,0.246600,0.246700,0.246600,0.246700,18402.000000
2023.01.01 02:39,0.246700,0.246700,0.246600,0.246700,195485.000000
2023.01.01 02:40,0.246700,0.246700,0.246500,0.246500,81103.000000
2023.01.01 02:41,0.246500,0.246500,0.246400,0.246400,61383.000000
2023.01.01 02:42,0.246400,0.246400,0.246200,0.246200,44084.000000
2023.01.01 02:43,0.246200,0.246200,0.246100,0.246200,163670.000000
2023.01.01 02:44,0.246200,0.246300,0.246200,0.246300,61066.000000
2023.01.01 02:45,0.246300,0.246300,0.246200,0.246300,60535.000000
2023.01.01 02:46,0.246300,0.246400,0.246200,0.246400,4266.000000
2023.01.01 02:47,0.246400,0.246400,0.246300,0.246400,44240.000000
2023.01.01 02:48,0.246400,0.246400,0.246400,0.246400,3043.000000
2023.01.01 02:49,0.246400,0.246400,0.246200,0.246200,15699.000000
2023.01.01 02:50,0.246200,0.246200,0.246200,0.246200,21337.000000
2023.01.01 02:51,0.246200,0.246200,0.246000,0.246000,359546.000000
2023.01.01 02:52,0.246000,0.246000,0.245700,0.245700,55271.000000
2023.01.01 02:53,0.245700,0.245800,0.245700,0.245700,142814.000000
2023.01.01 02:54,0.245700,0.245800,0.245700,0.245700,6603.000000
2023.01.01 02:55,0.245700,0.245700,0.245700,0.245700,2649.000000
2023.01.01 02:56,0.245700,0.245800,0.245700,0.245700,53402.000000
2023.01.01 02:57,0.245700,0.245800,0.245700,0.245700,4758.000000
2023.01.01 02:58,0.245700,0.245700,0.245600,0.245700,56013.000000
2023.01.01 02:59,0.245700,0.245700,0.245600,0.245700,39389.000000
2023.01.01 03:00,0.245700,0.245800,0.245600,0.245700,310248.000000
2023.01.01 03:01,0.245700,0.245900,0.245700,0.245900,11992.000000
2023.01.01 03:02,0.245900,0.245900,0.245800,0.245800,11894.000000
2023.01.01 03:03,0.245800,0.245800,0.245700,0.245700,402.000000
2023.01.01 03:04,0.245700,0.245700,0.245500,0.245700,98918.000000
2023.01.01 03:05,0.245700,0.245700,0.245600,0.245600,6614.000000
2023.01.01 03:06,0.245600,0.245600,0.245500,0.245500,12787.000000
2023.01.01 03:07,0.245500,0.245600,0.245400,0.245600,403195.000000
2023.01.01 03:08,0.245600,0.245600,0.245300,0.245300,76630.000000
2023.01.01 03:09,0.245300,0.245400,0.245200,0.245200,228104.000000
2023.01.01 03:10,0.245200,0.245400,0.245200,0.245300,35691.000000
2023.01.01 03:11,0.245300,0.245500,0.245200,0.245200,380481.000000
2023.01.01 03:12,0.245200,0.245200,0.244700,0.244800,792065.000000
2023.01.01 03:13,0.244800,0.245000,0.244800,0.245000,21101.000000
2023.01.01 03:14,0.245000,0.245300,0.245000,0.245000,179576.000000
2023.01.01 03:15,0.245000,0.245000,0.244900,0.245000,16164.000000
2023.01.01 03:16,0.245000,0.245100,0.244900,0.244900,61418.000000
2023.01.01 03:17,0.244900,0.244900,0.244500,0.244700,179769.000000
2023.01.01 03:18,0.244700,0.245000,0.244600,0.244900,167160.000000
2023.01.01 03:19,0.244900,0.245000,0.244800,0.245000,32148.000000
2023.01.01 03:20,0.245000,0.245100,0.244900,0.245100,12236.000000
2023.01.01 03:21,0.245100,0.245100,0.245000,0.245100,47067.000000
2023.01.01 03:22,0.245100,0.245200,0.244800,0.244800,139174.000000
2023.01.01 03:23,0.244800,0.245000,0.244800,0.244900,17353.000000
2023.01.01 03:24,0.244900,0.245100,0.244900,0.245000,77028.000000
2023.01.01 03:25,0.245000,0.245100,0.245000,0.245100,3210.000000
2023.01.01 03:26,0.245100,0.245100,0.245000,0.245000,27806.000000
2023.01.01 03:27,0.245000,0.245100,0.245000,0.245000,16919.000000
2023.01.01 03:28,0.245000,0.245300,0.245000,0.245300,345152.000000
2023.01.01 03:29,0.245300,0.245300,0.245200,0.245200,15500.000000
2023.01.01 03:30,0.245200,0.245200,0.244800,0.244800,34558.000000
2023.01.01 03:31,0.244800,0.244900,0.244800,0.244800,61111.000000
2023.01.01 03:32,0.244800,0.244800,0.244700,0.244700,17740.000000
2023.01.01 03:33,0.244700,0.244700,0.244600,0.244600,6050.000000
2023.01.01 03:34,0.244600,0.244600,0.244400,0.244400,360931.000000
2023.01.01 03:35,0.244400,0.244500,0.244300,0.244300,154507.000000
2023.01.01 03:36,0.244300,0.244400,0.244100,0.244300,211618.000000
2023.01.01 03:37,0.244300,0.244300,0.244200,0.244200,39494.000000
2023.01.01 03:38,0.244200,0.244500,0.244200,0.244500,16781.000000
2023.01.01 03:39,0.244500,0.244600,0.244500,0.244600,117913.000000
2023.01.01 03:40,0.244600,0.244600,0.244500,0.244600,2139.000000
2023.01.01 03:41,0.244600,0.244600,0.244400,0.244400,17823.000000
2023.01.01 03:42,0.244400,0.244500,0.244400,0.244400,14924.000000
2023.01.01 03:43,0.244400,0.244500,0.244400,0.244500,15347.000000
2023.01.01 03:44,0.244500,0.244500,0.244300,0.244300,161915.000000
2023.01.01 03:45,0.244300,0.244300,0.244200,0.244300,60288.000000
2023.01.01 03:46,0.244300,0.244500,0.244300,0.244500,101367.000000
2023.01.01 03:47,0.244500,0.244500,0.244500,0.244500,52211.000000
2023.01.01 03:48,0.244500,0.244700,0.244500,0.244600,7887.000000
2023.01.01 03:49,0.244600,0.244600,0.244600,0.244600,8941.000000
2023.01.01 03:50,0.244600,0.244600,0.244500,0.244600,10299.000000
2023.01.01 03:51,0.244600,0.244600,0.244500,0.244500,4511.000000
2023.01.01 03:52,0.244500,0.244600,0.244500,0.244600,56129.000000
2023.01.01 03:53,0.244600,0.244600,0.244500,0.244600,11741.000000
2023.01.01 03:54,0.244600,0.244700,0.244600,0.244700,12897.000000
2023.01.01 03:55,0.244700,0.244700,0.244700,0.244700,102282.000000
2023.01.01 03:56,0.244700,0.244700,0.244700,0.244700,20093.000000
2023.01.01 03:57,0.244700,0.244700,0.244700,0.244700,102521.000000
2023.01.01 03:58,0.244700,0.244700,0.244600,0.244600,9989.000000
2023.01.01 03:59,0.244600,0.244600,0.244600,0.244600,30414.000000
2023.01.01 04:00,0.244600,0.244600,0.244500,0.244600,265.000000
2023.01.01 04:01,0.244600,0.244700,0.244600,0.244600,56221.000000
2023.01.01 04:02,0.244600,0.244600,0.244600,0.244600,488801.000000
2023.01.01 04:03,0.244600,0.244600,0.244500,0.244500,9167.000000
2023.01.01 04:04,0.244500,0.244500,0.244300,0.244400,89480.000000
2023.01.01 04:05,0.244400,0.244400,0.244300,0.244400,17670.000000
2023.01.01 04:06,0.244400,0.244500,0.244400,0.244400,968.000000
2023.01.01 04:07,0.244400,0.244400,0.244400,0.244400,0.000000
2023.01.01 04:08,0.244400,0.244400,0.244400,0.244400,0.000000
2023.01.01 04:09,0.244400,0.244700,0.244400,0.244600,92316.000000
2023.01.01 04:10,0.244600,0.244700,0.244600,0.244700,6536.000000
2023.01.01 04:11,0.244700,0.244700,0.244700,0.244700,42824.000000
2023.01.01 04:12,0.244700,0.244700,0.244600,0.244600,19434.000000
2023.01.01 04:13,0.244600,0.244600,0.244500,0.244500,870.000000
2023.01.01 04:14,0.244500,0.244600,0.244500,0.244600,17244.000000
2023.01.01 04:15,0.244600,0.244600,0.244500,0.244500,182727.000000
2023.01.01 04:16,0.244500,0.244600,0.244500,0.244600,140559.000000
2023.01.01 04:17,0.244600,0.244600,0.244600,0.244600,9391.000000
2023.01.01 04:18,0.244600,0.244700,0.244600,0.244600,2.000000
2023.01.01 04:19,0.244600,0.244600,0.244600,0.244600,4982.000000
2023.01.01 04:20,0.244600,0.244700,0.244600,0.244600,21234.000000
2023.01.01 04:21,0.244600,0.244600,0.244400,0.244400,50161.000000
2023.01.01 04:22,0.244400,0.244500,0.244400,0.244400,30075.000000
2023.01.01 04:23,0.244400,0.244500,0.244400,0.244400,2.000000
2023.01.01 04:24,0.244400,0.244500,0.244400,0.244500,41210.000000
2023.01.01 04:25,0.244500,0.244600,0.244500,0.244600,95276.000000
2023.01.01 04:26,0.244600,0.244600,0.244500,0.244600,1652.000000
2023.01.01 04:27,0.244600,0.244600,0.244500,0.244600,12139.000000
2023.01.01 04:28,0.244600,0.244600,0.244600,0.244600,0.000000
2023.01.01 04:29,0.244600,0.244600,0.244600,0.244600,11747.000000
2023.01.01 04:30,0.244600,0.244600,0.244500,0.244500,930.000000
2023.01.01 04:31,0.244500,0.244500,0.244400,0.244400,16236.000000
2023.01.01 04:32,0.244400,0.244500,0.244400,0.244500,10923.000000
2023.01.01 04:33,0.244500,0.244500,0.244400,0.244500,128737.000000
2023.01.01 04:34,0.244500,0.244500,0.244400,0.244400,2508.000000
2023.01.01 04:35,0.244400,0.244500,0.244400,0.244400,8104.000000
2023.01.01 04:36,0.244400,0.244600,0.244400,0.244600,135723.000000
2023.01.01 04:37,0.244600,0.244600,0.244600,0.244600,20322.000000
2023.01.01 04:38,0.244600,0.244600,0.244500,0.244600,15980.000000
2023.01.01 04:39,0.244600,0.244600,0.244600,0.244600,0.000000
2023.01.01 04:40,0.244600,0.244600,0.244500,0.244600,112852.000000
2023.01.01 04:41,0.244600,0.244800,0.244600,0.244800,88550.000000
2023.01.01 04:42,0.244800,0.244800,0.244800,0.244800,116830.000000
2023.01.01 04:43,0.244800,0.244900,0.244800,0.244900,28274.000000
2023.01.01 04:44,0.244900,0.245000,0.244800,0.244900,434685.000000
2023.01.01 04:45,0.244900,0.244900,0.244800,0.244900,6334.000000
2023.01.01 04:46,0.244900,0.245100,0.244900,0.245100,36346.000000
2023.01.01 04:47,0.245100,0.245100,0.245100,0.245100,6715.000000
2023.01.01 04:48,0.245100,0.245100,0.245000,0.245000,2.000000
2023.01.01 04:49,0.245000,0.245200,0.245000,0.245100,41261.000000
2023.01.01 04:50,0.245100,0.245200,0.245100,0.245200,11497.000000
2023.01.01 04:51,0.245200,0.245200,0.245100,0.245100,11443.000000
2023.01.01 04:52,0.245100,0.245100,0.245100,0.245100,30808.000000
2023.01.01 04:53,0.245100,0.245100,0.245000,0.245100,18210.000000
2023.01.01 04:54,0.245100,0.245100,0.245000,0.245100,5098.000000
2023.01.01 04:55,0.245100,0.245100,0.245000,0.245100,15349.000000
2023.01.01 04:56,0.245100,0.245300,0.245100,0.245200,124885.000000
2023.01.01 04:57,0.245200,0.245400,0.245200,0.245400,25309.000000
2023.01.01 04:58,0.245400,0.245400,0.245400,0.245400,60970.000000
2023.01.01 04:59,0.245400,0.245400,0.245200,0.245200,14171.000000
2023.01.01 05:00,0.245200,0.245300,0.245000,0.245000,123865.000000
2023.01.01 05:01,0.245000,0.245100,0.245000,0.245100,137358.000000
2023.01.01 05:02,0.245100,0.245100,0.245000,0.245000,45029.000000
2023.01.01 05:03,0.245000,0.245100,0.245000,0.245100,5.000000
2023.01.01 05:04,0.245100,0.245100,0.244800,0.244900,42765.000000
2023.01.01 05:05,0.244900,0.244900,0.244800,0.244800,35.000000
2023.01.01 05:06,0.244800,0.244900,0.244800,0.244900,27207.000000
2023.01.01 05:07,0.244900,0.244900,0.244900,0.244900,0.000000
2023.01.01 05:08,0.244900,0.245000,0.244900,0.244900,601.000000
2023.01.01 05:09,0.244900,0.245000,0.244900,0.245000,287.000000
2023.01.01 05:10,0.245000,0.245200,0.245000,0.245200,15973.000000
2023.01.01 05:11,0.245200,0.245300,0.245200,0.245200,290.000000
2023.01.01 05:12,0.245200,0.245200,0.245200,0.245200,0.000000
2023.01.01 05:13,0.245200,0.245500,0.245200,0.245400,218617.000000
2023.01.01 05:14,0.245400,0.245800,0.245400,0.245700,328992.000000
2023.01.01 05:15,0.245700,0.245800,0.245700,0.245700,8070.000000
2023.01.01 05:16,0.245700,0.245800,0.245700,0.245800,133168.000000
2023.01.01 05:17,0.245800,0.245800,0.245600,0.245600,164257.000000
2023.01.01 05:18,0.245600,0.245600,0.245600,0.245600,0.000000
2023.01.01 05:19,0.245600,0.245700,0.245600,0.245700,86839.000000
2023.01.01 05:20,0.245700,0.245800,0.245700,0.245800,20726.000000
2023.01.01 05:21,0.245800,0.245900,0.245700,0.245700,56375.000000
2023.01.01 05:22,0.245700,0.245800,0.245700,0.245800,17092.000000
2023.01.01 05:23,0.245800,0.245800,0.245700,0.245700,16042.000000
2023.01.01 05:24,0.245700,0.245800,0.245700,0.245700,5502.000000
2023.01.01 05:25,0.245700,0.245700,0.245700,0.245700,10277.000000
2023.01.01 05:26,0.245700,0.246000,0.245700,0.246000,16364.000000
2023.01.01 05:27,0.246000,0.246000,0.245900,0.245900,108175.000000
2023.01.01 05:28,0.245900,0.245900,0.245800,0.245800,252.000000
2023.01.01 05:29,0.245800,0.245900,0.245800,0.245900,36.000000
2023.01.01 05:30,0.245900,0.245900,0.245800,0.245900,13245.000000
2023.01.01 05:31,0.245900,0.245900,0.245800,0.245800,7935.000000
2023.01.01 05:32,0.245800,0.245900,0.245800,0.245900,16181.000000
2023.01.01 05:33,0.245900,0.246200,0.245900,0.246100,160704.000000
2023.01.01 05:34,0.246100,0.246200,0.246100,0.246100,43373.000000
2023.01.01 05:35,0.246100,0.246100,0.246100,0.246100,53739.000000
2023.01.01 05:36,0.246100,0.246100,0.246000,0.246000,5066.000000
2023.01.01 05:37,0.246000,0.246100,0.245900,0.245900,73638.000000
2023.01.01 05:38,0.245900,0.246000,0.245900,0.246000,1598.000000
2023.01.01 05:39,0.246000,0.246000,0.245900,0.245900,3994.000000
2023.01.01 05:40,0.245900,0.245900,0.245800,0.245800,134062.000000
2023.01.01 05:41,0.245800,0.245900,0.245800,0.245900,20565.000000
2023.01.01 05:42,0.245900,0.245900,0.245900,0.245900,5312.000000
2023.01.01 05:43,0.245900,0.245900,0.245900,0.245900,28656.000000
2023.01.01 05:44,0.245900,0.245900,0.245800,0.245800,1998.000000
2023.01.01 05:45,0.245800,0.246000,0.245800,0.245900,68331.000000
2023.01.01 05:46,0.245900,0.246000,0.245800,0.245800,60311.000000
2023.01.01 05:47,0.245800,0.245800,0.245800,0.245800,911.000000
2023.01.01 05:48,0.245800,0.245800,0.245700,0.245700,267114.000000
2023.01.01 05:49,0.245700,0.245900,0.245700,0.245800,125341.000000
2023.01.01 05:50,0.245800,0.245800,0.245800,0.245800,92231.000000
2023.01.01 05:51,0.245800,0.245800,0.245800,0.245800,0.000000
2023.01.01 05:52,0.245800,0.245800,0.245700,0.245700,36218.000000
2023.01.01 05:53,0.245700,0.245800,0.245700,0.245700,2.000000
2023.01.01 05:54,0.245700,0.245800,0.245700,0.245700,1720.000000
2023.01.01 05:55,0.245700,0.245800,0.245700,0.245700,7560.000000
2023.01.01 05:56,0.245700,0.245800,0.245700,0.245800,2628.000000
2023.01.01 05:57,0.245800,0.245800,0.245800,0.245800,1.000000
2023.01.01 05:58,0.245800,0.245800,0.245500,0.245600,242531.000000
2023.01.01 05:59,0.245600,0.245600,0.245500,0.245500,1800.000000
2023.01.01 06:00,0.245500,0.245500,0.245500,0.245500,51930.000000
2023.01.01 06:01,0.245500,0.245600,0.245400,0.245500,108353.000000
2023.01.01 06:02,0.245500,0.245500,0.245400,0.245500,91314.000000
2023.01.01 06:03,0.245500,0.245500,0.245400,0.245400,807.000000
2023.01.01 06:04,0.245400,0.245400,0.245400,0.245400,13239.000000
2023.01.01 06:05,0.245400,0.245700,0.245400,0.245700,56830.000000
2023.01.01 06:06,0.245700,0.245800,0.245600,0.245800,32038.000000
2023.01.01 06:07,0.245800,0.245800,0.245600,0.245600,64380.000000
2023.01.01 06:08,0.245600,0.245600,0.245600,0.245600,284.000000
2023.01.01 06:09,0.245600,0.245600,0.245600,0.245600,1000.000000
2023.01.01 06:10,0.245600,0.245600,0.245500,0.245600,14002.000000
2023.01.01 06:11,0.245600,0.245600,0.245500,0.245500,432.000000
2023.01.01 06:12,0.245500,0.245600,0.245500,0.245600,989.000000
2023.01.01 06:13,0.245600,0.245600,0.245600,0.245600,60175.000000
2023.01.01 06:14,0.245600,0.245600,0.245500,0.245500,2002.000000
2023.01.01 06:15,0.245500,0.245600,0.245400,0.245400,17236.000000
2023.01.01 06:16,0.245400,0.245400,0.245300,0.245300,1789.000000
2023.01.01 06:17,0.245300,0.245400,0.245300,0.245300,26103.000000
2023.01.01 06:18,0.245300,0.245300,0.245100,0.245200,32861.000000
2023.01.01 06:19,0.245200,0.245200,0.245200,0.245200,1501.000000
2023.01.01 06:20,0.245200,0.245200,0.245100,0.245100,406.000000
2023.01.01 06:21,0.245100,0.245200,0.245100,0.245200,16254.000000
2023.01.01 06:22,0.245200,0.245400,0.245200,0.245400,7104.000000
2023.01.01 06:23,0.245400,0.245400,0.245300,0.245300,289.000000
2023.01.01 06:24,0.245300,0.245400,0.245300,0.245300,19656.000000
2023.01.01 06:25,0.245300,0.245300,0.245300,0.245300,0.000000
2023.01.01 06:26,0.245300,0.245300,0.245200,0.245200,2.000000
2023.01.01 06:27,0.245200,0.245200,0.245100,0.245200,138912.000000
2023.01.01 06:28,0.245200,0.245300,0.245200,0.245200,2.000000
2023.01.01 06:29,0.245200,0.245200,0.245200,0.245200,0.000000
2023.01.01 06:30,0.245200,0.245300,0.245200,0.245300,3008.000000
2023.01.01 06:31,0.245300,0.245300,0.245200,0.245200,2.000000
2023.01.01 06:32,0.245200,0.245200,0.245200,0.245200,0.000000
2023.01.01 06:33,0.245200,0.245300,0.245200,0.245300,40854.000000
2023.01.01 06:34,0.245300,0.245300,0.245300,0.245300,0.000000
2023.01.01 06:35,0.245300,0.245400,0.245300,0.245300,2.000000
2023.01.01 06:36,0.245300,0.245400,0.245300,0.245400,2670.000000
2023.01.01 06:37,0.245400,0.245400,0.245400,0.245400,15557.000000
2023.01.01 06:38,0.245400,0.245400,0.245400,0.245400,6138.000000
2023.01.01 06:39,0.245400,0.245500,0.245400,0.245400,5.000000
2023.01.01 06:40,0.245400,0.245400,0.245400,0.245400,12354.000000
2023.01.01 06:41,0.245400,0.245400,0.245400,0.245400,0.000000
2023.01.01 06:42,0.245400,0.245400,0.245300,0.245300,371.000000
2023.01.01 06:43,0.245300,0.245400,0.245300,0.245400,16373.000000
2023.01.01 06:44,0.245400,0.245500,0.245400,0.245500,1.000000
2023.01.01 06:45,0.245500,0.245500,0.245400,0.245400,99.000000
2023.01.01 06:46,0.245400,0.245500,0.245400,0.245500,82593.000000
2023.01.01 06:47,0.245500,0.245500,0.245400,0.245400,178.000000
2023.01.01 06:48,0.245400,0.245500,0.245400,0.245500,3.000000
2023.01.01 06:49,0.245500,0.245500,0.245400,0.245400,2336.000000
2023.01.01 06:50,0.245400,0.245500,0.245300,0.245300,43108.000000
2023.01.01 06:51,0.245300,0.245300,0.245200,0.245200,2.000000
2023.01.01 06:52,0.245200,0.245200,0.245200,0.245200,0.000000
2023.01.01 06:53,0.245200,0.245300,0.245200,0.245200,2510.000000
2023.01.01 06:54,0.245200,0.245500,0.245200,0.245500,114361.000000
2023.01.01 06:55,0.245500,0.245500,0.245500,0.245500,11788.000000
2023.01.01 06:56,0.245500,0.245500,0.245400,0.245400,146087.000000
2023.01.01 06:57,0.245400,0.245400,0.245400,0.245400,0.000000
2023.01.01 06:58,0.245400,0.245500,0.245400,0.245400,2.000000
2023.01.01 06:59,0.245400,0.245400,0.245400,0.245400,2315.000000
2023.01.01 07:00,0.245400,0.245500,0.245400,0.245500,94267.000000
2023.01.01 07:01,0.245500,0.245500,0.245300,0.245300,75858.000000
2023.01.01 07:02,0.245300,0.245300,0.245300,0.245300,19516.000000
2023.01.01 07:03,0.245300,0.245400,0.245300,0.245300,36709.000000
2023.01.01 07:04,0.245300,0.245400,0.245300,0.245300,2.000000
2023.01.01 07:05,0.245300,0.245300,0.245300,0.245300,0.000000
2023.01.01 07:06,0.245300,0.245300,0.245300,0.245300,50461.000000
2023.01.01 07:07,0.245300,0.245300,0.245100,0.245100,114497.000000
2023.01.01 07:08,0.245100,0.245100,0.244900,0.245000,114039.000000
2023.01.01 07:09,0.245000,0.245000,0.244900,0.244900,120127.000000
2023.01.01 07:10,0.244900,0.244900,0.244800,0.244900,171979.000000
2023.01.01 07:11,0.244900,0.244900,0.244800,0.244800,2859.000000
2023.01.01 07:12,0.244800,0.244900,0.244800,0.244900,54644.000000
2023.01.01 07:13,0.244900,0.245000,0.244900,0.244900,69573.000000
2023.01.01 07:14,0.244900,0.244900,0.244800,0.244800,40907.000000
2023.01.01 07:15,0.244800,0.244900,0.244800,0.244900,260.000000
2023.01.01 07:16,0.244900,0.244900,0.244700,0.244700,139738.000000
2023.01.01 07:17,0.244700,0.244700,0.244700,0.244700,0.000000
2023.01.01 07:18,0.244700,0.244800,0.244700,0.244700,24.000000
2023.01.01 07:19,0.244700,0.244900,0.244500,0.244500,123205.000000
2023.01.01 07:20,0.244500,0.244500,0.244400,0.244500,576125.000000
2023.01.01 07:21,0.244500,0.244600,0.244400,0.244600,183514.000000
2023.01.01 07:22,0.244600,0.244600,0.244600,0.244600,31197.000000
2023.01.01 07:23,0.244600,0.244700,0.244600,0.244600,1566.000000
2023.01.01 07:24,0.244600,0.244700,0.244600,0.244700,2443.000000
2023.01.01 07:25,0.244700,0.244700,0.244600,0.244600,1002.000000
2023.01.01 07:26,0.244600,0.244800,0.244600,0.244700,2223.000000
2023.01.01 07:27,0.244700,0.244800,0.244700,0.244800,2709.000000
2023.01.01 07:28,0.244800,0.244800,0.244800,0.244800,2288.000000
2023.01.01 07:29,0.244800,0.244800,0.244700,0.244800,32119.000000
2023.01.01 07:30,0.244800,0.244800,0.244700,0.244700,3096.000000
2023.01.01 07:31,0.244700,0.244700,0.244700,0.244700,0.000000
2023.01.01 07:32,0.244700,0.244800,0.244700,0.244800,300.000000
2023.01.01 07:33,0.244800,0.244800,0.244700,0.244700,3155.000000
2023.01.01 07:34,0.244700,0.244700,0.244700,0.244700,0.000000
2023.01.01 07:35,0.244700,0.244900,0.244700,0.244800,14988.000000
2023.01.01 07:36,0.244800,0.244800,0.244800,0.244800,0.000000
2023.01.01 07:37,0.244800,0.244900,0.244800,0.244900,2.000000
2023.01.01 07:38,0.244900,0.244900,0.244800,0.244900,15799.000000
2023.01.01 07:39,0.244900,0.244900,0.244800,0.244800,1.000000
2023.01.01 07:40,0.244800,0.244800,0.244800,0.244800,18957.000000
2023.01.01 07:41,0.244800,0.244900,0.244800,0.244800,57540.000000
2023.01.01 07:42,0.244800,0.244800,0.244800,0.244800,106760.000000
2023.01.01 07:43,0.244800,0.244800,0.244700,0.244700,948.000000
2023.01.01 07:44,0.244700,0.244700,0.244600,0.244600,13747.000000
2023.01.01 07:45,0.244600,0.244600,0.244500,0.244600,12285.000000
2023.01.01 07:46,0.244600,0.244600,0.244500,0.244500,2.000000
2023.01.01 07:47,0.244500,0.244600,0.244500,0.244600,15357.000000
2023.01.01 07:48,0.244600,0.244600,0.244600,0.244600,17.000000
2023.01.01 07:49,0.244600,0.244600,0.244600,0.244600,0.000000
2023.01.01 07:50,0.244600,0.244700,0.244500,0.244700,32138.000000
2023.01.01 07:51,0.244700,0.244800,0.244700,0.244700,92.000000
2023.01.01 07:52,0.244700,0.244700,0.244700,0.244700,42205.000000
2023.01.01 07:53,0.244700,0.244700,0.244600,0.244600,1008.000000
2023.01.01 07:54,0.244600,0.244700,0.244600,0.244600,40502.000000
2023.01.01 07:55,0.244600,0.244600,0.244600,0.244600,0.000000
2023.01.01 07:56,0.244600,0.244700,0.244600,0.244600,2023.000000
2023.01.01 07:57,0.244600,0.244700,0.244600,0.244700,32367.000000
2023.01.01 07:58,0.244700,0.244700,0.244600,0.244600,305.000000
2023.01.01 07:59,0.244600,0.244600,0.244500,0.244500,10927.000000
2023.01.01 08:00,0.244500,0.244600,0.244500,0.244500,174.000000
2023.01.01 08:01,0.244500,0.244500,0.244500,0.244500,35000.000000
2023.01.01 08:02,0.244500,0.244600,0.244500,0.244500,1188.000000
2023.01.01 08:03,0.244500,0.244600,0.244500,0.244500,3.000000
2023.01.01 08:04,0.244500,0.244600,0.244500,0.244500,12205.000000
2023.01.01 08:05,0.244500,0.244600,0.244500,0.244600,27003.000000
2023.01.01 08:06,0.244600,0.244700,0.244600,0.244600,17501.000000
2023.01.01 08:07,0.244600,0.244800,0.244600,0.244800,19138.000000
2023.01.01 08:08,0.244800,0.244800,0.244700,0.244800,5939.000000
2023.01.01 08:09,0.244800,0.244800,0.244800,0.244800,4750.000000
2023.01.01 08:10,0.244800,0.244800,0.244700,0.244700,33554.000000
2023.01.01 08:11,0.244700,0.244700,0.244600,0.244700,9043.000000
2023.01.01 08:12,0.244700,0.245000,0.244700,0.245000,417044.000000
2023.01.01 08:13,0.245000,0.245000,0.244900,0.245000,23042.000000
2023.01.01 08:14,0.245000,0.245100,0.245000,0.245000,9875.000000
2023.01.01 08:15,0.245000,0.245200,0.245000,0.245200,247082.000000
2023.01.01 08:16,0.245200,0.245200,0.245100,0.245100,9454.000000
2023.01.01 08:17,0.245100,0.245200,0.245100,0.245200,1120.000000
2023.01.01 08:18,0.245200,0.245200,0.245100,0.245200,391.000000
2023.01.01 08:19,0.245200,0.245200,0.245000,0.245000,18958.000000
2023.01.01 08:20,0.245000,0.245000,0.244900,0.244900,105.000000
2023.01.01 08:21,0.244900,0.244900,0.244900,0.244900,8377.000000
2023.01.01 08:22,0.244900,0.244900,0.244900,0.244900,96180.000000
2023.01.01 08:23,0.244900,0.244900,0.244800,0.244900,3.000000
2023.01.01 08:24,0.244900,0.245000,0.244800,0.245000,25545.000000
2023.01.01 08:25,0.245000,0.245100,0.245000,0.245000,2.000000
2023.01.01 08:26,0.245000,0.245100,0.245000,0.245100,1005.000000
2023.01.01 08:27,0.245100,0.245100,0.245000,0.245100,24739.000000
2023.01.01 08:28,0.245100,0.245100,0.245000,0.245000,2.000000
2023.01.01 08:29,0.245000,0.245000,0.245000,0.245000,200.000000
2023.01.01 08:30,0.245000,0.245000,0.245000,0.245000,0.000000
2023.01.01 08:31,0.245000,0.245100,0.244900,0.244900,13535.000000
2023.01.01 08:32,0.244900,0.244900,0.244900,0.244900,4899.000000
2023.01.01 08:33,0.244900,0.245000,0.244900,0.244900,3.000000
2023.01.01 08:34,0.244900,0.245000,0.244900,0.245000,57813.000000
2023.01.01 08:35,0.245000,0.245000,0.244900,0.244900,19861.000000
2023.01.01 08:36,0.244900,0.245000,0.244900,0.245000,7004.000000
2023.01.01 08:37,0.245000,0.245000,0.245000,0.245000,0.000000
2023.01.01 08:38,0.245000,0.245000,0.245000,0.245000,1.000000
2023.01.01 08:39,0.245000,0.245000,0.244800,0.244800,17177.000000
2023.01.01 08:40,0.244800,0.244900,0.244600,0.244600,89960.000000
2023.01.01 08:41,0.244600,0.244700,0.244500,0.244600,18524.000000
2023.01.01 08:42,0.244600,0.244600,0.244500,0.244500,75614.000000
2023.01.01 08:43,0.244500,0.244500,0.244400,0.244400,45658.000000
2023.01.01 08:44,0.244400,0.244600,0.244400,0.244600,17021.000000
2023.01.01 08:45,0.244600,0.244700,0.244600,0.244600,603.000000
2023.01.01 08:46,0.244600,0.244800,0.244600,0.244800,38189.000000
2023.01.01 08:47,0.244800,0.244900,0.244800,0.244900,2082.000000
2023.01.01 08:48,0.244900,0.244900,0.244800,0.244800,5550.000000
2023.01.01 08:49,0.244800,0.244800,0.244800,0.244800,167.000000
2023.01.01 08:50,0.244800,0.244900,0.244800,0.244900,3966.000000
2023.01.01 08:51,0.244900,0.244900,0.244900,0.244900,0.000000
2023.01.01 08:52,0.244900,0.244900,0.244900,0.244900,95423.000000
2023.01.01 08:53,0.244900,0.245000,0.244800,0.245000,204034.000000
2023.01.01 08:54,0.245000,0.245000,0.244900,0.244900,9396.000000
2023.01.01 08:55,0.244900,0.244900,0.244600,0.244600,346797.000000
2023.01.01 08:56,0.244600,0.244700,0.244600,0.244600,7789.000000
2023.01.01 08:57,0.244600,0.244700,0.244600,0.244700,729.000000
2023.01.01 08:58,0.244700,0.244700,0.244600,0.244700,3263.000000
2023.01.01 08:59,0.244700,0.244700,0.244600,0.244600,180.000000
2023.01.01 09:00,0.244600,0.244800,0.244600,0.244800,94396.000000
2023.01.01 09:01,0.244800,0.244900,0.244800,0.244800,2.000000
2023.01.01 09:02,0.244800,0.244900,0.244800,0.244900,21623.000000
2023.01.01 09:03,0.244900,0.244900,0.244800,0.244800,3558.000000
2023.01.01 09:04,0.244800,0.244900,0.244800,0.244900,2650.000000
2023.01.01 09:05,0.244900,0.244900,0.244800,0.244900,1379.000000
2023.01.01 09:06,0.244900,0.244900,0.244800,0.244800,507.000000
2023.01.01 09:07,0.244800,0.244800,0.244800,0.244800,10175.000000
2023.01.01 09:08,0.244800,0.244800,0.244800,0.244800,88414.000000
2023.01.01 09:09,0.244800,0.244900,0.244800,0.244800,2.000000
2023.01.01 09:10,0.244800,0.244800,0.244800,0.244800,8747.000000
2023.01.01 09:11,0.244800,0.244800,0.244800,0.244800,0.000000
2023.01.01 09:12,0.244800,0.244800,0.244800,0.244800,0.000000
2023.01.01 09:13,0.244800,0.244900,0.244800,0.244800,2.000000
2023.01.01 09:14,0.244800,0.244800,0.244800,0.244800,0.000000
2023.01.01 09:15,0.244800,0.244900,0.244800,0.244900,169.000000
2023.01.01 09:16,0.244900,0.244900,0.244900,0.244900,5666.000000
2023.01.01 09:17,0.244900,0.244900,0.244900,0.244900,0.000000
2023.01.01 09:18,0.244900,0.244900,0.244800,0.244900,70963.000000
2023.01.01 09:19,0.244900,0.245000,0.244900,0.245000,1.000000
2023.01.01 09:20,0.245000,0.245000,0.244900,0.244900,19884.000000
2023.01.01 09:21,0.244900,0.244900,0.244700,0.244700,17943.000000
2023.01.01 09:22,0.244700,0.244700,0.244700,0.244700,3082.000000
2023.01.01 09:23,0.244700,0.244800,0.244700,0.244700,4.000000
2023.01.01 09:24,0.244700,0.244800,0.244700,0.244700,75623.000000
2023.01.01 09:25,0.244700,0.244700,0.244700,0.244700,4608.000000
2023.01.01 09:26,0.244700,0.244800,0.244700,0.244700,2.000000
2023.01.01 09:27,0.244700,0.244800,0.244700,0.244800,500.000000
2023.01.01 09:28,0.244800,0.244900,0.244800,0.244900,59821.000000
2023.01.01 09:29,0.244900,0.244900,0.244900,0.244900,0.000000
2023.01.01 09:30,0.244900,0.244900,0.244900,0.244900,0.000000
2023.01.01 09:31,0.244900,0.244900,0.244800,0.244800,2.000000
2023.01.01 09:32,0.244800,0.244800,0.244800,0.244800,0.000000
2023.01.01 09:33,0.244800,0.244800,0.244700,0.244700,124387.000000
2023.01.01 09:34,0.244700,0.244700,0.244600,0.244600,402.000000
2023.01.01 09:35,0.244600,0.244600,0.244400,0.244400,235820.000000
2023.01.01 09:36,0.244400,0.244400,0.244400,0.244400,7754.000000
2023.01.01 09:37,0.244400,0.244400,0.244300,0.244400,1070.000000
2023.01.01 09:38,0.244400,0.244400,0.244300,0.244400,48569.000000
2023.01.01 09:39,0.244400,0.244400,0.244300,0.244400,5259.000000
2023.01.01 09:40,0.244400,0.244400,0.244300,0.244400,3490.000000
2023.01.01 09:41,0.244400,0.244500,0.244300,0.244500,85504.000000
2023.01.01 09:42,0.244500,0.244600,0.244500,0.244500,1546.000000
2023.01.01 09:43,0.244500,0.244600,0.244500,0.244500,764.000000
2023.01.01 09:44,0.244500,0.244500,0.244500,0.244500,11815.000000
2023.01.01 09:45,0.244500,0.244600,0.244500,0.244500,1223.000000
2023.01.01 09:46,0.244500,0.244600,0.244500,0.244500,3573.000000
2023.01.01 09:47,0.244500,0.244500,0.244500,0.244500,66236.000000
2023.01.01 09:48,0.244500,0.244500,0.244400,0.244400,4544.000000
2023.01.01 09:49,0.244400,0.244500,0.244400,0.244500,5227.000000
2023.01.01 09:50,0.244500,0.244500,0.244400,0.244400,284.000000
2023.01.01 09:51,0.244400,0.244500,0.244400,0.244400,8555.000000
2023.01.01 09:52,0.244400,0.244500,0.244400,0.244400,1520.000000
2023.01.01 09:53,0.244400,0.244500,0.244400,0.244500,237.000000
2023.01.01 09:54,0.244500,0.244500,0.244400,0.244400,4746.000000
2023.01.01 09:55,0.244400,0.244500,0.244400,0.244400,6603.000000
2023.01.01 09:56,0.244400,0.244500,0.244400,0.244400,9145.000000
2023.01.01 09:57,0.244400,0.244500,0.244400,0.244500,1.000000
2023.01.01 09:58,0.244500,0.244500,0.244400,0.244500,26526.000000
2023.01.01 09:59,0.244500,0.244600,0.244500,0.244500,773.000000
2023.01.01 10:00,0.244500,0.244600,0.244500,0.244500,15351.000000
2023.01.01 10:01,0.244500,0.244600,0.244500,0.244500,306.000000
2023.01.01 10:02,0.244500,0.244800,0.244500,0.244800,103465.000000
2023.01.01 10:03,0.244800,0.244800,0.244600,0.244600,51795.000000
2023.01.01 10:04,0.244600,0.244600,0.244600,0.244600,2.000000
2023.01.01 10:05,0.244600,0.244600,0.244500,0.244500,58641.000000
2023.01.01 10:06,0.244500,0.244500,0.244400,0.244500,17581.000000
2023.01.01 10:07,0.244500,0.244600,0.244500,0.244600,2171.000000
2023.01.01 10:08,0.244600,0.244700,0.244500,0.244700,197820.000000
2023.01.01 10:09,0.244700,0.244700,0.244600,0.244600,149725.000000
2023.01.01 10:10,0.244600,0.244700,0.244600,0.244700,40.000000
2023.01.01 10:11,0.244700,0.244700,0.244500,0.244500,7945.000000
2023.01.01 10:12,0.244500,0.244700,0.244500,0.244700,52852.000000
2023.01.01 10:13,0.244700,0.244800,0.244700,0.244700,2.000000
2023.01.01 10:14,0.244700,0.244700,0.244700,0.244700,0.000000
2023.01.01 10:15,0.244700,0.244800,0.244700,0.244800,3448.000000
2023.01.01 10:16,0.244800,0.244800,0.244500,0.244500,33431.000000
2023.01.01 10:17,0.244500,0.244500,0.244500,0.244500,101742.000000
2023.01.01 10:18,0.244500,0.244500,0.244500,0.244500,5.000000
2023.01.01 10:19,0.244500,0.244600,0.244500,0.244500,279.000000
2023.01.01 10:20,0.244500,0.244600,0.244500,0.244500,17422.000000
2023.01.01 10:21,0.244500,0.244600,0.244500,0.244500,2.000000
2023.01.01 10:22,0.244500,0.244500,0.244500,0.244500,0.000000
2023.01.01 10:23,0.244500,0.244600,0.244500,0.244600,1051.000000
2023.01.01 10:24,0.244600,0.244700,0.244600,0.244600,427728.000000
2023.01.01 10:25,0.244600,0.244600,0.244600,0.244600,122.000000
2023.01.01 10:26,0.244600,0.244600,0.244600,0.244600,0.000000
2023.01.01 10:27,0.244600,0.244700,0.244600,0.244700,1861.000000
2023.01.01 10:28,0.244700,0.244800,0.244700,0.244800,59716.000000
2023.01.01 10:29,0.244800,0.244900,0.244800,0.244900,13568.000000
2023.01.01 10:30,0.244900,0.245000,0.244800,0.244900,75084.000000
2023.01.01 10:31,0.244900,0.244900,0.244900,0.244900,24340.000000
2023.01.01 10:32,0.244900,0.244900,0.244900,0.244900,2522.000000
2023.01.01 10:33,0.244900,0.244900,0.244800,0.244900,6028.000000
2023.01.01 10:34,0.244900,0.244900,0.244900,0.244900,0.000000
2023.01.01 10:35,0.244900,0.244900,0.244800,0.244800,1713.000000
2023.01.01 10:36,0.244800,0.244800,0.244800,0.244800,0.000000
2023.01.01 10:37,0.244800,0.244800,0.244800,0.244800,3244.000000
2023.01.01 10:38,0.244800,0.244800,0.244800,0.244800,1.000000
2023.01.01 10:39,0.244800,0.244900,0.244700,0.244900,6113.000000
2023.01.01 10:40,0.244900,0.244900,0.244900,0.244900,0.000000
2023.01.01 10:41,0.244900,0.244900,0.244800,0.244900,10023.000000
2023.01.01 10:42,0.244900,0.244900,0.244800,0.244900,17672.000000
2023.01.01 10:43,0.244900,0.244900,0.244900,0.244900,0.000000
2023.01.01 10:44,0.244900,0.244900,0.244900,0.244900,0.000000
2023.01.01 10:45,0.244900,0.245000,0.244900,0.244900,62.000000
2023.01.01 10:46,0.244900,0.245000,0.244900,0.244900,3019.000000
2023.01.01 10:47,0.244900,0.244900,0.244900,0.244900,0.000000
2023.01.01 10:48,0.244900,0.245300,0.244900,0.245200,987968.000000
2023.01.01 10:49,0.245200,0.245200,0.245100,0.245200,600.000000
2023.01.01 10:50,0.245200,0.245200,0.245200,0.245200,458.000000
2023.01.01 10:51,0.245200,0.245200,0.245200,0.245200,0.000000
2023.01.01 10:52,0.245200,0.245200,0.245100,0.245100,621992.000000
2023.01.01 10:53,0.245100,0.245100,0.245000,0.245000,2.000000
2023.01.01 10:54,0.245000,0.245000,0.245000,0.245000,0.000000
2023.01.01 10:55,0.245000,0.245100,0.245000,0.245000,32140.000000
2023.01.01 10:56,0.245000,0.245100,0.245000,0.245100,8566.000000
2023.01.01 10:57,0.245100,0.245200,0.245100,0.245200,9245.000000
2023.01.01 10:58,0.245200,0.245200,0.245100,0.245100,3.000000
2023.01.01 10:59,0.245100,0.245100,0.245100,0.245100,0.000000
2023.01.01 11:00,0.245100,0.245100,0.245100,0.245100,134835.000000
2023.01.01 11:01,0.245100,0.245200,0.245100,0.245100,48370.000000
2023.01.01 11:02,0.245100,0.245200,0.245100,0.245200,49837.000000
2023.01.01 11:03,0.245200,0.245300,0.245200,0.245200,51941.000000
2023.01.01 11:04,0.245200,0.245400,0.245200,0.245400,36029.000000
2023.01.01 11:05,0.245400,0.245400,0.245300,0.245400,14764.000000
2023.01.01 11:06,0.245400,0.245400,0.245200,0.245200,150910.000000
2023.01.01 11:07,0.245200,0.245300,0.245100,0.245100,11042.000000
2023.01.01 11:08,0.245100,0.245100,0.245100,0.245100,3.000000
2023.01.01 11:09,0.245100,0.245200,0.245100,0.245200,28.000000
2023.01.01 11:10,0.245200,0.245200,0.245100,0.245200,19588.000000
2023.01.01 11:11,0.245200,0.245200,0.245100,0.245100,1158.000000
2023.01.01 11:12,0.245100,0.245100,0.245100,0.245100,2610.000000
2023.01.01 11:13,0.245100,0.245100,0.245100,0.245100,4018.000000
2023.01.01 11:14,0.245100,0.245100,0.245000,0.245000,3853.000000
2023.01.01 11:15,0.245000,0.245100,0.245000,0.245100,19.000000
2023.01.01 11:16,0.245100,0.245100,0.245100,0.245100,253.000000
2023.01.01 11:17,0.245100,0.245100,0.245100,0.245100,12092.000000
2023.01.01 11:18,0.245100,0.245200,0.245100,0.245100,1325.000000
2023.01.01 11:19,0.245100,0.245200,0.245100,0.245200,381.000000
2023.01.01 11:20,0.245200,0.245200,0.245100,0.245100,3.000000
2023.01.01 11:21,0.245100,0.245100,0.245100,0.245100,0.000000
2023.01.01 11:22,0.245100,0.245100,0.245000,0.245000,13475.000000
2023.01.01 11:23,0.245000,0.245000,0.244900,0.244900,7.000000
2023.01.01 11:24,0.244900,0.245000,0.244900,0.245000,2861.000000
2023.01.01 11:25,0.245000,0.245000,0.245000,0.245000,13900.000000
2023.01.01 11:26,0.245000,0.245100,0.245000,0.245000,63015.000000
2023.01.01 11:27,0.245000,0.245000,0.245000,0.245000,0.000000
2023.01.01 11:28,0.245000,0.245100,0.245000,0.245000,1926.000000
2023.01.01 11:29,0.245000,0.245000,0.245000,0.245000,0.000000
2023.01.01 11:30,0.245000,0.245000,0.245000,0.245000,14304.000000
2023.01.01 11:31,0.245000,0.245000,0.244900,0.244900,17254.000000
2023.01.01 11:32,0.244900,0.245000,0.244900,0.245000,10044.000000
2023.01.01 11:33,0.245000,0.245100,0.245000,0.245000,62402.000000
2023.01.01 11:34,0.245000,0.245000,0.244900,0.245000,8084.000000
2023.01.01 11:35,0.245000,0.245000,0.244900,0.244900,4.000000
2023.01.01 11:36,0.244900,0.245000,0.244900,0.244900,25399.000000
2023.01.01 11:37,0.244900,0.245000,0.244900,0.244900,61146.000000
2023.01.01 11:38,0.244900,0.245000,0.244900,0.245000,54038.000000
2023.01.01 11:39,0.245000,0.245000,0.244900,0.244900,21410.000000
2023.01.01 11:40,0.244900,0.244900,0.244900,0.244900,1500.000000
2023.01.01 11:41,0.244900,0.245000,0.244900,0.245000,28263.000000
2023.01.01 11:42,0.245000,0.245000,0.245000,0.245000,23526.000000
2023.01.01 11:43,0.245000,0.245000,0.244900,0.244900,9088.000000
2023.01.01 11:44,0.244900,0.244900,0.244900,0.244900,1313.000000
2023.01.01 11:45,0.244900,0.244900,0.244800,0.244800,21865.000000
2023.01.01 11:46,0.244800,0.244800,0.244700,0.244800,23966.000000
2023.01.01 11:47,0.244800,0.244800,0.244700,0.244700,8304.000000
2023.01.01 11:48,0.244700,0.244800,0.244700,0.244800,1318.000000
2023.01.01 11:49,0.244800,0.244800,0.244700,0.244800,8470.000000
2023.01.01 11:50,0.244800,0.244800,0.244800,0.244800,0.000000
2023.01.01 11:51,0.244800,0.244800,0.244600,0.244600,45347.000000
2023.01.01 11:52,0.244600,0.244700,0.244600,0.244700,44.000000
2023.01.01 11:53,0.244700,0.244700,0.244500,0.244500,37658.000000
2023.01.01 11:54,0.244500,0.244700,0.244500,0.244700,14645.000000
2023.01.01 11:55,0.244700,0.244700,0.244600,0.244600,11811.000000
2023.01.01 11:56,0.244600,0.244600,0.244400,0.244400,102840.000000
2023.01.01 11:57,0.244400,0.244500,0.244400,0.244500,20005.000000
2023.01.01 11:58,0.244500,0.244500,0.244400,0.244400,74835.000000
2023.01.01 11:59,0.244400,0.244400,0.244400,0.244400,442.000000
2023.01.01 12:00,0.244400,0.244400,0.244300,0.244300,103481.000000
2023.01.01 12:01,0.244300,0.244400,0.244300,0.244300,8861.000000
2023.01.01 12:02,0.244300,0.244400,0.244300,0.244300,11792.000000
2023.01.01 12:03,0.244300,0.244400,0.243500,0.243700,1615796.000000
2023.01.01 12:04,0.243700,0.243700,0.243600,0.243600,153481.000000
2023.01.01 12:05,0.243600,0.243800,0.243600,0.243600,230559.000000
2023.01.01 12:06,0.243600,0.243800,0.243600,0.243800,60364.000000
2023.01.01 12:07,0.243800,0.243800,0.243700,0.243800,6510.000000
2023.01.01 12:08,0.243800,0.244000,0.243700,0.244000,42850.000000
2023.01.01 12:09,0.244000,0.244000,0.243900,0.243900,5852.000000
2023.01.01 12:10,0.243900,0.244000,0.243900,0.243900,6759.000000
2023.01.01 12:11,0.243900,0.244000,0.243900,0.244000,404.000000
2023.01.01 12:12,0.244000,0.244000,0.244000,0.244000,15378.000000
2023.01.01 12:13,0.244000,0.244000,0.243900,0.243900,21309.000000
2023.01.01 12:14,0.243900,0.244000,0.243900,0.244000,4053.000000
2023.01.01 12:15,0.244000,0.244100,0.244000,0.244000,17592.000000
2023.01.01 12:16,0.244000,0.244100,0.244000,0.244100,16376.000000
2023.01.01 12:17,0.244100,0.244200,0.244100,0.244200,2780.000000
2023.01.01 12:18,0.244200,0.244200,0.244100,0.244100,82423.000000
2023.01.01 12:19,0.244100,0.244200,0.244100,0.244200,798.000000
2023.01.01 12:20,0.244200,0.244300,0.244100,0.244300,1818.000000
2023.01.01 12:21,0.244300,0.244500,0.244200,0.244500,67746.000000
2023.01.01 12:22,0.244500,0.244500,0.244500,0.244500,2211.000000
2023.01.01 12:23,0.244500,0.244500,0.244400,0.244400,9970.000000
2023.01.01 12:24,0.244400,0.244400,0.244400,0.244400,613.000000
2023.01.01 12:25,0.244400,0.244500,0.244400,0.244500,156714.000000
2023.01.01 12:26,0.244500,0.244500,0.244400,0.244400,7067.000000
2023.01.01 12:27,0.244400,0.244500,0.244400,0.244400,1303.000000
2023.01.01 12:28,0.244400,0.244400,0.244200,0.244200,213115.000000
2023.01.01 12:29,0.244200,0.244200,0.244100,0.244200,8743.000000
2023.01.01 12:30,0.244200,0.244300,0.244200,0.244300,2019.000000
2023.01.01 12:31,0.244300,0.244300,0.244200,0.244300,19005.000000
2023.01.01 12:32,0.244300,0.244300,0.244200,0.244300,8661.000000
2023.01.01 12:33,0.244300,0.244400,0.244300,0.244400,16931.000000
2023.01.01 12:34,0.244400,0.244800,0.244400,0.244800,37175.000000
2023.01.01 12:35,0.244800,0.244800,0.244600,0.244700,39985.000000
2023.01.01 12:36,0.244700,0.244700,0.244700,0.244700,0.000000
2023.01.01 12:37,0.244700,0.244700,0.244600,0.244600,1022.000000
2023.01.01 12:38,0.244600,0.244700,0.244600,0.244700,6767.000000
2023.01.01 12:39,0.244700,0.244700,0.244600,0.244700,3759.000000
2023.01.01 12:40,0.244700,0.244700,0.244600,0.244700,13552.000000
2023.01.01 12:41,0.244700,0.244700,0.244600,0.244600,6661.000000
2023.01.01 12:42,0.244600,0.244800,0.244600,0.244800,42208.000000
2023.01.01 12:43,0.244800,0.244900,0.244700,0.244900,25560.000000
2023.01.01 12:44,0.244900,0.245000,0.244900,0.245000,42024.000000
2023.01.01 12:45,0.245000,0.245000,0.244700,0.244900,109751.000000
2023.01.01 12:46,0.244900,0.244900,0.244800,0.244800,35007.000000
2023.01.01 12:47,0.244800,0.245000,0.244800,0.245000,8217.000000
2023.01.01 12:48,0.245000,0.245000,0.244900,0.244900,56699.000000
2023.01.01 12:49,0.244900,0.245000,0.244900,0.245000,9971.000000
2023.01.01 12:50,0.245000,0.245000,0.244900,0.245000,13906.000000
2023.01.01 12:51,0.245000,0.245100,0.245000,0.245000,59362.000000
2023.01.01 12:52,0.245000,0.245000,0.245000,0.245000,0.000000
2023.01.01 12:53,0.245000,0.245000,0.245000,0.245000,9.000000
2023.01.01 12:54,0.245000,0.245100,0.245000,0.245100,142119.000000
2023.01.01 12:55,0.245100,0.245100,0.245000,0.245100,22927.000000
2023.01.01 12:56,0.245100,0.245100,0.245000,0.245100,13784.000000
2023.01.01 12:57,0.245100,0.245100,0.245000,0.245100,1012.000000
2023.01.01 12:58,0.245100,0.245200,0.245100,0.245100,19900.000000
2023.01.01 12:59,0.245100,0.245300,0.245100,0.245300,36554.000000
2023.01.01 13:00,0.245300,0.245300,0.245200,0.245200,198342.000000
2023.01.01 13:01,0.245200,0.245200,0.245000,0.245000,97093.000000
2023.01.01 13:02,0.245000,0.245100,0.245000,0.245000,2.000000
2023.01.01 13:03,0.245000,0.245100,0.245000,0.245000,53551.000000
2023.01.01 13:04,0.245000,0.245100,0.245000,0.245000,59432.000000
2023.01.01 13:05,0.245000,0.245100,0.245000,0.245100,862.000000
2023.01.01 13:06,0.245100,0.245100,0.245000,0.245000,185.000000
2023.01.01 13:07,0.245000,0.245100,0.245000,0.245100,7809.000000
2023.01.01 13:08,0.245100,0.245100,0.245000,0.245000,9502.000000
2023.01.01 13:09,0.245000,0.245100,0.245000,0.245100,531.000000
2023.01.01 13:10,0.245100,0.245100,0.245100,0.245100,0.000000
2023.01.01 13:11,0.245100,0.245100,0.244900,0.244900,23386.000000
2023.01.01 13:12,0.244900,0.244900,0.244900,0.244900,21008.000000
2023.01.01 13:13,0.244900,0.245000,0.244900,0.245000,6018.000000
2023.01.01 13:14,0.245000,0.245000,0.245000,0.245000,82.000000
2023.01.01 13:15,0.245000,0.245000,0.244900,0.245000,34326.000000
2023.01.01 13:16,0.245000,0.245100,0.245000,0.245100,982.000000
2023.01.01 13:17,0.245100,0.245100,0.245100,0.245100,7973.000000
2023.01.01 13:18,0.245100,0.245100,0.245100,0.245100,2618.000000
2023.01.01 13:19,0.245100,0.245100,0.245000,0.245100,17564.000000
2023.01.01 13:20,0.245100,0.245100,0.245000,0.245100,5277.000000
2023.01.01 13:21,0.245100,0.245100,0.245100,0.245100,0.000000
2023.01.01 13:22,0.245100,0.245100,0.245000,0.245000,1175.000000
2023.01.01 13:23,0.245000,0.245000,0.244800,0.244900,150475.000000
2023.01.01 13:24,0.244900,0.244900,0.244800,0.244900,137036.000000
2023.01.01 13:25,0.244900,0.245000,0.244900,0.244900,2.000000
2023.01.01 13:26,0.244900,0.244900,0.244900,0.244900,1243.000000
2023.01.01 13:27,0.244900,0.245000,0.244900,0.245000,118191.000000
2023.01.01 13:28,0.245000,0.245000,0.244900,0.245000,6734.000000
2023.01.01 13:29,0.245000,0.245000,0.244900,0.245000,2083.000000
2023.01.01 13:30,0.245000,0.245000,0.244900,0.244900,34161.000000
2023.01.01 13:31,0.244900,0.244900,0.244700,0.244700,178673.000000
2023.01.01 13:32,0.244700,0.244700,0.244700,0.244700,45627.000000
2023.01.01 13:33,0.244700,0.244700,0.244600,0.244600,35482.000000
2023.01.01 13:34,0.244600,0.244600,0.244500,0.244600,789.000000
2023.01.01 13:35,0.244600,0.244600,0.244600,0.244600,0.000000
2023.01.01 13:36,0.244600,0.244600,0.244500,0.244500,104.000000
2023.01.01 13:37,0.244500,0.244600,0.244500,0.244600,4837.000000
2023.01.01 13:38,0.244600,0.244600,0.244500,0.244600,54647.000000
2023.01.01 13:39,0.244600,0.244600,0.244500,0.244600,4784.000000
2023.01.01 13:40,0.244600,0.244600,0.244500,0.244500,215.000000
2023.01.01 13:41,0.244500,0.244600,0.244500,0.244500,51482.000000
2023.01.01 13:42,0.244500,0.244800,0.244500,0.244800,106494.000000
2023.01.01 13:43,0.244800,0.244900,0.244800,0.244900,132.000000
2023.01.01 13:44,0.244900,0.244900,0.244800,0.244800,2.000000
2023.01.01 13:45,0.244800,0.244900,0.244800,0.244800,2.000000
2023.01.01 13:46,0.244800,0.244800,0.244800,0.244800,1050.000000
2023.01.01 13:47,0.244800,0.244900,0.244800,0.244900,73301.000000
2023.01.01 13:48,0.244900,0.244900,0.244800,0.244900,543.000000
2023.01.01 13:49,0.244900,0.244900,0.244800,0.244900,450.000000
2023.01.01 13:50,0.244900,0.244900,0.244800,0.244800,2.000000
2023.01.01 13:51,0.244800,0.244800,0.244800,0.244800,0.000000
2023.01.01 13:52,0.244800,0.244900,0.244800,0.244900,15.000000
2023.01.01 13:53,0.244900,0.244900,0.244800,0.244800,2.000000
2023.01.01 13:54,0.244800,0.244800,0.244800,0.244800,0.000000
2023.01.01 13:55,0.244800,0.244900,0.244800,0.244900,327.000000
2023.01.01 13:56,0.244900,0.244900,0.244900,0.244900,0.000000
2023.01.01 13:57,0.244900,0.245000,0.244800,0.245000,322556.000000
2023.01.01 13:58,0.245000,0.245000,0.244900,0.244900,323205.000000
2023.01.01 13:59,0.244900,0.245000,0.244900,0.245000,3703.000000
2023.01.01 14:00,0.245000,0.245100,0.245000,0.245100,47579.000000
2023.01.01 14:01,0.245100,0.245400,0.245100,0.245300,565704.000000
2023.01.01 14:02,0.245300,0.245300,0.245200,0.245300,1291.000000
2023.01.01 14:03,0.245300,0.245300,0.245200,0.245300,3647.000000
2023.01.01 14:04,0.245300,0.245300,0.245300,0.245300,17657.000000
2023.01.01 14:05,0.245300,0.245300,0.245200,0.245300,242.000000
2023.01.01 14:06,0.245300,0.245800,0.245300,0.245500,344092.000000
2023.01.01 14:07,0.245500,0.245600,0.245500,0.245600,2449.000000
2023.01.01 14:08,0.245600,0.245600,0.245400,0.245400,27685.000000
2023.01.01 14:09,0.245400,0.245600,0.245400,0.245500,67603.000000
2023.01.01 14:10,0.245500,0.245600,0.245500,0.245500,135109.000000
2023.01.01 14:11,0.245500,0.245500,0.245500,0.245500,42972.000000
2023.01.01 14:12,0.245500,0.245600,0.245500,0.245600,3.000000
2023.01.01 14:13,0.245600,0.245600,0.245500,0.245500,2415.000000
2023.01.01 14:14,0.245500,0.245500,0.245500,0.245500,0.000000
2023.01.01 14:15,0.245500,0.245600,0.245500,0.245600,52101.000000
2023.01.01 14:16,0.245600,0.245600,0.245400,0.245500,67250.000000
2023.01.01 14:17,0.245500,0.245500,0.245500,0.245500,0.000000
2023.01.01 14:18,0.245500,0.245500,0.245400,0.245500,882.000000
2023.01.01 14:19,0.245500,0.245500,0.245400,0.245500,2075.000000
2023.01.01 14:20,0.245500,0.245500,0.245300,0.245300,161165.000000
2023.01.01 14:21,0.245300,0.245600,0.245300,0.245500,16822.000000
2023.01.01 14:22,0.245500,0.245500,0.245500,0.245500,3.000000
2023.01.01 14:23,0.245500,0.245800,0.245500,0.245800,18765.000000
2023.01.01 14:24,0.245800,0.245800,0.245700,0.245700,132797.000000
2023.01.01 14:25,0.245700,0.245700,0.245600,0.245700,5458.000000
2023.01.01 14:26,0.245700,0.245700,0.245600,0.245700,24212.000000
2023.01.01 14:27,0.245700,0.245700,0.245700,0.245700,0.000000
2023.01.01 14:28,0.245700,0.245800,0.245600,0.245800,69023.000000
2023.01.01 14:29,0.245800,0.245900,0.245800,0.245900,113937.000000
2023.01.01 14:30,0.245900,0.245900,0.245700,0.245700,14761.000000
2023.01.01 14:31,0.245700,0.245800,0.245700,0.245700,2.000000
2023.01.01 14:32,0.245700,0.245700,0.245700,0.245700,716.000000
2023.01.01 14:33,0.245700,0.245700,0.245600,0.245700,408754.000000
2023.01.01 14:34,0.245700,0.245700,0.245600,0.245700,801.000000
2023.01.01 14:35,0.245700,0.245700,0.245700,0.245700,0.000000
2023.01.01 14:36,0.245700,0.245700,0.245700,0.245700,1513.000000
2023.01.01 14:37,0.245700,0.245700,0.245600,0.245700,2010.000000
2023.01.01 14:38,0.245700,0.245700,0.245600,0.245600,439.000000
2023.01.01 14:39,0.245600,0.245800,0.245600,0.245800,116447.000000
2023.01.01 14:40,0.245800,0.245800,0.245700,0.245700,2.000000
2023.01.01 14:41,0.245700,0.245800,0.245700,0.245800,47634.000000
2023.01.01 14:42,0.245800,0.245800,0.245700,0.245700,1922.000000
2023.01.01 14:43,0.245700,0.245800,0.245700,0.245800,48977.000000
2023.01.01 14:44,0.245800,0.245800,0.245800,0.245800,11197.000000
2023.01.01 14:45,0.245800,0.245900,0.245800,0.245900,4298.000000
2023.01.01 14:46,0.245900,0.245900,0.245800,0.245800,5778.000000
2023.01.01 14:47,0.245800,0.245900,0.245800,0.245900,7190.000000
2023.01.01 14:48,0.245900,0.245900,0.245600,0.245600,439663.000000
2023.01.01 14:49,0.245600,0.245600,0.245600,0.245600,18.000000
2023.01.01 14:50,0.245600,0.245700,0.245600,0.245700,53579.000000
2023.01.01 14:51,0.245700,0.245900,0.245700,0.245700,265262.000000
2023.01.01 14:52,0.245700,0.245800,0.245700,0.245700,3678.000000
2023.01.01 14:53,0.245700,0.245800,0.245700,0.245800,3501.000000
2023.01.01 14:54,0.245800,0.245800,0.245700,0.245700,104304.000000
2023.01.01 14:55,0.245700,0.245800,0.245700,0.245800,33361.000000
2023.01.01 14:56,0.245800,0.245900,0.245800,0.245800,1236.000000
2023.01.01 14:57,0.245800,0.245900,0.245800,0.245800,50529.000000
2023.01.01 14:58,0.245800,0.246000,0.245800,0.245900,343551.000000
2023.01.01 14:59,0.245900,0.245900,0.245800,0.245800,2815.000000
2023.01.01 15:00,0.245800,0.245900,0.245700,0.245800,114415.000000
2023.01.01 15:01,0.245800,0.245800,0.245700,0.245800,12195.000000
2023.01.01 15:02,0.245800,0.245800,0.245700,0.245700,7.000000
2023.01.01 15:03,0.245700,0.245800,0.245700,0.245700,110.000000
2023.01.01 15:04,0.245700,0.245700,0.245700,0.245700,0.000000
2023.01.01 15:05,0.245700,0.245800,0.245700,0.245700,2623.000000
2023.01.01 15:06,0.245700,0.245700,0.245700,0.245700,13669.000000
2023.01.01 15:07,0.245700,0.245800,0.245700,0.245700,32209.000000
2023.01.01 15:08,0.245700,0.245800,0.245700,0.245800,837.000000
2023.01.01 15:09,0.245800,0.245800,0.245700,0.245700,400.000000
2023.01.01 15:10,0.245700,0.245700,0.245700,0.245700,964.000000
2023.01.01 15:11,0.245700,0.245800,0.245700,0.245700,3752.000000
2023.01.01 15:12,0.245700,0.245800,0.245700,0.245800,20350.000000
2023.01.01 15:13,0.245800,0.245800,0.245700,0.245700,1577.000000
2023.01.01 15:14,0.245700,0.245900,0.245700,0.245900,59751.000000
2023.01.01 15:15,0.245900,0.246000,0.245800,0.245900,741257.000000
2023.01.01 15:16,0.245900,0.246000,0.245900,0.246000,48316.000000
2023.01.01 15:17,0.246000,0.246000,0.245900,0.246000,94089.000000
2023.01.01 15:18,0.246000,0.246000,0.245900,0.245900,41572.000000
2023.01.01 15:19,0.245900,0.245900,0.245800,0.245800,3567.000000
2023.01.01 15:20,0.245800,0.245900,0.245800,0.245900,4844.000000
2023.01.01 15:21,0.245900,0.245900,0.245800,0.245800,1715.000000
2023.01.01 15:22,0.245800,0.245800,0.245800,0.245800,0.000000
2023.01.01 15:23,0.245800,0.245900,0.245700,0.245800,60603.000000
2023.01.01 15:24,0.245800,0.245800,0.245700,0.245700,1118.000000
2023.01.01 15:25,0.245700,0.245800,0.245700,0.245800,4309.000000
2023.01.01 15:26,0.245800,0.245800,0.245700,0.245800,3758.000000
2023.01.01 15:27,0.245800,0.245800,0.245700,0.245700,13311.000000
2023.01.01 15:28,0.245700,0.245900,0.245600,0.245900,137735.000000
2023.01.01 15:29,0.245900,0.245900,0.245800,0.245800,84740.000000
2023.01.01 15:30,0.245800,0.245800,0.245700,0.245800,11630.000000
2023.01.01 15:31,0.245800,0.245800,0.245700,0.245700,53870.000000
2023.01.01 15:32,0.245700,0.245700,0.245700,0.245700,0.000000
2023.01.01 15:33,0.245700,0.245700,0.245600,0.245600,47864.000000
2023.01.01 15:34,0.245600,0.245600,0.245400,0.245500,85427.000000
2023.01.01 15:35,0.245500,0.245500,0.245400,0.245400,440.000000
2023.01.01 15:36,0.245400,0.245700,0.245400,0.245700,87804.000000
2023.01.01 15:37,0.245700,0.245700,0.245600,0.245700,5069.000000
2023.01.01 15:38,0.245700,0.245700,0.245500,0.245500,7781.000000
2023.01.01 15:39,0.245500,0.245600,0.245500,0.245600,5744.000000
2023.01.01 15:40,0.245600,0.245600,0.245500,0.245500,329.000000
2023.01.01 15:41,0.245500,0.245600,0.245500,0.245600,25736.000000
2023.01.01 15:42,0.245600,0.245600,0.245600,0.245600,2247.000000
2023.01.01 15:43,0.245600,0.245700,0.245600,0.245700,22147.000000
2023.01.01 15:44,0.245700,0.245700,0.245700,0.245700,0.000000
2023.01.01 15:45,0.245700,0.245900,0.245700,0.245900,28830.000000
2023.01.01 15:46,0.245900,0.246200,0.245900,0.246100,216475.000000
2023.01.01 15:47,0.246100,0.246100,0.246000,0.246000,532.000000
2023.01.01 15:48,0.246000,0.246100,0.246000,0.246100,100920.000000
2023.01.01 15:49,0.246100,0.246100,0.246000,0.246000,61630.000000
2023.01.01 15:50,0.246000,0.246200,0.246000,0.246200,221666.000000
2023.01.01 15:51,0.246200,0.246200,0.245900,0.246000,107287.000000
2023.01.01 15:52,0.246000,0.246000,0.245900,0.246000,5272.000000
2023.01.01 15:53,0.246000,0.246000,0.245900,0.246000,4073.000000
2023.01.01 15:54,0.246000,0.246000,0.246000,0.246000,0.000000
2023.01.01 15:55,0.246000,0.246000,0.245900,0.246000,32656.000000
2023.01.01 15:56,0.246000,0.246000,0.245900,0.245900,169.000000
2023.01.01 15:57,0.245900,0.246000,0.245900,0.246000,13194.000000
2023.01.01 15:58,0.246000,0.246000,0.245900,0.246000,3499.000000
2023.01.01 15:59,0.246000,0.246000,0.245900,0.246000,175015.000000
2023.01.01 16:00,0.246000,0.246200,0.246000,0.246200,12611.000000
2023.01.01 16:01,0.246200,0.246200,0.246100,0.246100,80607.000000
2023.01.01 16:02,0.246100,0.246200,0.246100,0.246200,8266.000000
2023.01.01 16:03,0.246200,0.246200,0.246100,0.246200,87509.000000
2023.01.01 16:04,0.246200,0.246200,0.246100,0.246200,4142.000000
2023.01.01 16:05,0.246200,0.246200,0.246200,0.246200,5921.000000
2023.01.01 16:06,0.246200,0.246200,0.246000,0.246100,2965.000000
2023.01.01 16:07,0.246100,0.246100,0.246000,0.246100,3169.000000
2023.01.01 16:08,0.246100,0.246100,0.245900,0.245900,33448.000000
2023.01.01 16:09,0.245900,0.246000,0.245900,0.246000,8414.000000
2023.01.01 16:10,0.246000,0.246000,0.245900,0.245900,2.000000
2023.01.01 16:11,0.245900,0.246000,0.245900,0.245900,154.000000
2023.01.01 16:12,0.245900,0.245900,0.245900,0.245900,0.000000
2023.01.01 16:13,0.245900,0.245900,0.245900,0.245900,5002.000000
2023.01.01 16:14,0.245900,0.246000,0.245900,0.245900,230022.000000
2023.01.01 16:15,0.245900,0.246000,0.245900,0.246000,399.000000
2023.01.01 16:16,0.246000,0.246000,0.245900,0.245900,37543.000000
2023.01.01 16:17,0.245900,0.245900,0.245700,0.245800,323829.000000
2023.01.01 16:18,0.245800,0.246000,0.245700,0.245900,17322.000000
2023.01.01 16:19,0.245900,0.245900,0.245800,0.245800,1591.000000
2023.01.01 16:20,0.245800,0.245800,0.245700,0.245800,319.000000
2023.01.01 16:21,0.245800,0.245800,0.245700,0.245800,10623.000000
2023.01.01 16:22,0.245800,0.245800,0.245800,0.245800,5034.000000
2023.01.01 16:23,0.245800,0.245800,0.245600,0.245600,320391.000000
2023.01.01 16:24,0.245600,0.245700,0.245500,0.245500,7414.000000
2023.01.01 16:25,0.245500,0.245600,0.245500,0.245600,11784.000000
2023.01.01 16:26,0.245600,0.245600,0.245500,0.245500,351.000000
2023.01.01 16:27,0.245500,0.245600,0.245500,0.245600,17.000000
2023.01.01 16:28,0.245600,0.245600,0.245500,0.245500,1253.000000
2023.01.01 16:29,0.245500,0.245500,0.245500,0.245500,0.000000
2023.01.01 16:30,0.245500,0.245600,0.245500,0.245500,10871.000000
2023.01.01 16:31,0.245500,0.245800,0.245500,0.245700,50200.000000
2023.01.01 16:32,0.245700,0.245800,0.245600,0.245600,29764.000000
2023.01.01 16:33,0.245600,0.245700,0.245600,0.245600,2134.000000
2023.01.01 16:34,0.245600,0.245600,0.245400,0.245500,61470.000000
2023.01.01 16:35,0.245500,0.245500,0.245300,0.245400,201495.000000
2023.01.01 16:36,0.245400,0.245400,0.245000,0.245000,353751.000000
2023.01.01 16:37,0.245000,0.245300,0.245000,0.245300,76223.000000
2023.01.01 16:38,0.245300,0.245300,0.245300,0.245300,4573.000000
2023.01.01 16:39,0.245300,0.245300,0.245200,0.245200,81.000000
2023.01.01 16:40,0.245200,0.245300,0.245200,0.245300,38628.000000
2023.01.01 16:41,0.245300,0.245300,0.245200,0.245300,5599.000000
2023.01.01 16:42,0.245300,0.245300,0.245300,0.245300,43984.000000
2023.01.01 16:43,0.245300,0.245300,0.245100,0.245100,70044.000000
2023.01.01 16:44,0.245100,0.245200,0.245100,0.245100,5272.000000
2023.01.01 16:45,0.245100,0.245200,0.245100,0.245100,14632.000000
2023.01.01 16:46,0.245100,0.245200,0.245100,0.245100,3234.000000
2023.01.01 16:47,0.245100,0.245200,0.245100,0.245100,708.000000
2023.01.01 16:48,0.245100,0.245200,0.245100,0.245100,83.000000
2023.01.01 16:49,0.245100,0.245100,0.245100,0.245100,500.000000
2023.01.01 16:50,0.245100,0.245100,0.245100,0.245100,193.000000
2023.01.01 16:51,0.245100,0.245200,0.245100,0.245100,19.000000
2023.01.01 16:52,0.245100,0.245200,0.245100,0.245200,14079.000000
2023.01.01 16:53,0.245200,0.245200,0.245200,0.245200,16565.000000
2023.01.01 16:54,0.245200,0.245200,0.245100,0.245100,1546.000000
2023.01.01 16:55,0.245100,0.245200,0.245100,0.245200,67108.000000
2023.01.01 16:56,0.245200,0.245200,0.245100,0.245100,18685.000000
2023.01.01 16:57,0.245100,0.245200,0.245100,0.245200,5401.000000
2023.01.01 16:58,0.245200,0.245200,0.245100,0.245200,17986.000000
2023.01.01 16:59,0.245200,0.245200,0.245100,0.245100,6012.000000
2023.01.01 17:00,0.245100,0.245200,0.245100,0.245200,49574.000000
2023.01.01 17:01,0.245200,0.245400,0.245200,0.245300,93106.000000
2023.01.01 17:02,0.245300,0.245400,0.245300,0.245300,238785.000000
2023.01.01 17:03,0.245300,0.245300,0.245300,0.245300,504.000000
2023.01.01 17:04,0.245300,0.245400,0.245300,0.245400,5881.000000
2023.01.01 17:05,0.245400,0.245400,0.245300,0.245300,3707.000000
2023.01.01 17:06,0.245300,0.245300,0.245200,0.245200,195.000000
2023.01.01 17:07,0.245200,0.245200,0.245200,0.245200,61.000000
2023.01.01 17:08,0.245200,0.245300,0.245200,0.245200,73.000000
2023.01.01 17:09,0.245200,0.245200,0.245200,0.245200,0.000000
2023.01.01 17:10,0.245200,0.245500,0.245200,0.245500,14626.000000
2023.01.01 17:11,0.245500,0.245500,0.245500,0.245500,0.000000
2023.01.01 17:12,0.245500,0.245500,0.245400,0.245400,27251.000000
2023.01.01 17:13,0.245400,0.245500,0.245400,0.245500,5350.000000
2023.01.01 17:14,0.245500,0.245500,0.245400,0.245400,542.000000
2023.01.01 17:15,0.245400,0.245500,0.245400,0.245400,564.000000
2023.01.01 17:16,0.245400,0.245500,0.245400,0.245400,282.000000
2023.01.01 17:17,0.245400,0.245400,0.245400,0.245400,47254.000000
2023.01.01 17:18,0.245400,0.245500,0.245400,0.245400,117.000000
2023.01.01 17:19,0.245400,0.245400,0.245400,0.245400,0.000000
2023.01.01 17:20,0.245400,0.245500,0.245400,0.245500,293.000000
2023.01.01 17:21,0.245500,0.245500,0.245400,0.245400,145.000000
2023.01.01 17:22,0.245400,0.245400,0.245400,0.245400,115.000000
2023.01.01 17:23,0.245400,0.245500,0.245400,0.245500,398.000000
2023.01.01 17:24,0.245500,0.245500,0.245400,0.245400,153.000000
2023.01.01 17:25,0.245400,0.245500,0.245400,0.245400,860.000000
2023.01.01 17:26,0.245400,0.245400,0.245400,0.245400,64.000000
2023.01.01 17:27,0.245400,0.245500,0.245400,0.245400,20892.000000
2023.01.01 17:28,0.245400,0.245400,0.245400,0.245400,16248.000000
2023.01.01 17:29,0.245400,0.245700,0.245400,0.245600,23773.000000
2023.01.01 17:30,0.245600,0.246000,0.245600,0.245700,87130.000000
2023.01.01 17:31,0.245700,0.245800,0.245700,0.245800,2990.000000
2023.01.01 17:32,0.245800,0.245800,0.245700,0.245800,17466.000000
2023.01.01 17:33,0.245800,0.245800,0.245700,0.245700,627.000000
2023.01.01 17:34,0.245700,0.245800,0.245700,0.245800,5948.000000
2023.01.01 17:35,0.245800,0.245900,0.245800,0.245800,69.000000
2023.01.01 17:36,0.245800,0.245800,0.245700,0.245800,22800.000000
2023.01.01 17:37,0.245800,0.245800,0.245700,0.245700,2071.000000
2023.01.01 17:38,0.245700,0.245800,0.245600,0.245700,12457.000000
2023.01.01 17:39,0.245700,0.245700,0.245600,0.245600,1160.000000
2023.01.01 17:40,0.245600,0.245600,0.245600,0.245600,0.000000
2023.01.01 17:41,0.245600,0.245700,0.245600,0.245600,2.000000
2023.01.01 17:42,0.245600,0.245600,0.245600,0.245600,44700.000000
2023.01.01 17:43,0.245600,0.245700,0.245600,0.245600,2.000000
2023.01.01 17:44,0.245600,0.245600,0.245600,0.245600,16307.000000
2023.01.01 17:45,0.245600,0.245700,0.245600,0.245700,915.000000
2023.01.01 17:46,0.245700,0.245700,0.245600,0.245600,1068.000000
2023.01.01 17:47,0.245600,0.245600,0.245600,0.245600,153.000000
2023.01.01 17:48,0.245600,0.245700,0.245600,0.245700,1564.000000
2023.01.01 17:49,0.245700,0.245700,0.245700,0.245700,0.000000
2023.01.01 17:50,0.245700,0.245800,0.245700,0.245700,205.000000
2023.01.01 17:51,0.245700,0.245800,0.245700,0.245700,1916.000000
2023.01.01 17:52,0.245700,0.245700,0.245700,0.245700,0.000000
2023.01.01 17:53,0.245700,0.245700,0.245700,0.245700,0.000000
2023.01.01 17:54,0.245700,0.245800,0.245700,0.245700,2.000000
2023.01.01 17:55,0.245700,0.245700,0.245700,0.245700,0.000000
2023.01.01 17:56,0.245700,0.245800,0.245500,0.245500,251578.000000
2023.01.01 17:57,0.245500,0.245500,0.245500,0.245500,2348.000000
2023.01.01 17:58,0.245500,0.245600,0.245500,0.245500,2.000000
2023.01.01 17:59,0.245500,0.245600,0.245500,0.245600,2200.000000
2023.01.01 18:00,0.245600,0.245700,0.245500,0.245700,201690.000000
2023.01.01 18:01,0.245700,0.245800,0.245600,0.245600,78751.000000
2023.01.01 18:02,0.245600,0.245600,0.245600,0.245600,0.000000
2023.01.01 18:03,0.245600,0.245600,0.245500,0.245500,2.000000
2023.01.01 18:04,0.245500,0.245500,0.245500,0.245500,3542.000000
2023.01.01 18:05,0.245500,0.245600,0.245500,0.245500,5945.000000
2023.01.01 18:06,0.245500,0.245600,0.245500,0.245600,104.000000
2023.01.01 18:07,0.245600,0.245700,0.245600,0.245700,23420.000000
2023.01.01 18:08,0.245700,0.245700,0.245600,0.245600,6965.000000
2023.01.01 18:09,0.245600,0.245600,0.245600,0.245600,0.000000
2023.01.01 18:10,0.245600,0.245600,0.245600,0.245600,0.000000
2023.01.01 18:11,0.245600,0.245700,0.245600,0.245600,4147.000000
2023.01.01 18:12,0.245600,0.245600,0.245600,0.245600,0.000000
2023.01.01 18:13,0.245600,0.245700,0.245600,0.245700,4558.000000
2023.01.01 18:14,0.245700,0.245700,0.245700,0.245700,1928.000000
2023.01.01 18:15,0.245700,0.245700,0.245600,0.245700,19.000000
2023.01.01 18:16,0.245700,0.245700,0.245600,0.245600,902.000000
2023.01.01 18:17,0.245600,0.245700,0.245600,0.245700,24424.000000
2023.01.01 18:18,0.245700,0.245800,0.245700,0.245700,192966.000000
2023.01.01 18:19,0.245700,0.245800,0.245700,0.245700,51546.000000
2023.01.01 18:20,0.245700,0.245800,0.245700,0.245800,33389.000000
2023.01.01 18:21,0.245800,0.245800,0.245500,0.245500,123223.000000
2023.01.01 18:22,0.245500,0.245500,0.245400,0.245500,18662.000000
2023.01.01 18:23,0.245500,0.245500,0.245400,0.245500,54911.000000
2023.01.01 18:24,0.245500,0.245500,0.245500,0.245500,38207.000000
2023.01.01 18:25,0.245500,0.245600,0.245500,0.245600,6918.000000
2023.01.01 18:26,0.245600,0.245600,0.245400,0.245400,4920.000000
2023.01.01 18:27,0.245400,0.245500,0.245400,0.245500,1013.000000
2023.01.01 18:28,0.245500,0.245600,0.245400,0.245500,102694.000000
2023.01.01 18:29,0.245500,0.245600,0.245500,0.245600,73104.000000
2023.01.01 18:30,0.245600,0.245700,0.245600,0.245700,10008.000000
2023.01.01 18:31,0.245700,0.245700,0.245600,0.245600,13442.000000
2023.01.01 18:32,0.245600,0.245600,0.245600,0.245600,10000.000000
2023.01.01 18:33,0.245600,0.245700,0.245600,0.245600,2.000000
2023.01.01 18:34,0.245600,0.245700,0.245600,0.245700,22675.000000
2023.01.01 18:35,0.245700,0.245700,0.245700,0.245700,0.000000
2023.01.01 18:36,0.245700,0.245700,0.245600,0.245600,99.000000
2023.01.01 18:37,0.245600,0.245700,0.245600,0.245700,48135.000000
2023.01.01 18:38,0.245700,0.245800,0.245700,0.245700,895.000000
2023.01.01 18:39,0.245700,0.245700,0.245700,0.245700,4805.000000
2023.01.01 18:40,0.245700,0.245800,0.245700,0.245700,18991.000000
2023.01.01 18:41,0.245700,0.246200,0.245700,0.246100,344311.000000
2023.01.01 18:42,0.246100,0.246200,0.246100,0.246100,36127.000000
2023.01.01 18:43,0.246100,0.246100,0.246000,0.246100,8149.000000
2023.01.01 18:44,0.246100,0.246100,0.246000,0.246000,18794.000000
2023.01.01 18:45,0.246000,0.246000,0.246000,0.246000,4111.000000
2023.01.01 18:46,0.246000,0.246000,0.246000,0.246000,0.000000
2023.01.01 18:47,0.246000,0.246000,0.245900,0.245900,103764.000000
2023.01.01 18:48,0.245900,0.245900,0.245800,0.245800,106989.000000
2023.01.01 18:49,0.245800,0.245900,0.245800,0.245900,1584.000000
2023.01.01 18:50,0.245900,0.245900,0.245800,0.245800,370.000000
2023.01.01 18:51,0.245800,0.245800,0.245800,0.245800,0.000000
2023.01.01 18:52,0.245800,0.245800,0.245800,0.245800,19406.000000
2023.01.01 18:53,0.245800,0.245900,0.245800,0.245900,27273.000000
2023.01.01 18:54,0.245900,0.245900,0.245800,0.245900,23656.000000
2023.01.01 18:55,0.245900,0.245900,0.245800,0.245800,52369.000000
2023.01.01 18:56,0.245800,0.246100,0.245800,0.246000,13674.000000
2023.01.01 18:57,0.246000,0.246000,0.246000,0.246000,44.000000
2023.01.01 18:58,0.246000,0.246100,0.246000,0.246000,55.000000
2023.01.01 18:59,0.246000,0.246000,0.246000,0.246000,24.000000
2023.01.01 19:00,0.246000,0.246600,0.246000,0.246400,448536.000000
2023.01.01 19:01,0.246400,0.246400,0.246300,0.246300,15932.000000
2023.01.01 19:02,0.246300,0.246400,0.246300,0.246400,36420.000000
2023.01.01 19:03,0.246400,0.246400,0.246300,0.246300,3628.000000
2023.01.01 19:04,0.246300,0.246300,0.246100,0.246100,10776.000000
2023.01.01 19:05,0.246100,0.246200,0.246100,0.246100,39432.000000
2023.01.01 19:06,0.246100,0.246400,0.246100,0.246300,89871.000000
2023.01.01 19:07,0.246300,0.246600,0.246300,0.246600,100853.000000
2023.01.01 19:08,0.246600,0.246800,0.246500,0.246800,55040.000000
2023.01.01 19:09,0.246800,0.246800,0.246700,0.246700,15431.000000
2023.01.01 19:10,0.246700,0.246700,0.246400,0.246400,160849.000000
2023.01.01 19:11,0.246400,0.246400,0.246400,0.246400,811.000000
2023.01.01 19:12,0.246400,0.246500,0.246400,0.246400,16355.000000
2023.01.01 19:13,0.246400,0.246400,0.246300,0.246300,5789.000000
2023.01.01 19:14,0.246300,0.246400,0.246200,0.246200,34193.000000
2023.01.01 19:15,0.246200,0.246500,0.246200,0.246500,1197686.000000
2023.01.01 19:16,0.246500,0.246700,0.246500,0.246500,1240985.000000
2023.01.01 19:17,0.246500,0.246600,0.246500,0.246500,81662.000000
2023.01.01 19:18,0.246500,0.246500,0.246400,0.246500,161.000000
2023.01.01 19:19,0.246500,0.246500,0.246400,0.246500,114311.000000
2023.01.01 19:20,0.246500,0.246500,0.246300,0.246400,17381.000000
2023.01.01 19:21,0.246400,0.246400,0.246300,0.246300,22634.000000
2023.01.01 19:22,0.246300,0.246400,0.246300,0.246300,37570.000000
2023.01.01 19:23,0.246300,0.246400,0.246300,0.246300,526.000000
2023.01.01 19:24,0.246300,0.246400,0.246300,0.246300,5538.000000
2023.01.01 19:25,0.246300,0.246300,0.246300,0.246300,23903.000000
2023.01.01 19:26,0.246300,0.246400,0.246300,0.246300,43089.000000
2023.01.01 19:27,0.246300,0.246500,0.246300,0.246500,19057.000000
2023.01.01 19:28,0.246500,0.246600,0.246500,0.246500,52232.000000
2023.01.01 19:29,0.246500,0.246500,0.246500,0.246500,0.000000
2023.01.01 19:30,0.246500,0.246700,0.246500,0.246500,220771.000000
2023.01.01 19:31,0.246500,0.246600,0.246500,0.246500,76736.000000
2023.01.01 19:32,0.246500,0.246500,0.246500,0.246500,2498.000000
2023.01.01 19:33,0.246500,0.246500,0.246500,0.246500,9547.000000
2023.01.01 19:34,0.246500,0.246800,0.246500,0.246700,48926.000000
2023.01.01 19:35,0.246700,0.246900,0.246700,0.246800,148189.000000
2023.01.01 19:36,0.246800,0.246900,0.246700,0.246700,215898.000000
2023.01.01 19:37,0.246700,0.246700,0.246600,0.246600,1263.000000
2023.01.01 19:38,0.246600,0.246700,0.246600,0.246600,923.000000
2023.01.01 19:39,0.246600,0.246600,0.246600,0.246600,12517.000000
2023.01.01 19:40,0.246600,0.246700,0.246600,0.246600,252.000000
2023.01.01 19:41,0.246600,0.246600,0.246600,0.246600,43984.000000
2023.01.01 19:42,0.246600,0.246600,0.246500,0.246600,90206.000000
2023.01.01 19:43,0.246600,0.246600,0.246400,0.246500,46218.000000
2023.01.01 19:44,0.246500,0.246600,0.246500,0.246600,1848.000000
2023.01.01 19:45,0.246600,0.246600,0.246600,0.246600,10033.000000
2023.01.01 19:46,0.246600,0.246700,0.246500,0.246600,8053.000000
2023.01.01 19:47,0.246600,0.246600,0.246600,0.246600,15152.000000
2023.01.01 19:48,0.246600,0.246700,0.246600,0.246600,38187.000000
2023.01.01 19:49,0.246600,0.246700,0.246600,0.246700,4895.000000
2023.01.01 19:50,0.246700,0.246700,0.246700,0.246700,0.000000
2023.01.01 19:51,0.246700,0.246700,0.246600,0.246600,39512.000000
2023.01.01 19:52,0.246600,0.246700,0.246600,0.246700,1339.000000
2023.01.01 19:53,0.246700,0.246700,0.246700,0.246700,9044.000000
2023.01.01 19:54,0.246700,0.246700,0.246600,0.246600,149453.000000
2023.01.01 19:55,0.246600,0.246600,0.246600,0.246600,1527.000000
2023.01.01 19:56,0.246600,0.246900,0.246600,0.246800,50934.000000
2023.01.01 19:57,0.246800,0.247300,0.246800,0.247100,1053287.000000
2023.01.01 19:58,0.247100,0.247100,0.246900,0.246900,228008.000000
2023.01.01 19:59,0.246900,0.246900,0.246700,0.246700,873.000000
2023.01.01 20:00,0.246700,0.247100,0.246700,0.247000,74280.000000
2023.01.01 20:01,0.247000,0.247000,0.247000,0.247000,55630.000000
2023.01.01 20:02,0.247000,0.247100,0.247000,0.247100,34966.000000
2023.01.01 20:03,0.247100,0.247200,0.247100,0.247100,20045.000000
2023.01.01 20:04,0.247100,0.247200,0.247100,0.247200,7277.000000
2023.01.01 20:05,0.247200,0.247300,0.247100,0.247300,37986.000000
2023.01.01 20:06,0.247300,0.247400,0.247300,0.247400,194088.000000
2023.01.01 20:07,0.247400,0.247400,0.247300,0.247300,35860.000000
2023.01.01 20:08,0.247300,0.247400,0.247300,0.247300,112179.000000
2023.01.01 20:09,0.247300,0.247400,0.247300,0.247400,47712.000000
2023.01.01 20:10,0.247400,0.247400,0.247300,0.247400,20705.000000
2023.01.01 20:11,0.247400,0.247400,0.247200,0.247300,126129.000000
2023.01.01 20:12,0.247300,0.247300,0.247300,0.247300,14165.000000
2023.01.01 20:13,0.247300,0.247500,0.247300,0.247500,72411.000000
2023.01.01 20:14,0.247500,0.247700,0.247400,0.247400,191490.000000
2023.01.01 20:15,0.247400,0.247900,0.247400,0.247800,620748.000000
2023.01.01 20:16,0.247800,0.247800,0.247700,0.247700,33911.000000
2023.01.01 20:17,0.247700,0.247700,0.247500,0.247600,56253.000000
2023.01.01 20:18,0.247600,0.247900,0.247600,0.247900,38881.000000
2023.01.01 20:19,0.247900,0.248000,0.247900,0.247900,135739.000000
2023.01.01 20:20,0.247900,0.248300,0.247900,0.248300,239537.000000
2023.01.01 20:21,0.248300,0.248600,0.248100,0.248300,355749.000000
2023.01.01 20:22,0.248300,0.248900,0.248300,0.248600,414090.000000
2023.01.01 20:23,0.248600,0.248700,0.248500,0.248500,212456.000000
2023.01.01 20:24,0.248500,0.248900,0.248500,0.248800,28917.000000
2023.01.01 20:25,0.248800,0.248900,0.248600,0.248800,104749.000000
2023.01.01 20:26,0.248800,0.248900,0.248600,0.248600,218316.000000
2023.01.01 20:27,0.248600,0.248700,0.248400,0.248400,138496.000000
2023.01.01 20:28,0.248400,0.248400,0.248300,0.248300,93265.000000
2023.01.01 20:29,0.248300,0.248300,0.248100,0.248100,108855.000000
2023.01.01 20:30,0.248100,0.248400,0.248100,0.248300,55788.000000
2023.01.01 20:31,0.248300,0.248400,0.248300,0.248400,82754.000000
2023.01.01 20:32,0.248400,0.248400,0.248400,0.248400,5229.000000
2023.01.01 20:33,0.248400,0.248500,0.248300,0.248300,131489.000000
2023.01.01 20:34,0.248300,0.248400,0.248300,0.248400,22177.000000
2023.01.01 20:35,0.248400,0.248400,0.248300,0.248300,20534.000000
2023.01.01 20:36,0.248300,0.248400,0.248300,0.248300,154.000000
2023.01.01 20:37,0.248300,0.248400,0.248100,0.248400,253811.000000
2023.01.01 20:38,0.248400,0.248400,0.248300,0.248300,11633.000000
2023.01.01 20:39,0.248300,0.248400,0.248300,0.248400,12470.000000
2023.01.01 20:40,0.248400,0.248400,0.248300,0.248400,5688.000000
2023.01.01 20:41,0.248400,0.248400,0.248300,0.248400,3694.000000
2023.01.01 20:42,0.248400,0.248400,0.248300,0.248400,80146.000000
2023.01.01 20:43,0.248400,0.248400,0.248400,0.248400,13979.000000
2023.01.01 20:44,0.248400,0.248600,0.248400,0.248600,57679.000000
2023.01.01 20:45,0.248600,0.248600,0.248500,0.248500,5711.000000
2023.01.01 20:46,0.248500,0.248500,0.248400,0.248400,13630.000000
2023.01.01 20:47,0.248400,0.248400,0.248200,0.248200,540.000000
2023.01.01 20:48,0.248200,0.248300,0.248200,0.248200,116254.000000
2023.01.01 20:49,0.248200,0.248300,0.248200,0.248300,31042.000000
2023.01.01 20:50,0.248300,0.248300,0.248200,0.248300,33242.000000
2023.01.01 20:51,0.248300,0.248400,0.248300,0.248300,86005.000000
2023.01.01 20:52,0.248300,0.248400,0.248300,0.248300,9332.000000
2023.01.01 20:53,0.248300,0.248400,0.248300,0.248300,242.000000
2023.01.01 20:54,0.248300,0.248300,0.248100,0.248100,48362.000000
2023.01.01 20:55,0.248100,0.248100,0.248000,0.248000,195121.000000
2023.01.01 20:56,0.248000,0.248100,0.248000,0.248100,47603.000000
2023.01.01 20:57,0.248100,0.248100,0.247900,0.248000,65644.000000
2023.01.01 20:58,0.248000,0.248000,0.247900,0.247900,82805.000000
2023.01.01 20:59,0.247900,0.248000,0.247900,0.248000,500.000000
2023.01.01 21:00,0.248000,0.248100,0.248000,0.248100,48926.000000
2023.01.01 21:01,0.248100,0.248300,0.248100,0.248200,136697.000000
2023.01.01 21:02,0.248200,0.248200,0.248100,0.248100,41595.000000
2023.01.01 21:03,0.248100,0.248300,0.248100,0.248200,2247.000000
2023.01.01 21:04,0.248200,0.248300,0.248200,0.248200,17354.000000
2023.01.01 21:05,0.248200,0.248300,0.248200,0.248300,21659.000000
2023.01.01 21:06,0.248300,0.248500,0.248200,0.248500,74676.000000
2023.01.01 21:07,0.248500,0.248500,0.248500,0.248500,14909.000000
2023.01.01 21:08,0.248500,0.248700,0.248400,0.248700,132188.000000
2023.01.01 21:09,0.248700,0.249000,0.248600,0.248600,556962.000000
2023.01.01 21:10,0.248600,0.248700,0.248600,0.248700,66639.000000
2023.01.01 21:11,0.248700,0.249000,0.248700,0.248900,98467.000000
2023.01.01 21:12,0.248900,0.248900,0.248600,0.248600,69818.000000
2023.01.01 21:13,0.248600,0.248700,0.248600,0.248700,29888.000000
2023.01.01 21:14,0.248700,0.248800,0.248600,0.248700,66843.000000
2023.01.01 21:15,0.248700,0.248800,0.248700,0.248700,36877.000000
2023.01.01 21:16,0.248700,0.248700,0.248600,0.248600,1856.000000
2023.01.01 21:17,0.248600,0.248600,0.248300,0.248300,112501.000000
2023.01.01 21:18,0.248300,0.248400,0.248200,0.248200,472280.000000
2023.01.01 21:19,0.248200,0.248700,0.248200,0.248700,270851.000000
2023.01.01 21:20,0.248700,0.248700,0.248500,0.248500,16159.000000
2023.01.01 21:21,0.248500,0.248700,0.248500,0.248600,1831.000000
2023.01.01 21:22,0.248600,0.248800,0.248600,0.248700,114712.000000
2023.01.01 21:23,0.248700,0.248700,0.248600,0.248700,16495.000000
2023.01.01 21:24,0.248700,0.248900,0.248700,0.248700,732941.000000
2023.01.01 21:25,0.248700,0.248700,0.248700,0.248700,2599.000000
2023.01.01 21:26,0.248700,0.248900,0.248700,0.248800,209872.000000
2023.01.01 21:27,0.248800,0.248900,0.248800,0.248800,45283.000000
2023.01.01 21:28,0.248800,0.248900,0.248800,0.248900,1483.000000
2023.01.01 21:29,0.248900,0.248900,0.248800,0.248900,2707.000000
2023.01.01 21:30,0.248900,0.249000,0.248800,0.248900,54730.000000
2023.01.01 21:31,0.248900,0.249000,0.248800,0.248800,71182.000000
2023.01.01 21:32,0.248800,0.249000,0.248800,0.248900,28652.000000
2023.01.01 21:33,0.248900,0.249000,0.248900,0.249000,2653.000000
2023.01.01 21:34,0.249000,0.249200,0.248900,0.249200,175697.000000
2023.01.01 21:35,0.249200,0.249200,0.249100,0.249100,36.000000
2023.01.01 21:36,0.249100,0.249300,0.249000,0.249000,94598.000000
2023.01.01 21:37,0.249000,0.249100,0.249000,0.249100,1261.000000
2023.01.01 21:38,0.249100,0.249200,0.249100,0.249100,10146.000000
2023.01.01 21:39,0.249100,0.249300,0.249100,0.249200,11567.000000
2023.01.01 21:40,0.249200,0.249300,0.249200,0.249200,37941.000000
2023.01.01 21:41,0.249200,0.249300,0.249200,0.249300,38602.000000
2023.01.01 21:42,0.249300,0.249300,0.249200,0.249200,3951.000000
2023.01.01 21:43,0.249200,0.249300,0.249200,0.249200,2.000000
2023.01.01 21:44,0.249200,0.249200,0.249100,0.249100,77802.000000
2023.01.01 21:45,0.249100,0.249200,0.249000,0.249100,7255.000000
2023.01.01 21:46,0.249100,0.249100,0.248900,0.248900,82829.000000
2023.01.01 21:47,0.248900,0.248900,0.248900,0.248900,406.000000
2023.01.01 21:48,0.248900,0.249000,0.248700,0.248700,34827.000000
2023.01.01 21:49,0.248700,0.248700,0.248500,0.248500,217076.000000
2023.01.01 21:50,0.248500,0.248700,0.248500,0.248700,159251.000000
2023.01.01 21:51,0.248700,0.248800,0.248600,0.248600,131426.000000
2023.01.01 21:52,0.248600,0.248700,0.248600,0.248700,38782.000000
2023.01.01 21:53,0.248700,0.248700,0.248700,0.248700,973.000000
2023.01.01 21:54,0.248700,0.248700,0.248600,0.248600,2124.000000
2023.01.01 21:55,0.248600,0.248600,0.248500,0.248500,3915.000000
2023.01.01 21:56,0.248500,0.248600,0.248500,0.248500,2.000000
2023.01.01 21:57,0.248500,0.248600,0.248500,0.248600,10130.000000
2023.01.01 21:58,0.248600,0.248600,0.248500,0.248500,450.000000
2023.01.01 21:59,0.248500,0.248600,0.248500,0.248500,4226.000000
2023.01.01 22:00,0.248500,0.248700,0.248500,0.248700,24087.000000
2023.01.01 22:01,0.248700,0.249000,0.248700,0.248800,128051.000000
2023.01.01 22:02,0.248800,0.248800,0.248800,0.248800,0.000000
2023.01.01 22:03,0.248800,0.248900,0.248800,0.248800,7106.000000
2023.01.01 22:04,0.248800,0.248900,0.248800,0.248800,11600.000000
2023.01.01 22:05,0.248800,0.248900,0.248800,0.248900,38832.000000
2023.01.01 22:06,0.248900,0.249000,0.248900,0.249000,61547.000000
2023.01.01 22:07,0.249000,0.249000,0.248900,0.249000,14447.000000
2023.01.01 22:08,0.249000,0.249000,0.248900,0.248900,2.000000
2023.01.01 22:09,0.248900,0.249000,0.248900,0.248900,25028.000000
2023.01.01 22:10,0.248900,0.249000,0.248900,0.249000,5874.000000
2023.01.01 22:11,0.249000,0.249000,0.249000,0.249000,0.000000
2023.01.01 22:12,0.249000,0.249100,0.249000,0.249100,5033.000000
2023.01.01 22:13,0.249100,0.249200,0.249000,0.249200,801.000000
2023.01.01 22:14,0.249200,0.249200,0.249200,0.249200,0.000000
2023.01.01 22:15,0.249200,0.249300,0.249200,0.249300,90749.000000
2023.01.01 22:16,0.249300,0.249300,0.249200,0.249200,6703.000000
2023.01.01 22:17,0.249200,0.249500,0.249200,0.249500,166556.000000
2023.01.01 22:18,0.249500,0.249500,0.249300,0.249500,39763.000000
2023.01.01 22:19,0.249500,0.249500,0.249300,0.249400,620487.000000
2023.01.01 22:20,0.249400,0.249400,0.249100,0.249100,52371.000000
2023.01.01 22:21,0.249100,0.249200,0.249000,0.249000,102036.000000
2023.01.01 22:22,0.249000,0.249100,0.249000,0.249000,107633.000000
2023.01.01 22:23,0.249000,0.249100,0.249000,0.249100,20881.000000
2023.01.01 22:24,0.249100,0.249100,0.249000,0.249000,35584.000000
2023.01.01 22:25,0.249000,0.249100,0.248900,0.249000,386200.000000
2023.01.01 22:26,0.249000,0.249100,0.249000,0.249100,115621.000000
2023.01.01 22:27,0.249100,0.249200,0.249100,0.249200,130309.000000
2023.01.01 22:28,0.249200,0.249300,0.249100,0.249300,652806.000000
2023.01.01 22:29,0.249300,0.249300,0.249200,0.249200,5332.000000
2023.01.01 22:30,0.249200,0.249300,0.249200,0.249300,7864.000000
2023.01.01 22:31,0.249300,0.249300,0.249100,0.249100,15468.000000
2023.01.01 22:32,0.249100,0.249100,0.249000,0.249000,421892.000000
2023.01.01 22:33,0.249000,0.249100,0.248900,0.249100,326685.000000
2023.01.01 22:34,0.249100,0.249100,0.249000,0.249100,4613.000000
2023.01.01 22:35,0.249100,0.249100,0.249000,0.249000,113.000000
2023.01.01 22:36,0.249000,0.249100,0.249000,0.249000,2156.000000
2023.01.01 22:37,0.249000,0.249200,0.249000,0.249200,81514.000000
2023.01.01 22:38,0.249200,0.249300,0.249200,0.249200,6734.000000
2023.01.01 22:39,0.249200,0.249300,0.249200,0.249300,7812.000000
2023.01.01 22:40,0.249300,0.249300,0.249200,0.249300,8200.000000
2023.01.01 22:41,0.249300,0.249300,0.249200,0.249200,1076.000000
2023.01.01 22:42,0.249200,0.249300,0.249200,0.249300,75169.000000
2023.01.01 22:43,0.249300,0.249400,0.249100,0.249100,83455.000000
2023.01.01 22:44,0.249100,0.249100,0.248900,0.248900,117661.000000
2023.01.01 22:45,0.248900,0.249000,0.248900,0.248900,36194.000000
2023.01.01 22:46,0.248900,0.249000,0.248900,0.248900,13886.000000
2023.01.01 22:47,0.248900,0.248900,0.248800,0.248800,146735.000000
2023.01.01 22:48,0.248800,0.248800,0.248400,0.248500,278371.000000
2023.01.01 22:49,0.248500,0.248700,0.248500,0.248700,74489.000000
2023.01.01 22:50,0.248700,0.248700,0.248600,0.248600,66934.000000
2023.01.01 22:51,0.248600,0.248700,0.248400,0.248400,176445.000000
2023.01.01 22:52,0.248400,0.248600,0.248400,0.248600,69097.000000
2023.01.01 22:53,0.248600,0.248700,0.248500,0.248600,11736.000000
2023.01.01 22:54,0.248600,0.248600,0.248500,0.248500,20137.000000
2023.01.01 22:55,0.248500,0.248500,0.248400,0.248400,17485.000000
2023.01.01 22:56,0.248400,0.248500,0.248200,0.248200,43131.000000
2023.01.01 22:57,0.248200,0.248400,0.248100,0.248100,123882.000000
2023.01.01 22:58,0.248100,0.248200,0.247900,0.248200,288118.000000
2023.01.01 22:59,0.248200,0.248300,0.248100,0.248300,180404.000000
2023.01.01 23:00,0.248300,0.248600,0.248300,0.248600,135230.000000
2023.01.01 23:01,0.248600,0.248600,0.248500,0.248600,1129.000000
2023.01.01 23:02,0.248600,0.248600,0.248400,0.248400,151330.000000
2023.01.01 23:03,0.248400,0.248400,0.248300,0.248300,6184.000000
2023.01.01 23:04,0.248300,0.248700,0.248300,0.248700,219018.000000
2023.01.01 23:05,0.248700,0.248700,0.248500,0.248700,33466.000000
2023.01.01 23:06,0.248700,0.248700,0.248500,0.248500,10543.000000
2023.01.01 23:07,0.248500,0.248600,0.248500,0.248600,727.000000
2023.01.01 23:08,0.248600,0.248600,0.248400,0.248400,801.000000
2023.01.01 23:09,0.248400,0.248400,0.248400,0.248400,255.000000
2023.01.01 23:10,0.248400,0.248600,0.248400,0.248600,84544.000000
2023.01.01 23:11,0.248600,0.248700,0.248600,0.248700,1012.000000
2023.01.01 23:12,0.248700,0.248700,0.248600,0.248600,426.000000
2023.01.01 23:13,0.248600,0.248600,0.248600,0.248600,443.000000
2023.01.01 23:14,0.248600,0.248600,0.248600,0.248600,0.000000
2023.01.01 23:15,0.248600,0.248700,0.248600,0.248700,106388.000000
2023.01.01 23:16,0.248700,0.248700,0.248600,0.248600,293455.000000
2023.01.01 23:17,0.248600,0.248700,0.248600,0.248700,82360.000000
2023.01.01 23:18,0.248700,0.248800,0.248700,0.248800,2000.000000
2023.01.01 23:19,0.248800,0.248800,0.248700,0.248700,95282.000000
