2023.01.01 00:00,10.965000,10.965000,10.960000,10.965000,1407.600000
2023.01.01 00:05,10.965000,10.965000,10.960000,10.960000,471.200000
2023.01.01 00:10,10.960000,10.965000,10.960000,10.965000,275.800000
2023.01.01 00:15,10.965000,10.970000,10.955000,10.955000,375.300000
2023.01.01 00:20,10.955000,10.960000,10.950000,10.955000,3481.700000
2023.01.01 00:25,10.955000,10.960000,10.950000,10.960000,913.500000
2023.01.01 00:30,10.960000,10.960000,10.955000,10.955000,468.500000
2023.01.01 00:35,10.955000,10.955000,10.945000,10.945000,1205.300000
2023.01.01 00:40,10.945000,10.950000,10.925000,10.930000,11578.700000
2023.01.01 00:45,10.930000,10.935000,10.925000,10.925000,4104.500000
2023.01.01 00:50,10.925000,10.935000,10.920000,10.925000,3113.000000
2023.01.01 00:55,10.925000,10.925000,10.915000,10.915000,2717.800000
2023.01.01 01:00,10.915000,10.915000,10.910000,10.915000,3481.700000
2023.01.01 01:05,10.915000,10.915000,10.900000,10.900000,5862.400000
2023.01.01 01:10,10.900000,10.920000,10.900000,10.915000,9907.700000
2023.01.01 01:15,10.915000,10.925000,10.880000,10.885000,15708.100000
2023.01.01 01:20,10.885000,10.900000,10.885000,10.885000,7039.200000
2023.01.01 01:25,10.885000,10.895000,10.885000,10.895000,5277.300000
2023.01.01 01:30,10.895000,10.920000,10.890000,10.920000,18609.500000
2023.01.01 01:35,10.920000,10.920000,10.890000,10.890000,4748.200000
2023.01.01 01:40,10.890000,10.905000,10.890000,10.895000,6199.300000
2023.01.01 01:45,10.895000,10.900000,10.895000,10.895000,239.400000
2023.01.01 01:50,10.895000,10.895000,10.855000,10.880000,10332.300000
2023.01.01 01:55,10.880000,10.890000,10.875000,10.890000,607.800000
2023.01.01 02:00,10.890000,10.890000,10.850000,10.850000,9767.500000
2023.01.01 02:05,10.850000,10.855000,10.840000,10.845000,4902.200000
2023.01.01 02:10,10.845000,10.870000,10.845000,10.870000,4494.200000
2023.01.01 02:15,10.870000,10.890000,10.870000,10.885000,2011.400000
2023.01.01 02:20,10.885000,10.895000,10.880000,10.885000,2465.100000
2023.01.01 02:25,10.885000,10.890000,10.885000,10.890000,2238.300000
2023.01.01 02:30,10.890000,10.895000,10.885000,10.895000,1621.700000
2023.01.01 02:35,10.895000,10.905000,10.890000,10.905000,3210.200000
2023.01.01 02:40,10.905000,10.905000,10.890000,10.890000,2102.200000
2023.01.01 02:45,10.890000,10.895000,10.890000,10.890000,465.300000
2023.01.01 02:50,10.890000,10.895000,10.885000,10.890000,14005.900000
2023.01.01 02:55,10.890000,10.900000,10.890000,10.900000,418.300000
2023.01.01 03:00,10.900000,10.905000,10.875000,10.880000,12383.500000
2023.01.01 03:05,10.880000,10.880000,10.865000,10.870000,1581.700000
2023.01.01 03:10,10.870000,10.875000,10.865000,10.870000,2691.300000
2023.01.01 03:15,10.870000,10.870000,10.855000,10.860000,6824.600000
2023.01.01 03:20,10.860000,10.870000,10.860000,10.870000,2255.100000
2023.01.01 03:25,10.870000,10.875000,10.870000,10.875000,2055.800000
2023.01.01 03:30,10.875000,10.885000,10.850000,10.850000,3769.800000
2023.01.01 03:35,10.850000,10.855000,10.815000,10.835000,19322.100000
2023.01.01 03:40,10.835000,10.840000,10.825000,10.830000,4594.800000
2023.01.01 03:45,10.830000,10.855000,10.825000,10.855000,2857.000000
2023.01.01 03:50,10.855000,10.855000,10.840000,10.840000,1696.000000
2023.01.01 03:55,10.840000,10.850000,10.840000,10.845000,595.400000
2023.01.01 04:00,10.845000,10.845000,10.830000,10.830000,3968.000000
2023.01.01 04:05,10.830000,10.840000,10.825000,10.840000,17928.400000
2023.01.01 04:10,10.840000,10.850000,10.840000,10.845000,1262.800000
2023.01.01 04:15,10.845000,10.845000,10.840000,10.845000,2157.800000
2023.01.01 04:20,10.845000,10.845000,10.825000,10.840000,4299.800000
2023.01.01 04:25,10.840000,10.845000,10.840000,10.840000,1839.500000
2023.01.01 04:30,10.840000,10.840000,10.830000,10.830000,436.900000
2023.01.01 04:35,10.830000,10.835000,10.815000,10.820000,1790.100000
2023.01.01 04:40,10.820000,10.830000,10.820000,10.830000,494.600000
2023.01.01 04:45,10.830000,10.845000,10.830000,10.845000,5461.300000
2023.01.01 04:50,10.845000,10.845000,10.835000,10.835000,3137.300000
2023.01.01 04:55,10.835000,10.855000,10.830000,10.840000,5144.000000
2023.01.01 05:00,10.840000,10.840000,10.825000,10.825000,1453.900000
2023.01.01 05:05,10.825000,10.835000,10.820000,10.835000,603.700000
2023.01.01 05:10,10.835000,10.845000,10.830000,10.845000,3066.300000
2023.01.01 05:15,10.845000,10.855000,10.845000,10.855000,2593.300000
2023.01.01 05:20,10.855000,10.855000,10.850000,10.850000,703.900000
2023.01.01 05:25,10.850000,10.865000,10.850000,10.850000,6491.700000
2023.01.01 05:30,10.850000,10.885000,10.850000,10.870000,13553.100000
2023.01.01 05:35,10.870000,10.870000,10.860000,10.865000,1501.200000
2023.01.01 05:40,10.865000,10.865000,10.850000,10.850000,1247.900000
2023.01.01 05:45,10.850000,10.850000,10.845000,10.845000,6461.700000
2023.01.01 05:50,10.845000,10.850000,10.845000,10.845000,374.700000
2023.01.01 05:55,10.845000,10.845000,10.840000,10.840000,2121.400000
2023.01.01 06:00,10.840000,10.840000,10.820000,10.820000,10261.500000
2023.01.01 06:05,10.820000,10.830000,10.800000,10.820000,10514.900000
2023.01.01 06:10,10.820000,10.820000,10.810000,10.815000,2246.200000
2023.01.01 06:15,10.815000,10.815000,10.790000,10.800000,14564.200000
2023.01.01 06:20,10.800000,10.805000,10.795000,10.805000,987.700000
2023.01.01 06:25,10.805000,10.805000,10.800000,10.800000,208.300000
2023.01.01 06:30,10.800000,10.815000,10.800000,10.815000,4481.000000
2023.01.01 06:35,10.815000,10.815000,10.810000,10.815000,3321.400000
2023.01.01 06:40,10.815000,10.815000,10.805000,10.805000,1783.400000
2023.01.01 06:45,10.805000,10.815000,10.805000,10.815000,1903.200000
2023.01.01 06:50,10.815000,10.815000,10.805000,10.810000,2200.600000
2023.01.01 06:55,10.810000,10.820000,10.810000,10.815000,2066.100000
2023.01.01 07:00,10.815000,10.815000,10.805000,10.810000,4765.900000
2023.01.01 07:05,10.810000,10.810000,10.790000,10.790000,5042.400000
2023.01.01 07:10,10.790000,10.800000,10.790000,10.800000,8703.900000
2023.01.01 07:15,10.800000,10.800000,10.795000,10.795000,720.600000
2023.01.01 07:20,10.795000,10.795000,10.780000,10.790000,2761.700000
2023.01.01 07:25,10.790000,10.805000,10.785000,10.785000,1497.800000
2023.01.01 07:30,10.785000,10.785000,10.755000,10.760000,8900.900000
2023.01.01 07:35,10.760000,10.765000,10.760000,10.760000,2854.000000
2023.01.01 07:40,10.760000,10.760000,10.740000,10.740000,4682.300000
2023.01.01 07:45,10.740000,10.745000,10.720000,10.730000,22962.200000
2023.01.01 07:50,10.730000,10.740000,10.720000,10.735000,14625.900000
2023.01.01 07:55,10.735000,10.735000,10.695000,10.735000,24996.200000
2023.01.01 08:00,10.735000,10.735000,10.710000,10.715000,15128.900000
2023.01.01 08:05,10.715000,10.730000,10.715000,10.730000,10224.800000
2023.01.01 08:10,10.730000,10.730000,10.700000,10.705000,3707.500000
2023.01.01 08:15,10.705000,10.710000,10.690000,10.705000,9462.600000
2023.01.01 08:20,10.705000,10.715000,10.700000,10.715000,4903.200000
2023.01.01 08:25,10.715000,10.730000,10.715000,10.730000,1380.100000
2023.01.01 08:30,10.730000,10.735000,10.725000,10.730000,1230.900000
2023.01.01 08:35,10.730000,10.730000,10.725000,10.725000,6428.300000
2023.01.01 08:40,10.725000,10.725000,10.715000,10.725000,5456.000000
2023.01.01 08:45,10.725000,10.750000,10.720000,10.740000,8889.000000
2023.01.01 08:50,10.740000,10.745000,10.735000,10.740000,1599.700000
2023.01.01 08:55,10.740000,10.745000,10.735000,10.735000,909.700000
2023.01.01 09:00,10.735000,10.740000,10.730000,10.740000,3902.500000
2023.01.01 09:05,10.740000,10.745000,10.735000,10.745000,517.100000
2023.01.01 09:10,10.745000,10.745000,10.730000,10.730000,3214.500000
2023.01.01 09:15,10.730000,10.740000,10.730000,10.740000,977.300000
2023.01.01 09:20,10.740000,10.750000,10.740000,10.745000,4913.500000
2023.01.01 09:25,10.745000,10.760000,10.745000,10.760000,4141.600000
2023.01.01 09:30,10.760000,10.765000,10.755000,10.755000,3937.100000
2023.01.01 09:35,10.755000,10.755000,10.750000,10.755000,207.700000
2023.01.01 09:40,10.755000,10.760000,10.755000,10.760000,290.400000
2023.01.01 09:45,10.760000,10.760000,10.760000,10.760000,1448.500000
2023.01.01 09:50,10.760000,10.765000,10.755000,10.760000,1934.200000
2023.01.01 09:55,10.760000,10.760000,10.740000,10.740000,3055.400000
2023.01.01 10:00,10.740000,10.740000,10.725000,10.730000,5853.000000
2023.01.01 10:05,10.730000,10.730000,10.725000,10.730000,2150.300000
2023.01.01 10:10,10.730000,10.730000,10.695000,10.710000,21582.500000
2023.01.01 10:15,10.710000,10.710000,10.680000,10.695000,10373.700000
2023.01.01 10:20,10.695000,10.695000,10.680000,10.685000,3022.300000
2023.01.01 10:25,10.685000,10.700000,10.680000,10.700000,3856.300000
2023.01.01 10:30,10.700000,10.705000,10.685000,10.690000,2749.600000
2023.01.01 10:35,10.690000,10.695000,10.685000,10.695000,1242.100000
2023.01.01 10:40,10.695000,10.705000,10.690000,10.705000,3677.300000
2023.01.01 10:45,10.705000,10.705000,10.705000,10.705000,86.700000
2023.01.01 10:50,10.705000,10.710000,10.700000,10.700000,4791.200000
2023.01.01 10:55,10.700000,10.710000,10.700000,10.705000,490.900000
2023.01.01 11:00,10.705000,10.705000,10.685000,10.690000,2009.700000
2023.01.01 11:05,10.690000,10.690000,10.665000,10.670000,22119.000000
2023.01.01 11:10,10.670000,10.680000,10.660000,10.675000,6317.900000
2023.01.01 11:15,10.675000,10.695000,10.670000,10.695000,11367.600000
2023.01.01 11:20,10.695000,10.695000,10.685000,10.690000,6075.100000
2023.01.01 11:25,10.690000,10.695000,10.690000,10.695000,239.600000
2023.01.01 11:30,10.695000,10.695000,10.680000,10.680000,1543.500000
2023.01.01 11:35,10.680000,10.685000,10.680000,10.680000,1409.400000
2023.01.01 11:40,10.680000,10.685000,10.670000,10.670000,5481.100000
2023.01.01 11:45,10.670000,10.675000,10.670000,10.675000,1473.300000
2023.01.01 11:50,10.675000,10.675000,10.655000,10.665000,8181.400000
2023.01.01 11:55,10.665000,10.665000,10.660000,10.665000,77.800000
2023.01.01 12:00,10.665000,10.665000,10.645000,10.655000,7729.100000
2023.01.01 12:05,10.655000,10.665000,10.650000,10.665000,8749.700000
2023.01.01 12:10,10.665000,10.665000,10.655000,10.665000,2106.000000
2023.01.01 12:15,10.665000,10.675000,10.665000,10.670000,876.800000
2023.01.01 12:20,10.670000,10.695000,10.670000,10.695000,2888.600000
2023.01.01 12:25,10.695000,10.695000,10.685000,10.685000,1338.300000
2023.01.01 12:30,10.685000,10.685000,10.685000,10.685000,1125.100000
2023.01.01 12:35,10.685000,10.685000,10.680000,10.680000,320.700000
2023.01.01 12:40,10.680000,10.695000,10.680000,10.690000,5925.000000
2023.01.01 12:45,10.690000,10.700000,10.690000,10.700000,1689.200000
2023.01.01 12:50,10.700000,10.700000,10.695000,10.700000,1610.400000
2023.01.01 12:55,10.700000,10.715000,10.700000,10.710000,6265.900000
2023.01.01 13:00,10.710000,10.710000,10.685000,10.695000,21563.600000
2023.01.01 13:05,10.695000,10.695000,10.685000,10.690000,1716.100000
2023.01.01 13:10,10.690000,10.695000,10.685000,10.695000,1016.900000
2023.01.01 13:15,10.695000,10.695000,10.685000,10.690000,12646.600000
2023.01.01 13:20,10.690000,10.690000,10.675000,10.675000,6513.600000
2023.01.01 13:25,10.675000,10.685000,10.675000,10.685000,362.500000
2023.01.01 13:30,10.685000,10.685000,10.660000,10.660000,5556.100000
2023.01.01 13:35,10.660000,10.670000,10.660000,10.670000,3463.400000
2023.01.01 13:40,10.670000,10.670000,10.665000,10.670000,2516.900000
2023.01.01 13:45,10.670000,10.670000,10.665000,10.670000,819.900000
2023.01.01 13:50,10.670000,10.675000,10.665000,10.670000,1456.500000
2023.01.01 13:55,10.670000,10.695000,10.670000,10.695000,11480.500000
2023.01.01 14:00,10.695000,10.695000,10.685000,10.690000,12281.100000
2023.01.01 14:05,10.690000,10.730000,10.690000,10.730000,22708.400000
2023.01.01 14:10,10.730000,10.730000,10.715000,10.730000,3313.000000
2023.01.01 14:15,10.730000,10.730000,10.720000,10.730000,1843.300000
2023.01.01 14:20,10.730000,10.740000,10.730000,10.740000,2055.700000
2023.01.01 14:25,10.740000,10.740000,10.735000,10.740000,902.400000
2023.01.01 14:30,10.740000,10.740000,10.730000,10.730000,4182.800000
2023.01.01 14:35,10.730000,10.730000,10.725000,10.730000,143.900000
2023.01.01 14:40,10.730000,10.730000,10.730000,10.730000,181.100000
2023.01.01 14:45,10.730000,10.735000,10.725000,10.730000,916.600000
2023.01.01 14:50,10.730000,10.740000,10.725000,10.735000,4921.700000
2023.01.01 14:55,10.735000,10.745000,10.735000,10.745000,1155.100000
2023.01.01 15:00,10.745000,10.750000,10.730000,10.730000,3944.000000
2023.01.01 15:05,10.730000,10.740000,10.720000,10.740000,13925.600000
2023.01.01 15:10,10.740000,10.740000,10.730000,10.740000,2075.500000
2023.01.01 15:15,10.740000,10.745000,10.740000,10.745000,4349.100000
2023.01.01 15:20,10.745000,10.745000,10.740000,10.745000,523.100000
2023.01.01 15:25,10.745000,10.765000,10.745000,10.755000,8444.000000
2023.01.01 15:30,10.755000,10.760000,10.750000,10.750000,1237.000000
2023.01.01 15:35,10.750000,10.750000,10.745000,10.745000,1028.700000
2023.01.01 15:40,10.745000,10.750000,10.745000,10.745000,763.500000
2023.01.01 15:45,10.745000,10.765000,10.745000,10.765000,7122.800000
2023.01.01 15:50,10.765000,10.765000,10.760000,10.765000,2118.000000
2023.01.01 15:55,10.765000,10.765000,10.760000,10.760000,2372.100000
2023.01.01 16:00,10.760000,10.765000,10.755000,10.765000,11780.200000
2023.01.01 16:05,10.765000,10.770000,10.765000,10.770000,584.200000
2023.01.01 16:10,10.770000,10.770000,10.760000,10.760000,1047.800000
2023.01.01 16:15,10.760000,10.760000,10.740000,10.740000,5404.000000
2023.01.01 16:20,10.740000,10.745000,10.735000,10.735000,893.800000
2023.01.01 16:25,10.735000,10.740000,10.735000,10.735000,1140.800000
2023.01.01 16:30,10.735000,10.745000,10.735000,10.735000,2430.400000
2023.01.01 16:35,10.735000,10.735000,10.725000,10.735000,3145.600000
2023.01.01 16:40,10.735000,10.735000,10.710000,10.715000,9027.800000
2023.01.01 16:45,10.715000,10.720000,10.710000,10.720000,8393.200000
2023.01.01 16:50,10.720000,10.730000,10.720000,10.730000,7968.600000
2023.01.01 16:55,10.730000,10.730000,10.725000,10.730000,1273.300000
2023.01.01 17:00,10.730000,10.730000,10.720000,10.720000,1722.500000
2023.01.01 17:05,10.720000,10.725000,10.720000,10.720000,1079.800000
2023.01.01 17:10,10.720000,10.730000,10.720000,10.730000,3430.500000
2023.01.01 17:15,10.730000,10.730000,10.725000,10.725000,1480.100000
2023.01.01 17:20,10.725000,10.735000,10.725000,10.730000,982.000000
2023.01.01 17:25,10.730000,10.740000,10.730000,10.740000,728.200000
2023.01.01 17:30,10.740000,10.760000,10.740000,10.760000,8935.400000
2023.01.01 17:35,10.760000,10.770000,10.750000,10.770000,8493.000000
2023.01.01 17:40,10.770000,10.770000,10.755000,10.755000,868.000000
2023.01.01 17:45,10.755000,10.755000,10.750000,10.755000,1000.800000
2023.01.01 17:50,10.755000,10.755000,10.750000,10.750000,5233.100000
2023.01.01 17:55,10.750000,10.750000,10.720000,10.735000,18685.600000
2023.01.01 18:00,10.735000,10.745000,10.735000,10.735000,1224.200000
2023.01.01 18:05,10.735000,10.740000,10.715000,10.725000,2217.100000
2023.01.01 18:10,10.725000,10.730000,10.725000,10.730000,700.100000
2023.01.01 18:15,10.730000,10.730000,10.725000,10.725000,36.600000
2023.01.01 18:20,10.725000,10.725000,10.705000,10.710000,11196.100000
2023.01.01 18:25,10.710000,10.735000,10.710000,10.735000,17175.900000
2023.01.01 18:30,10.735000,10.745000,10.735000,10.745000,570.100000
2023.01.01 18:35,10.745000,10.745000,10.740000,10.745000,2314.600000
2023.01.01 18:40,10.745000,10.755000,10.740000,10.755000,1397.300000
2023.01.01 18:45,10.755000,10.755000,10.745000,10.745000,621.300000
2023.01.01 18:50,10.745000,10.750000,10.735000,10.735000,1261.200000
2023.01.01 18:55,10.735000,10.755000,10.735000,10.755000,1710.800000
2023.01.01 19:00,10.755000,10.765000,10.750000,10.755000,2344.600000
2023.01.01 19:05,10.755000,10.760000,10.750000,10.760000,1304.800000
2023.01.01 19:10,10.760000,10.760000,10.745000,10.745000,3495.400000
2023.01.01 19:15,10.745000,10.750000,10.740000,10.745000,2409.300000
2023.01.01 19:20,10.745000,10.745000,10.735000,10.735000,1144.300000
2023.01.01 19:25,10.735000,10.745000,10.735000,10.740000,2088.700000
2023.01.01 19:30,10.740000,10.755000,10.740000,10.755000,8637.100000
2023.01.01 19:35,10.755000,10.755000,10.755000,10.755000,61.400000
2023.01.01 19:40,10.755000,10.755000,10.740000,10.740000,2678.400000
2023.01.01 19:45,10.740000,10.750000,10.740000,10.750000,928.600000
2023.01.01 19:50,10.750000,10.755000,10.750000,10.755000,1154.200000
2023.01.01 19:55,10.755000,10.765000,10.755000,10.765000,509.700000
2023.01.01 20:00,10.765000,10.775000,10.755000,10.775000,5168.300000
2023.01.01 20:05,10.775000,10.780000,10.770000,10.775000,3919.800000
2023.01.01 20:10,10.775000,10.780000,10.765000,10.780000,3232.100000
2023.01.01 20:15,10.780000,10.785000,10.775000,10.785000,1647.000000
2023.01.01 20:20,10.785000,10.795000,10.780000,10.790000,4240.600000
2023.01.01 20:25,10.790000,10.810000,10.790000,10.795000,10544.200000
2023.01.01 20:30,10.795000,10.805000,10.790000,10.795000,1716.900000
2023.01.01 20:35,10.795000,10.805000,10.795000,10.805000,1531.900000
2023.01.01 20:40,10.805000,10.815000,10.805000,10.815000,2053.900000
2023.01.01 20:45,10.815000,10.820000,10.815000,10.820000,1724.700000
2023.01.01 20:50,10.820000,10.830000,10.820000,10.825000,3406.700000
2023.01.01 20:55,10.825000,10.840000,10.825000,10.835000,13368.400000
2023.01.01 21:00,10.835000,10.835000,10.825000,10.830000,1334.000000
2023.01.01 21:05,10.830000,10.875000,10.830000,10.860000,30200.100000
2023.01.01 21:10,10.860000,10.870000,10.850000,10.850000,5460.900000
2023.01.01 21:15,10.850000,10.855000,10.845000,10.845000,1430.900000
2023.01.01 21:20,10.845000,10.845000,10.835000,10.845000,3159.100000
2023.01.01 21:25,10.845000,10.855000,10.845000,10.855000,635.400000
2023.01.01 21:30,10.855000,10.865000,10.845000,10.865000,1585.500000
2023.01.01 21:35,10.865000,10.870000,10.855000,10.860000,8805.900000
2023.01.01 21:40,10.860000,10.860000,10.855000,10.855000,101.200000
2023.01.01 21:45,10.855000,10.860000,10.840000,10.840000,5352.200000
2023.01.01 21:50,10.840000,10.855000,10.840000,10.850000,1344.200000
2023.01.01 21:55,10.850000,10.850000,10.845000,10.850000,2833.800000
2023.01.01 22:00,10.850000,10.865000,10.850000,10.855000,8540.600000
2023.01.01 22:05,10.855000,10.870000,10.855000,10.870000,6000.400000
2023.01.01 22:10,10.870000,10.880000,10.865000,10.875000,1464.400000
2023.01.01 22:15,10.875000,10.885000,10.875000,10.880000,2858.700000
2023.01.01 22:20,10.880000,10.890000,10.875000,10.880000,2803.100000
2023.01.01 22:25,10.880000,10.885000,10.880000,10.880000,2042.200000
2023.01.01 22:30,10.880000,10.880000,10.870000,10.870000,1436.900000
2023.01.01 22:35,10.870000,10.885000,10.870000,10.885000,1490.500000
2023.01.01 22:40,10.885000,10.885000,10.880000,10.880000,1894.200000
2023.01.01 22:45,10.880000,10.880000,10.875000,10.880000,4713.200000
2023.01.01 22:50,10.880000,10.905000,10.880000,10.895000,6991.900000
2023.01.01 22:55,10.895000,10.895000,10.870000,10.880000,1438.900000
2023.01.01 23:00,10.880000,10.910000,10.880000,10.900000,7052.100000
2023.01.01 23:05,10.900000,10.905000,10.895000,10.900000,11591.000000
2023.01.01 23:10,10.900000,10.910000,10.900000,10.905000,2935.100000
2023.01.01 23:15,10.905000,10.915000,10.900000,10.915000,1500.000000
2023.01.01 23:20,10.915000,10.925000,10.910000,10.920000,2586.500000
2023.01.01 23:25,10.920000,10.925000,10.910000,10.920000,6642.100000
2023.01.01 23:30,10.920000,10.935000,10.920000,10.925000,10877.300000
2023.01.01 23:35,10.925000,10.935000,10.920000,10.925000,3987.800000
2023.01.01 23:40,10.925000,10.925000,10.895000,10.895000,7225.400000
2023.01.01 23:45,10.895000,10.900000,10.890000,10.890000,3121.400000
2023.01.01 23:50,10.890000,10.900000,10.890000,10.895000,2489.900000
2023.01.01 23:55,10.895000,10.895000,10.860000,10.870000,34177.600000
2023.01.02 00:00,10.870000,10.895000,10.865000,10.865000,7769.100000
2023.01.02 00:05,10.865000,10.870000,10.850000,10.850000,2620.500000
2023.01.02 00:10,10.850000,10.855000,10.845000,10.850000,2144.000000
2023.01.02 00:15,10.850000,10.860000,10.845000,10.860000,7609.000000
2023.01.02 00:20,10.860000,10.865000,10.860000,10.860000,150.300000
2023.01.02 00:25,10.860000,10.865000,10.860000,10.865000,283.500000
2023.01.02 00:30,10.865000,10.865000,10.860000,10.860000,4396.100000
2023.01.02 00:35,10.860000,10.870000,10.860000,10.870000,2652.100000
2023.01.02 00:40,10.870000,10.875000,10.865000,10.865000,426.000000
2023.01.02 00:45,10.865000,10.870000,10.860000,10.870000,753.100000
2023.01.02 00:50,10.870000,10.875000,10.870000,10.875000,1175.600000
2023.01.02 00:55,10.875000,10.875000,10.870000,10.870000,1831.800000
2023.01.02 01:00,10.870000,10.870000,10.865000,10.870000,1807.900000
2023.01.02 01:05,10.870000,10.870000,10.860000,10.865000,2256.700000
2023.01.02 01:10,10.865000,10.865000,10.840000,10.840000,12450.200000
2023.01.02 01:15,10.840000,10.845000,10.840000,10.845000,880.500000
2023.01.02 01:20,10.845000,10.860000,10.845000,10.855000,2404.200000
2023.01.02 01:25,10.855000,10.870000,10.850000,10.865000,3961.400000
2023.01.02 01:30,10.865000,10.895000,10.860000,10.895000,7567.800000
2023.01.02 01:35,10.895000,10.895000,10.865000,10.870000,14187.300000
2023.01.02 01:40,10.870000,10.870000,10.845000,10.845000,8771.300000
2023.01.02 01:45,10.845000,10.855000,10.845000,10.855000,918.100000
2023.01.02 01:50,10.855000,10.875000,10.855000,10.860000,5036.100000
2023.01.02 01:55,10.860000,10.895000,10.845000,10.890000,10676.400000
2023.01.02 02:00,10.890000,10.905000,10.890000,10.905000,34900.200000
2023.01.02 02:05,10.905000,10.920000,10.880000,10.920000,38540.300000
2023.01.02 02:10,10.920000,10.920000,10.860000,10.870000,73877.600000
2023.01.02 02:15,10.870000,10.880000,10.860000,10.860000,8432.900000
2023.01.02 02:20,10.860000,10.870000,10.860000,10.860000,1254.100000
2023.01.02 02:25,10.860000,10.860000,10.845000,10.845000,1394.300000
2023.01.02 02:30,10.845000,10.855000,10.845000,10.850000,1507.700000
2023.01.02 02:35,10.850000,10.860000,10.850000,10.860000,1530.800000
2023.01.02 02:40,10.860000,10.865000,10.855000,10.855000,623.400000
2023.01.02 02:45,10.855000,10.855000,10.840000,10.845000,3129.800000
2023.01.02 02:50,10.845000,10.855000,10.845000,10.850000,212.500000
2023.01.02 02:55,10.850000,10.875000,10.850000,10.860000,1369.300000
2023.01.02 03:00,10.860000,10.880000,10.860000,10.870000,26169.600000
2023.01.02 03:05,10.870000,10.875000,10.850000,10.855000,3215.000000
2023.01.02 03:10,10.855000,10.855000,10.830000,10.830000,5659.500000
2023.01.02 03:15,10.830000,10.835000,10.820000,10.820000,10581.800000
2023.01.02 03:20,10.820000,10.820000,10.815000,10.820000,1703.800000
2023.01.02 03:25,10.820000,10.820000,10.800000,10.805000,6391.000000
2023.01.02 03:30,10.805000,10.815000,10.800000,10.815000,1849.600000
2023.01.02 03:35,10.815000,10.815000,10.800000,10.800000,1979.400000
2023.01.02 03:40,10.800000,10.810000,10.795000,10.810000,984.200000
2023.01.02 03:45,10.810000,10.810000,10.805000,10.810000,178.200000
2023.01.02 03:50,10.810000,10.810000,10.795000,10.795000,1493.300000
2023.01.02 03:55,10.795000,10.810000,10.795000,10.805000,2489.700000
2023.01.02 04:00,10.805000,10.805000,10.785000,10.785000,17081.300000
2023.01.02 04:05,10.785000,10.790000,10.695000,10.730000,157956.700000
2023.01.02 04:10,10.730000,10.750000,10.725000,10.730000,9502.900000
2023.01.02 04:15,10.730000,10.735000,10.710000,10.730000,10460.500000
2023.01.02 04:20,10.730000,10.755000,10.730000,10.755000,5270.100000
2023.01.02 04:25,10.755000,10.775000,10.755000,10.775000,1297.900000
2023.01.02 04:30,10.775000,10.775000,10.755000,10.765000,2271.100000
2023.01.02 04:35,10.765000,10.770000,10.765000,10.770000,434.500000
2023.01.02 04:40,10.770000,10.775000,10.760000,10.760000,709.600000
2023.01.02 04:45,10.760000,10.760000,10.750000,10.750000,1209.700000
2023.01.02 04:50,10.750000,10.750000,10.745000,10.750000,222.200000
2023.01.02 04:55,10.750000,10.750000,10.735000,10.735000,965.100000
2023.01.02 05:00,10.735000,10.750000,10.725000,10.750000,4110.500000
2023.01.02 05:05,10.750000,10.755000,10.745000,10.755000,347.600000
2023.01.02 05:10,10.755000,10.760000,10.755000,10.760000,1862.900000
2023.01.02 05:15,10.760000,10.765000,10.760000,10.765000,658.900000
2023.01.02 05:20,10.765000,10.765000,10.755000,10.755000,739.200000
2023.01.02 05:25,10.755000,10.755000,10.745000,10.750000,3547.600000
2023.01.02 05:30,10.750000,10.755000,10.745000,10.755000,2896.600000
2023.01.02 05:35,10.755000,10.760000,10.755000,10.760000,1148.900000
2023.01.02 05:40,10.760000,10.765000,10.760000,10.760000,529.400000
2023.01.02 05:45,10.760000,10.770000,10.760000,10.760000,1448.800000
2023.01.02 05:50,10.760000,10.785000,10.760000,10.780000,10833.700000
2023.01.02 05:55,10.780000,10.780000,10.765000,10.765000,1587.600000
2023.01.02 06:00,10.765000,10.775000,10.765000,10.775000,2406.500000
2023.01.02 06:05,10.775000,10.780000,10.775000,10.780000,1.900000
2023.01.02 06:10,10.780000,10.780000,10.760000,10.760000,4130.100000
2023.01.02 06:15,10.760000,10.765000,10.760000,10.765000,185.500000
2023.01.02 06:20,10.765000,10.785000,10.765000,10.785000,2880.700000
2023.01.02 06:25,10.785000,10.785000,10.780000,10.785000,475.200000
2023.01.02 06:30,10.785000,10.790000,10.780000,10.780000,1986.300000
2023.01.02 06:35,10.780000,10.790000,10.780000,10.785000,2445.500000
2023.01.02 06:40,10.785000,10.795000,10.785000,10.795000,1948.600000
2023.01.02 06:45,10.795000,10.810000,10.795000,10.805000,1933.400000
2023.01.02 06:50,10.805000,10.900000,10.775000,10.895000,160173.400000
2023.01.02 06:55,10.895000,10.910000,10.840000,10.840000,113749.100000
2023.01.02 07:00,10.840000,10.895000,10.830000,10.895000,128989.500000
2023.01.02 07:05,10.895000,10.965000,10.870000,10.870000,132402.500000
2023.01.02 07:10,10.870000,10.870000,10.845000,10.850000,5265.300000
2023.01.02 07:15,10.850000,10.855000,10.835000,10.835000,9421.300000
2023.01.02 07:20,10.835000,10.850000,10.835000,10.835000,3855.600000
2023.01.02 07:25,10.835000,10.840000,10.825000,10.840000,4286.600000
2023.01.02 07:30,10.840000,10.845000,10.830000,10.840000,5043.900000
2023.01.02 07:35,10.840000,10.850000,10.825000,10.830000,3826.300000
2023.01.02 07:40,10.830000,10.835000,10.830000,10.830000,3783.200000
2023.01.02 07:45,10.830000,10.845000,10.830000,10.845000,2244.700000
2023.01.02 07:50,10.845000,10.855000,10.845000,10.850000,2691.200000
2023.01.02 07:55,10.850000,10.850000,10.845000,10.850000,774.900000
2023.01.02 08:00,10.850000,10.860000,10.840000,10.845000,8406.600000
2023.01.02 08:05,10.845000,10.850000,10.835000,10.835000,7538.400000
2023.01.02 08:10,10.835000,10.840000,10.830000,10.835000,6425.500000
2023.01.02 08:15,10.835000,10.835000,10.825000,10.830000,92.600000
2023.01.02 08:20,10.830000,10.835000,10.825000,10.835000,975.600000
2023.01.02 08:25,10.835000,10.850000,10.835000,10.850000,1473.500000
2023.01.02 08:30,10.850000,10.850000,10.830000,10.830000,1454.300000
2023.01.02 08:35,10.830000,10.845000,10.825000,10.845000,3795.900000
2023.01.02 08:40,10.845000,10.845000,10.840000,10.845000,167.400000
2023.01.02 08:45,10.845000,10.855000,10.845000,10.855000,1663.300000
2023.01.02 08:50,10.855000,10.860000,10.855000,10.860000,251.900000
2023.01.02 08:55,10.860000,10.860000,10.860000,10.860000,137.300000
2023.01.02 09:00,10.860000,10.870000,10.860000,10.870000,3909.700000
2023.01.02 09:05,10.870000,10.890000,10.870000,10.875000,8907.700000
2023.01.02 09:10,10.875000,10.890000,10.875000,10.880000,498.400000
2023.01.02 09:15,10.880000,10.880000,10.875000,10.875000,115.100000
2023.01.02 09:20,10.875000,10.890000,10.875000,10.885000,1170.600000
2023.01.02 09:25,10.885000,10.890000,10.865000,10.865000,820.900000
2023.01.02 09:30,10.865000,10.885000,10.865000,10.865000,5834.700000
2023.01.02 09:35,10.865000,10.870000,10.860000,10.860000,729.400000
2023.01.02 09:40,10.860000,10.870000,10.855000,10.865000,1217.900000
2023.01.02 09:45,10.865000,10.865000,10.865000,10.865000,47.300000
2023.01.02 09:50,10.865000,10.870000,10.860000,10.865000,453.400000
2023.01.02 09:55,10.865000,10.870000,10.865000,10.870000,8.000000
2023.01.02 10:00,10.870000,10.885000,10.870000,10.885000,2419.700000
2023.01.02 10:05,10.885000,10.890000,10.885000,10.885000,334.000000
2023.01.02 10:10,10.885000,11.160000,10.875000,11.115000,198537.300000
2023.01.02 10:15,11.115000,11.275000,11.020000,11.120000,443782.700000
2023.01.02 10:20,11.120000,11.150000,11.085000,11.095000,37359.400000
2023.01.02 10:25,11.095000,11.120000,11.065000,11.095000,21141.000000
2023.01.02 10:30,11.095000,11.115000,11.085000,11.085000,13026.000000
2023.01.02 10:35,11.085000,11.145000,11.070000,11.145000,8669.800000
2023.01.02 10:40,11.145000,11.150000,11.125000,11.140000,12812.900000
2023.01.02 10:45,11.140000,11.175000,11.130000,11.140000,11782.500000
2023.01.02 10:50,11.140000,11.140000,11.110000,11.130000,5355.000000
2023.01.02 10:55,11.130000,11.140000,11.120000,11.120000,2400.700000
2023.01.02 11:00,11.120000,11.140000,11.105000,11.135000,11675.300000
2023.01.02 11:05,11.135000,11.160000,11.130000,11.150000,17002.700000
2023.01.02 11:10,11.150000,11.190000,11.150000,11.185000,13332.700000
2023.01.02 11:15,11.185000,11.190000,11.140000,11.145000,17478.200000
2023.01.02 11:20,11.145000,11.160000,11.135000,11.160000,4724.400000
2023.01.02 11:25,11.160000,11.175000,11.140000,11.145000,3307.200000
2023.01.02 11:30,11.145000,11.175000,11.145000,11.175000,6086.600000
2023.01.02 11:35,11.175000,11.180000,11.165000,11.175000,1365.600000
2023.01.02 11:40,11.175000,11.175000,11.165000,11.165000,3501.400000
2023.01.02 11:45,11.165000,11.170000,11.145000,11.145000,3367.800000
2023.01.02 11:50,11.145000,11.145000,11.135000,11.145000,1713.300000
2023.01.02 11:55,11.145000,11.155000,11.140000,11.145000,763.100000
2023.01.02 12:00,11.145000,11.150000,11.135000,11.150000,6214.200000
2023.01.02 12:05,11.150000,11.180000,11.150000,11.165000,5769.800000
2023.01.02 12:10,11.165000,11.170000,11.150000,11.150000,542.700000
2023.01.02 12:15,11.150000,11.160000,11.135000,11.160000,8644.100000
2023.01.02 12:20,11.160000,11.170000,11.155000,11.155000,4636.300000
2023.01.02 12:25,11.155000,11.155000,11.140000,11.145000,1114.400000
2023.01.02 12:30,11.145000,11.155000,11.140000,11.150000,3240.200000
2023.01.02 12:35,11.150000,11.170000,11.145000,11.165000,3218.000000
2023.01.02 12:40,11.165000,11.175000,11.155000,11.160000,2371.800000
2023.01.02 12:45,11.160000,11.165000,11.145000,11.150000,472.000000
2023.01.02 12:50,11.150000,11.150000,11.125000,11.125000,3673.700000
2023.01.02 12:55,11.125000,11.130000,11.115000,11.130000,1512.000000
2023.01.02 13:00,11.130000,11.140000,11.095000,11.135000,22393.500000
2023.01.02 13:05,11.135000,11.175000,11.135000,11.145000,15354.000000
2023.01.02 13:10,11.145000,11.145000,11.130000,11.135000,1321.900000
2023.01.02 13:15,11.135000,11.145000,11.135000,11.135000,1290.200000
2023.01.02 13:20,11.135000,11.140000,11.130000,11.135000,1937.600000
2023.01.02 13:25,11.135000,11.155000,11.135000,11.155000,556.800000
2023.01.02 13:30,11.155000,11.165000,11.155000,11.160000,2250.900000
2023.01.02 13:35,11.160000,11.160000,11.150000,11.150000,2915.300000
2023.01.02 13:40,11.150000,11.155000,11.150000,11.150000,912.600000
2023.01.02 13:45,11.150000,11.160000,11.145000,11.155000,1560.900000
2023.01.02 13:50,11.155000,11.155000,11.150000,11.150000,314.000000
2023.01.02 13:55,11.150000,11.160000,11.145000,11.155000,1214.700000
2023.01.02 14:00,11.155000,11.155000,11.140000,11.145000,3159.000000
2023.01.02 14:05,11.145000,11.145000,11.140000,11.145000,11.300000
2023.01.02 14:10,11.145000,11.145000,11.140000,11.145000,182.000000
2023.01.02 14:15,11.145000,11.150000,11.130000,11.130000,1179.700000
2023.01.02 14:20,11.130000,11.130000,11.125000,11.125000,3268.200000
2023.01.02 14:25,11.125000,11.125000,11.110000,11.110000,1702.400000
2023.01.02 14:30,11.110000,11.145000,11.100000,11.120000,15605.100000
2023.01.02 14:35,11.120000,11.125000,11.105000,11.125000,5042.800000
2023.01.02 14:40,11.125000,11.155000,11.125000,11.150000,9362.000000
2023.01.02 14:45,11.150000,11.160000,11.145000,11.150000,3543.300000
2023.01.02 14:50,11.150000,11.150000,11.135000,11.140000,2981.600000
2023.01.02 14:55,11.140000,11.140000,11.140000,11.140000,2370.700000
2023.01.02 15:00,11.140000,11.165000,11.135000,11.165000,9472.900000
2023.01.02 15:05,11.165000,11.185000,11.155000,11.180000,9601.200000
2023.01.02 15:10,11.180000,11.185000,11.165000,11.180000,3220.700000
2023.01.02 15:15,11.180000,11.210000,11.170000,11.170000,9883.000000
2023.01.02 15:20,11.170000,11.175000,11.165000,11.175000,2845.800000
2023.01.02 15:25,11.175000,11.185000,11.165000,11.185000,4363.900000
2023.01.02 15:30,11.185000,11.185000,11.165000,11.175000,825.000000
2023.01.02 15:35,11.175000,11.185000,11.170000,11.175000,7905.400000
2023.01.02 15:40,11.175000,11.175000,11.160000,11.160000,1375.700000
2023.01.02 15:45,11.160000,11.165000,11.155000,11.160000,2033.200000
2023.01.02 15:50,11.160000,11.165000,11.150000,11.150000,514.500000
2023.01.02 15:55,11.150000,11.155000,11.150000,11.155000,219.400000
2023.01.02 16:00,11.155000,11.165000,11.155000,11.160000,468.200000
2023.01.02 16:05,11.160000,11.160000,11.135000,11.145000,2563.300000
2023.01.02 16:10,11.145000,11.150000,11.135000,11.140000,10342.600000
2023.01.02 16:15,11.140000,11.145000,11.140000,11.145000,183.700000
2023.01.02 16:20,11.145000,11.155000,11.135000,11.150000,2857.600000
2023.01.02 16:25,11.150000,11.150000,11.150000,11.150000,609.200000
2023.01.02 16:30,11.150000,11.165000,11.135000,11.135000,2425.700000
2023.01.02 16:35,11.135000,11.145000,11.120000,11.130000,8985.600000
2023.01.02 16:40,11.130000,11.135000,11.110000,11.120000,11419.800000
2023.01.02 16:45,11.120000,11.140000,11.120000,11.135000,12815.400000
2023.01.02 16:50,11.135000,11.145000,11.130000,11.130000,4806.500000
2023.01.02 16:55,11.130000,11.140000,11.130000,11.135000,4728.000000
2023.01.02 17:00,11.135000,11.145000,11.130000,11.140000,3232.300000
2023.01.02 17:05,11.140000,11.140000,11.125000,11.130000,1231.400000
2023.01.02 17:10,11.130000,11.140000,11.125000,11.140000,1182.400000
2023.01.02 17:15,11.140000,11.155000,11.135000,11.150000,2932.500000
2023.01.02 17:20,11.150000,11.150000,11.140000,11.145000,1226.700000
2023.01.02 17:25,11.145000,11.145000,11.125000,11.125000,1197.600000
2023.01.02 17:30,11.125000,11.135000,11.115000,11.125000,3511.600000
2023.01.02 17:35,11.125000,11.125000,11.110000,11.115000,8124.300000
2023.01.02 17:40,11.115000,11.160000,11.115000,11.160000,7802.700000
2023.01.02 17:45,11.160000,11.160000,11.135000,11.140000,15339.000000
2023.01.02 17:50,11.140000,11.140000,11.135000,11.135000,619.500000
2023.01.02 17:55,11.135000,11.155000,11.135000,11.145000,14102.600000
2023.01.02 18:00,11.145000,11.175000,11.140000,11.150000,14157.000000
2023.01.02 18:05,11.150000,11.150000,11.135000,11.140000,2497.800000
2023.01.02 18:10,11.140000,11.155000,11.140000,11.155000,4873.700000
2023.01.02 18:15,11.155000,11.185000,11.155000,11.170000,3871.400000
2023.01.02 18:20,11.170000,11.170000,11.150000,11.170000,14946.900000
2023.01.02 18:25,11.170000,11.170000,11.150000,11.155000,8742.500000
2023.01.02 18:30,11.155000,11.195000,11.150000,11.170000,6880.400000
2023.01.02 18:35,11.170000,11.190000,11.165000,11.185000,2951.300000
2023.01.02 18:40,11.185000,11.205000,11.180000,11.200000,8246.400000
2023.01.02 18:45,11.200000,11.200000,11.180000,11.185000,7028.800000
2023.01.02 18:50,11.185000,11.190000,11.175000,11.180000,907.500000
2023.01.02 18:55,11.180000,11.185000,11.175000,11.180000,2455.600000
2023.01.02 19:00,11.180000,11.195000,11.175000,11.180000,4351.500000
2023.01.02 19:05,11.180000,11.190000,11.175000,11.180000,3294.700000
2023.01.02 19:10,11.180000,11.210000,11.180000,11.205000,1360.400000
2023.01.02 19:15,11.205000,11.205000,11.190000,11.195000,902.500000
2023.01.02 19:20,11.195000,11.195000,11.185000,11.190000,3143.700000
2023.01.02 19:25,11.190000,11.195000,11.190000,11.190000,638.800000
2023.01.02 19:30,11.190000,11.195000,11.180000,11.190000,3937.600000
2023.01.02 19:35,11.190000,11.205000,11.180000,11.200000,5406.400000
2023.01.02 19:40,11.200000,11.200000,11.190000,11.195000,2405.900000
2023.01.02 19:45,11.195000,11.195000,11.175000,11.175000,1111.900000
2023.01.02 19:50,11.175000,11.175000,11.155000,11.165000,4585.700000
2023.01.02 19:55,11.165000,11.170000,11.160000,11.160000,2677.800000
2023.01.02 20:00,11.160000,11.165000,11.160000,11.165000,2574.900000
2023.01.02 20:05,11.165000,11.170000,11.160000,11.165000,1419.500000
2023.01.02 20:10,11.165000,11.170000,11.145000,11.155000,1726.400000
2023.01.02 20:15,11.155000,11.155000,11.145000,11.145000,2281.400000
2023.01.02 20:20,11.145000,11.150000,11.145000,11.150000,934.100000
2023.01.02 20:25,11.150000,11.160000,11.145000,11.160000,2495.600000
2023.01.02 20:30,11.160000,11.165000,11.155000,11.155000,5232.300000
2023.01.02 20:35,11.155000,11.155000,11.140000,11.140000,4633.200000
2023.01.02 20:40,11.140000,11.145000,11.130000,11.135000,1905.600000
2023.01.02 20:45,11.135000,11.135000,11.125000,11.130000,931.900000
2023.01.02 20:50,11.130000,11.140000,11.125000,11.140000,911.000000
2023.01.02 20:55,11.140000,11.145000,11.135000,11.145000,208.600000
2023.01.02 21:00,11.145000,11.165000,11.145000,11.165000,1059.600000
2023.01.02 21:05,11.165000,11.165000,11.155000,11.155000,1267.000000
2023.01.02 21:10,11.155000,11.170000,11.155000,11.170000,335.100000
2023.01.02 21:15,11.170000,11.170000,11.165000,11.170000,259.200000
2023.01.02 21:20,11.170000,11.180000,11.170000,11.175000,611.800000
2023.01.02 21:25,11.175000,11.175000,11.165000,11.170000,546.800000
2023.01.02 21:30,11.170000,11.180000,11.165000,11.180000,290.600000
2023.01.02 21:35,11.180000,11.195000,11.175000,11.185000,3212.300000
2023.01.02 21:40,11.185000,11.190000,11.185000,11.185000,374.800000
2023.01.02 21:45,11.185000,11.200000,11.185000,11.200000,584.800000
2023.01.02 21:50,11.200000,11.205000,11.195000,11.205000,512.200000
2023.01.02 21:55,11.205000,11.205000,11.170000,11.170000,3250.600000
2023.01.02 22:00,11.170000,11.180000,11.170000,11.170000,979.600000
2023.01.02 22:05,11.170000,11.175000,11.170000,11.170000,425.600000
2023.01.02 22:10,11.170000,11.175000,11.170000,11.170000,11171.300000
2023.01.02 22:15,11.170000,11.185000,11.170000,11.170000,8186.300000
2023.01.02 22:20,11.170000,11.175000,11.165000,11.165000,1130.200000
2023.01.02 22:25,11.165000,11.165000,11.160000,11.160000,5853.100000
2023.01.02 22:30,11.160000,11.170000,11.155000,11.170000,1452.200000
2023.01.02 22:35,11.170000,11.170000,11.165000,11.170000,61.200000
2023.01.02 22:40,11.170000,11.170000,11.165000,11.170000,146.800000
2023.01.02 22:45,11.170000,11.195000,11.170000,11.185000,19497.500000
2023.01.02 22:50,11.185000,11.200000,11.185000,11.195000,9241.300000
2023.01.02 22:55,11.195000,11.195000,11.190000,11.190000,951.200000
2023.01.02 23:00,11.190000,11.190000,11.140000,11.150000,20542.700000
2023.01.02 23:05,11.150000,11.160000,11.150000,11.160000,1010.000000
2023.01.02 23:10,11.160000,11.160000,11.155000,11.160000,1449.400000
2023.01.02 23:15,11.160000,11.165000,11.155000,11.165000,117.400000
2023.01.02 23:20,11.165000,11.175000,11.165000,11.175000,1163.300000
2023.01.02 23:25,11.175000,11.180000,11.170000,11.175000,3119.500000
2023.01.02 23:30,11.175000,11.190000,11.165000,11.165000,2685.500000
2023.01.02 23:35,11.165000,11.175000,11.165000,11.175000,723.500000
2023.01.02 23:40,11.175000,11.180000,11.175000,11.180000,519.800000
2023.01.02 23:45,11.180000,11.185000,11.180000,11.180000,692.300000
2023.01.02 23:50,11.180000,11.180000,11.170000,11.175000,517.100000
2023.01.02 23:55,11.175000,11.175000,11.165000,11.175000,1455.900000
2023.01.03 00:00,11.175000,11.195000,11.175000,11.185000,1822.500000
2023.01.03 00:05,11.185000,11.190000,11.180000,11.190000,1263.600000
2023.01.03 00:10,11.190000,11.190000,11.185000,11.185000,935.600000
2023.01.03 00:15,11.185000,11.185000,11.175000,11.175000,242.500000
2023.01.03 00:20,11.175000,11.190000,11.175000,11.185000,738.700000
2023.01.03 00:25,11.185000,11.185000,11.175000,11.180000,1931.700000
2023.01.03 00:30,11.180000,11.185000,11.180000,11.185000,8468.200000
2023.01.03 00:35,11.185000,11.190000,11.180000,11.190000,418.200000
2023.01.03 00:40,11.190000,11.195000,11.180000,11.185000,3007.000000
2023.01.03 00:45,11.185000,11.190000,11.180000,11.185000,348.300000
2023.01.03 00:50,11.185000,11.195000,11.185000,11.195000,380.000000
2023.01.03 00:55,11.195000,11.275000,11.195000,11.235000,40347.600000
2023.01.03 01:00,11.235000,11.235000,11.205000,11.210000,5149.700000
2023.01.03 01:05,11.210000,11.215000,11.195000,11.200000,5705.300000
2023.01.03 01:10,11.200000,11.210000,11.200000,11.200000,8487.000000
2023.01.03 01:15,11.200000,11.215000,11.200000,11.215000,2075.400000
2023.01.03 01:20,11.215000,11.225000,11.210000,11.220000,865.400000
2023.01.03 01:25,11.220000,11.235000,11.185000,11.185000,9474.100000
2023.01.03 01:30,11.185000,11.195000,11.160000,11.165000,6126.900000
2023.01.03 01:35,11.165000,11.170000,11.160000,11.170000,985.200000
2023.01.03 01:40,11.170000,11.170000,11.140000,11.140000,6291.000000
2023.01.03 01:45,11.140000,11.155000,11.065000,11.110000,27358.400000
2023.01.03 01:50,11.110000,11.125000,11.095000,11.115000,14496.800000
2023.01.03 01:55,11.115000,11.130000,11.115000,11.120000,2271.500000
2023.01.03 02:00,11.120000,11.155000,11.090000,11.135000,30755.100000
2023.01.03 02:05,11.135000,11.165000,11.135000,11.160000,3168.100000
2023.01.03 02:10,11.160000,11.160000,11.145000,11.155000,672.700000
2023.01.03 02:15,11.155000,11.155000,11.150000,11.155000,2707.500000
2023.01.03 02:20,11.155000,11.165000,11.155000,11.155000,3195.000000
2023.01.03 02:25,11.155000,11.170000,11.145000,11.170000,2878.400000
2023.01.03 02:30,11.170000,11.170000,11.160000,11.170000,5818.000000
2023.01.03 02:35,11.170000,11.170000,11.150000,11.155000,5008.600000
2023.01.03 02:40,11.155000,11.170000,11.155000,11.165000,1660.200000
2023.01.03 02:45,11.165000,11.170000,11.145000,11.145000,1660.900000
2023.01.03 02:50,11.145000,11.150000,11.135000,11.145000,1883.500000
2023.01.03 02:55,11.145000,11.155000,11.135000,11.155000,2094.800000
2023.01.03 03:00,11.155000,11.160000,11.100000,11.100000,30634.700000
2023.01.03 03:05,11.100000,11.150000,11.100000,11.150000,6961.600000
2023.01.03 03:10,11.150000,11.150000,11.135000,11.140000,783.900000
2023.01.03 03:15,11.140000,11.145000,11.140000,11.140000,176.800000
2023.01.03 03:20,11.140000,11.140000,11.115000,11.125000,3709.800000
2023.01.03 03:25,11.125000,11.125000,11.115000,11.120000,192.600000
2023.01.03 03:30,11.120000,11.175000,11.115000,11.175000,12694.800000
2023.01.03 03:35,11.175000,11.185000,11.170000,11.175000,1075.900000
2023.01.03 03:40,11.175000,11.195000,11.165000,11.195000,7630.200000
2023.01.03 03:45,11.195000,11.195000,11.185000,11.185000,3699.500000
2023.01.03 03:50,11.185000,11.185000,11.165000,11.165000,1219.300000
2023.01.03 03:55,11.165000,11.170000,11.165000,11.170000,622.500000
2023.01.03 04:00,11.170000,11.170000,11.155000,11.165000,12612.200000
2023.01.03 04:05,11.165000,11.175000,11.155000,11.155000,225.000000
2023.01.03 04:10,11.155000,11.155000,11.150000,11.155000,610.000000
2023.01.03 04:15,11.155000,11.155000,11.125000,11.125000,907.600000
2023.01.03 04:20,11.125000,11.125000,11.065000,11.080000,25732.500000
2023.01.03 04:25,11.080000,11.100000,11.070000,11.080000,11743.200000
2023.01.03 04:30,11.080000,11.110000,11.075000,11.110000,2284.700000
2023.01.03 04:35,11.110000,11.115000,11.080000,11.085000,11265.300000
2023.01.03 04:40,11.085000,11.095000,11.085000,11.095000,2398.700000
2023.01.03 04:45,11.095000,11.105000,11.085000,11.085000,7552.200000
2023.01.03 04:50,11.085000,11.090000,11.075000,11.085000,17963.200000
2023.01.03 04:55,11.085000,11.090000,11.065000,11.080000,4593.700000
2023.01.03 05:00,11.080000,11.095000,11.070000,11.095000,3373.600000
2023.01.03 05:05,11.095000,11.100000,11.095000,11.095000,2405.300000
2023.01.03 05:10,11.095000,11.115000,11.090000,11.115000,10345.400000
2023.01.03 05:15,11.115000,11.115000,11.100000,11.100000,1946.600000
2023.01.03 05:20,11.100000,11.105000,11.090000,11.090000,891.300000
2023.01.03 05:25,11.090000,11.100000,11.090000,11.095000,17771.800000
2023.01.03 05:30,11.095000,11.105000,11.095000,11.105000,1737.200000
2023.01.03 05:35,11.105000,11.105000,11.090000,11.090000,3470.300000
2023.01.03 05:40,11.090000,11.175000,11.070000,11.160000,142635.500000
2023.01.03 05:45,11.160000,11.170000,11.090000,11.100000,65308.000000
2023.01.03 05:50,11.100000,11.115000,11.100000,11.110000,1234.800000
2023.01.03 05:55,11.110000,11.115000,11.100000,11.100000,9580.800000
2023.01.03 06:00,11.100000,11.105000,11.090000,11.095000,1820.600000
2023.01.03 06:05,11.095000,11.100000,11.095000,11.095000,303.100000
2023.01.03 06:10,11.095000,11.095000,11.060000,11.075000,81539.800000
2023.01.03 06:15,11.075000,11.105000,11.075000,11.100000,4505.200000
2023.01.03 06:20,11.100000,11.135000,11.080000,11.100000,108488.900000
2023.01.03 06:25,11.100000,11.105000,11.090000,11.095000,1272.100000
2023.01.03 06:30,11.095000,11.125000,11.095000,11.125000,17388.700000
2023.01.03 06:35,11.125000,11.130000,11.120000,11.125000,5910.500000
2023.01.03 06:40,11.125000,11.125000,11.110000,11.120000,11709.700000
2023.01.03 06:45,11.120000,11.135000,11.120000,11.135000,1921.900000
2023.01.03 06:50,11.135000,11.135000,11.130000,11.130000,509.600000
2023.01.03 06:55,11.130000,11.140000,11.125000,11.140000,558.200000
2023.01.03 07:00,11.140000,11.150000,11.135000,11.140000,3577.300000
2023.01.03 07:05,11.140000,11.145000,11.140000,11.145000,251.900000
2023.01.03 07:10,11.145000,11.160000,11.145000,11.160000,1095.700000
2023.01.03 07:15,11.160000,11.165000,11.155000,11.160000,2602.200000
2023.01.03 07:20,11.160000,11.160000,11.145000,11.145000,708.400000
2023.01.03 07:25,11.145000,11.165000,11.145000,11.165000,7654.400000
2023.01.03 07:30,11.165000,11.165000,11.155000,11.155000,727.500000
2023.01.03 07:35,11.155000,11.185000,11.150000,11.180000,11635.700000
2023.01.03 07:40,11.180000,11.180000,11.170000,11.180000,3244.500000
2023.01.03 07:45,11.180000,11.180000,11.175000,11.175000,3053.300000
2023.01.03 07:50,11.175000,11.175000,11.170000,11.175000,4987.800000
2023.01.03 07:55,11.175000,11.195000,11.175000,11.185000,9067.000000
2023.01.03 08:00,11.185000,11.195000,11.185000,11.190000,1020.100000
2023.01.03 08:05,11.190000,11.195000,11.190000,11.190000,1044.400000
2023.01.03 08:10,11.190000,11.220000,11.190000,11.215000,20321.500000
2023.01.03 08:15,11.215000,11.235000,11.215000,11.225000,12930.300000
2023.01.03 08:20,11.225000,11.245000,11.215000,11.215000,10604.200000
2023.01.03 08:25,11.215000,11.215000,11.205000,11.205000,3963.300000
2023.01.03 08:30,11.205000,11.205000,11.200000,11.205000,1665.000000
2023.01.03 08:35,11.205000,11.235000,11.205000,11.230000,1900.500000
2023.01.03 08:40,11.230000,11.250000,11.220000,11.245000,11403.200000
2023.01.03 08:45,11.245000,11.260000,11.245000,11.260000,3831.000000
2023.01.03 08:50,11.260000,11.290000,11.255000,11.265000,23415.800000
2023.01.03 08:55,11.265000,11.330000,11.265000,11.325000,17753.900000
2023.01.03 09:00,11.325000,11.350000,11.305000,11.335000,21894.400000
2023.01.03 09:05,11.335000,11.345000,11.315000,11.315000,3568.100000
2023.01.03 09:10,11.315000,11.315000,11.300000,11.305000,1776.200000
2023.01.03 09:15,11.305000,11.305000,11.290000,11.300000,1509.900000
2023.01.03 09:20,11.300000,11.300000,11.285000,11.290000,4572.200000
2023.01.03 09:25,11.290000,11.330000,11.290000,11.330000,4940.400000
2023.01.03 09:30,11.330000,11.340000,11.310000,11.315000,7747.000000
2023.01.03 09:35,11.315000,11.315000,11.285000,11.285000,4502.300000
2023.01.03 09:40,11.285000,11.285000,11.275000,11.285000,5345.500000
2023.01.03 09:45,11.285000,11.285000,11.270000,11.270000,2318.900000
2023.01.03 09:50,11.270000,11.270000,11.240000,11.250000,2850.400000
2023.01.03 09:55,11.250000,11.265000,11.245000,11.255000,1499.100000
2023.01.03 10:00,11.255000,11.265000,11.250000,11.250000,2036.600000
2023.01.03 10:05,11.250000,11.250000,11.240000,11.245000,972.400000
2023.01.03 10:10,11.245000,11.260000,11.245000,11.255000,435.300000
2023.01.03 10:15,11.255000,11.260000,11.250000,11.260000,2403.700000
2023.01.03 10:20,11.260000,11.260000,11.250000,11.250000,1331.300000
2023.01.03 10:25,11.250000,11.250000,11.240000,11.250000,660.200000
2023.01.03 10:30,11.250000,11.250000,11.235000,11.250000,5162.700000
2023.01.03 10:35,11.250000,11.250000,11.245000,11.245000,135.400000
2023.01.03 10:40,11.245000,11.280000,11.245000,11.270000,8639.300000
2023.01.03 10:45,11.270000,11.285000,11.265000,11.285000,1482.200000
2023.01.03 10:50,11.285000,11.285000,11.280000,11.280000,1420.300000
2023.01.03 10:55,11.280000,11.280000,11.270000,11.270000,2394.900000
2023.01.03 11:00,11.270000,11.295000,11.270000,11.275000,14832.700000
2023.01.03 11:05,11.275000,11.275000,11.240000,11.245000,11911.800000
2023.01.03 11:10,11.245000,11.250000,11.230000,11.235000,3304.500000
2023.01.03 11:15,11.235000,11.235000,11.205000,11.210000,8454.100000
2023.01.03 11:20,11.210000,11.225000,11.210000,11.220000,4389.500000
2023.01.03 11:25,11.220000,11.220000,11.200000,11.220000,4740.600000
2023.01.03 11:30,11.220000,11.225000,11.205000,11.210000,14822.500000
2023.01.03 11:35,11.210000,11.210000,11.200000,11.200000,10263.700000
2023.01.03 11:40,11.200000,11.200000,11.155000,11.170000,19406.700000
2023.01.03 11:45,11.170000,11.195000,11.170000,11.180000,2401.700000
2023.01.03 11:50,11.180000,11.195000,11.175000,11.195000,1871.900000
2023.01.03 11:55,11.195000,11.215000,11.195000,11.210000,1306.200000
2023.01.03 12:00,11.210000,11.225000,11.210000,11.225000,832.600000
2023.01.03 12:05,11.225000,11.230000,11.205000,11.210000,5086.100000
2023.01.03 12:10,11.210000,11.220000,11.205000,11.215000,2520.100000
2023.01.03 12:15,11.215000,11.230000,11.210000,11.215000,2483.600000
2023.01.03 12:20,11.215000,11.245000,11.215000,11.245000,5662.200000
2023.01.03 12:25,11.245000,11.250000,11.235000,11.250000,1936.400000
2023.01.03 12:30,11.250000,11.270000,11.245000,11.265000,2441.100000
2023.01.03 12:35,11.265000,11.270000,11.250000,11.270000,2810.700000
2023.01.03 12:40,11.270000,11.280000,11.270000,11.275000,2473.300000
2023.01.03 12:45,11.275000,11.280000,11.265000,11.275000,3648.700000
2023.01.03 12:50,11.275000,11.300000,11.275000,11.285000,6359.000000
2023.01.03 12:55,11.285000,11.295000,11.280000,11.280000,242.400000
2023.01.03 13:00,11.280000,11.295000,11.280000,11.280000,2042.900000
2023.01.03 13:05,11.280000,11.280000,11.270000,11.270000,3502.300000
2023.01.03 13:10,11.270000,11.300000,11.265000,11.290000,11395.100000
2023.01.03 13:15,11.290000,11.325000,11.290000,11.300000,7019.100000
2023.01.03 13:20,11.300000,11.315000,11.290000,11.310000,5293.800000
2023.01.03 13:25,11.310000,11.315000,11.310000,11.310000,1214.600000
2023.01.03 13:30,11.310000,11.335000,11.300000,11.335000,9933.200000
2023.01.03 13:35,11.335000,11.335000,11.315000,11.320000,3285.000000
2023.01.03 13:40,11.320000,11.320000,11.320000,11.320000,659.500000
2023.01.03 13:45,11.320000,11.325000,11.310000,11.315000,3117.000000
2023.01.03 13:50,11.315000,11.315000,11.300000,11.300000,1656.200000
2023.01.03 13:55,11.300000,11.310000,11.295000,11.310000,15235.400000
2023.01.03 14:00,11.310000,11.320000,11.300000,11.300000,6656.400000
2023.01.03 14:05,11.300000,11.315000,11.300000,11.310000,1210.300000
2023.01.03 14:10,11.310000,11.315000,11.290000,11.295000,1610.200000
2023.01.03 14:15,11.295000,11.325000,11.290000,11.315000,8215.800000
2023.01.03 14:20,11.315000,11.315000,11.300000,11.305000,1490.400000
2023.01.03 14:25,11.305000,11.315000,11.305000,11.315000,488.500000
2023.01.03 14:30,11.315000,11.360000,11.310000,11.345000,18523.200000
2023.01.03 14:35,11.345000,11.355000,11.335000,11.340000,3752.500000
2023.01.03 14:40,11.340000,11.340000,11.280000,11.290000,6755.200000
2023.01.03 14:45,11.290000,11.300000,11.265000,11.285000,8495.200000
2023.01.03 14:50,11.285000,11.290000,11.280000,11.285000,2200.800000
2023.01.03 14:55,11.285000,11.290000,11.280000,11.280000,4259.100000
2023.01.03 15:00,11.280000,11.290000,11.270000,11.285000,3002.100000
2023.01.03 15:05,11.285000,11.295000,11.275000,11.275000,7521.900000
2023.01.03 15:10,11.275000,11.280000,11.265000,11.275000,1786.900000
2023.01.03 15:15,11.275000,11.275000,11.255000,11.255000,1194.400000
2023.01.03 15:20,11.255000,11.405000,11.245000,11.355000,69945.300000
2023.01.03 15:25,11.355000,11.390000,11.350000,11.360000,9593.900000
2023.01.03 15:30,11.360000,11.360000,11.335000,11.340000,8949.700000
2023.01.03 15:35,11.340000,11.345000,11.315000,11.315000,6451.600000
2023.01.03 15:40,11.315000,11.345000,11.315000,11.320000,13298.500000
2023.01.03 15:45,11.320000,11.320000,11.295000,11.305000,4338.600000
2023.01.03 15:50,11.305000,11.305000,11.290000,11.295000,7309.100000
2023.01.03 15:55,11.295000,11.300000,11.285000,11.300000,2740.000000
2023.01.03 16:00,11.300000,11.325000,11.300000,11.325000,2248.900000
2023.01.03 16:05,11.325000,11.335000,11.310000,11.310000,4774.500000
2023.01.03 16:10,11.310000,11.325000,11.310000,11.315000,4382.000000
2023.01.03 16:15,11.315000,11.325000,11.315000,11.325000,836.700000
2023.01.03 16:20,11.325000,11.340000,11.325000,11.330000,1896.800000
2023.01.03 16:25,11.330000,11.330000,11.310000,11.315000,2229.600000
2023.01.03 16:30,11.315000,11.325000,11.315000,11.325000,63.900000
2023.01.03 16:35,11.325000,11.335000,11.320000,11.335000,1889.600000
2023.01.03 16:40,11.335000,11.345000,11.330000,11.330000,1314.700000
2023.01.03 16:45,11.330000,11.350000,11.330000,11.350000,5786.500000
2023.01.03 16:50,11.350000,11.380000,11.335000,11.350000,16604.800000
2023.01.03 16:55,11.350000,11.360000,11.340000,11.355000,1230.000000
2023.01.03 17:00,11.355000,11.355000,11.335000,11.355000,1896.700000
2023.01.03 17:05,11.355000,11.395000,11.355000,11.390000,10124.400000
2023.01.03 17:10,11.390000,11.410000,11.375000,11.400000,15236.400000
2023.01.03 17:15,11.400000,11.405000,11.385000,11.395000,2366.800000
2023.01.03 17:20,11.395000,11.415000,11.390000,11.410000,8284.200000
2023.01.03 17:25,11.410000,11.420000,11.390000,11.405000,12066.500000
2023.01.03 17:30,11.405000,11.430000,11.370000,11.420000,17780.900000
2023.01.03 17:35,11.420000,11.435000,11.385000,11.395000,20363.500000
2023.01.03 17:40,11.395000,11.430000,11.395000,11.400000,8889.300000
2023.01.03 17:45,11.400000,11.410000,11.375000,11.375000,5292.900000
2023.01.03 17:50,11.375000,11.375000,11.310000,11.340000,33184.300000
2023.01.03 17:55,11.340000,11.345000,11.235000,11.260000,72307.200000
2023.01.03 18:00,11.260000,11.305000,11.260000,11.290000,16452.900000
2023.01.03 18:05,11.290000,11.335000,11.280000,11.325000,6646.200000
2023.01.03 18:10,11.325000,11.345000,11.285000,11.295000,8422.100000
2023.01.03 18:15,11.295000,11.315000,11.270000,11.285000,10226.300000
2023.01.03 18:20,11.285000,11.305000,11.280000,11.305000,9083.400000
2023.01.03 18:25,11.305000,11.320000,11.295000,11.315000,8651.700000
2023.01.03 18:30,11.315000,11.315000,11.280000,11.295000,7487.900000
2023.01.03 18:35,11.295000,11.330000,11.295000,11.315000,3469.300000
2023.01.03 18:40,11.315000,11.335000,11.315000,11.330000,3095.100000
2023.01.03 18:45,11.330000,11.360000,11.325000,11.360000,3529.900000
2023.01.03 18:50,11.360000,11.365000,11.345000,11.345000,6042.600000
2023.01.03 18:55,11.345000,11.405000,11.345000,11.405000,7581.900000
2023.01.03 19:00,11.405000,11.480000,11.395000,11.445000,38314.800000
2023.01.03 19:05,11.445000,11.530000,11.430000,11.485000,59323.500000
2023.01.03 19:10,11.485000,11.550000,11.460000,11.475000,37469.500000
2023.01.03 19:15,11.475000,11.475000,11.430000,11.440000,16980.300000
2023.01.03 19:20,11.440000,11.465000,11.435000,11.460000,5341.800000
2023.01.03 19:25,11.460000,11.460000,11.400000,11.415000,19006.300000
2023.01.03 19:30,11.415000,11.415000,11.375000,11.375000,9594.100000
2023.01.03 19:35,11.375000,11.415000,11.375000,11.410000,4103.000000
2023.01.03 19:40,11.410000,11.415000,11.400000,11.410000,2417.000000
2023.01.03 19:45,11.410000,11.415000,11.390000,11.390000,3809.700000
2023.01.03 19:50,11.390000,11.395000,11.365000,11.385000,9745.400000
2023.01.03 19:55,11.385000,11.385000,11.320000,11.335000,27281.400000
2023.01.03 20:00,11.335000,11.355000,11.325000,11.350000,11829.600000
2023.01.03 20:05,11.350000,11.395000,11.350000,11.395000,5135.500000
2023.01.03 20:10,11.395000,11.435000,11.395000,11.405000,19222.600000
2023.01.03 20:15,11.405000,11.410000,11.395000,11.400000,1961.700000
2023.01.03 20:20,11.400000,11.405000,11.365000,11.365000,15275.500000
2023.01.03 20:25,11.365000,11.375000,11.360000,11.365000,10024.700000
2023.01.03 20:30,11.365000,11.405000,11.360000,11.400000,6412.800000
2023.01.03 20:35,11.400000,11.400000,11.390000,11.390000,690.600000
2023.01.03 20:40,11.390000,11.390000,11.355000,11.355000,10553.000000
2023.01.03 20:45,11.355000,11.360000,11.335000,11.340000,18091.000000
2023.01.03 20:50,11.340000,11.360000,11.340000,11.355000,1807.400000
2023.01.03 20:55,11.355000,11.355000,11.340000,11.350000,1159.800000
2023.01.03 21:00,11.350000,11.375000,11.350000,11.375000,5272.900000
2023.01.03 21:05,11.375000,11.375000,11.350000,11.355000,538.800000
2023.01.03 21:10,11.355000,11.355000,11.290000,11.290000,7621.500000
2023.01.03 21:15,11.290000,11.315000,11.290000,11.315000,2757.900000
2023.01.03 21:20,11.315000,11.315000,11.285000,11.285000,2505.700000
2023.01.03 21:25,11.285000,11.340000,11.285000,11.335000,7318.100000
2023.01.03 21:30,11.335000,11.340000,11.330000,11.330000,1772.500000
2023.01.03 21:35,11.330000,11.340000,11.325000,11.325000,4636.800000
2023.01.03 21:40,11.325000,11.325000,11.315000,11.315000,297.400000
2023.01.03 21:45,11.315000,11.325000,11.305000,11.305000,1710.200000
2023.01.03 21:50,11.305000,11.315000,11.300000,11.310000,602.600000
2023.01.03 21:55,11.310000,11.315000,11.305000,11.315000,325.600000
2023.01.03 22:00,11.315000,11.315000,11.295000,11.300000,1315.300000
2023.01.03 22:05,11.300000,11.300000,11.270000,11.270000,6312.800000
2023.01.03 22:10,11.270000,11.280000,11.260000,11.275000,7245.400000
2023.01.03 22:15,11.275000,11.295000,11.270000,11.280000,3126.100000
2023.01.03 22:20,11.280000,11.285000,11.255000,11.260000,8160.300000
2023.01.03 22:25,11.260000,11.295000,11.260000,11.285000,5848.300000
2023.01.03 22:30,11.285000,11.285000,11.265000,11.270000,2637.700000
2023.01.03 22:35,11.270000,11.270000,11.255000,11.255000,3232.300000
2023.01.03 22:40,11.255000,11.280000,11.255000,11.280000,526.500000
2023.01.03 22:45,11.280000,11.310000,11.280000,11.300000,6512.600000
2023.01.03 22:50,11.300000,11.310000,11.290000,11.290000,3509.700000
2023.01.03 22:55,11.290000,11.305000,11.290000,11.300000,3467.000000
2023.01.03 23:00,11.300000,11.320000,11.295000,11.320000,3770.200000
2023.01.03 23:05,11.320000,11.335000,11.320000,11.335000,4566.400000
2023.01.03 23:10,11.335000,11.355000,11.335000,11.345000,12351.200000
2023.01.03 23:15,11.345000,11.360000,11.320000,11.325000,25714.200000
2023.01.03 23:20,11.325000,11.325000,11.320000,11.320000,883.400000
2023.01.03 23:25,11.320000,11.340000,11.320000,11.330000,2156.700000
2023.01.03 23:30,11.330000,11.350000,11.325000,11.350000,1799.000000
2023.01.03 23:35,11.350000,11.355000,11.325000,11.330000,16700.100000
2023.01.03 23:40,11.330000,11.340000,11.325000,11.325000,1813.200000
2023.01.03 23:45,11.325000,11.325000,11.310000,11.320000,3298.000000
2023.01.03 23:50,11.320000,11.325000,11.310000,11.315000,2839.000000
2023.01.03 23:55,11.315000,11.315000,11.300000,11.315000,9940.900000
2023.01.04 00:00,11.315000,11.325000,11.315000,11.320000,2144.400000
2023.01.04 00:05,11.320000,11.330000,11.320000,11.330000,2544.100000
2023.01.04 00:10,11.330000,11.330000,11.315000,11.325000,2430.400000
2023.01.04 00:15,11.325000,11.335000,11.315000,11.325000,15943.300000
2023.01.04 00:20,11.325000,11.330000,11.320000,11.320000,542.300000
2023.01.04 00:25,11.320000,11.325000,11.320000,11.320000,122.100000
2023.01.04 00:30,11.320000,11.325000,11.315000,11.315000,222.800000
2023.01.04 00:35,11.315000,11.320000,11.315000,11.315000,297.800000
2023.01.04 00:40,11.315000,11.345000,11.315000,11.345000,7551.100000
2023.01.04 00:45,11.345000,11.355000,11.345000,11.345000,2782.600000
2023.01.04 00:50,11.345000,11.350000,11.330000,11.330000,3083.800000
2023.01.04 00:55,11.330000,11.340000,11.330000,11.335000,2475.700000
2023.01.04 01:00,11.335000,11.345000,11.335000,11.340000,5231.800000
2023.01.04 01:05,11.340000,11.355000,11.335000,11.335000,2607.900000
2023.01.04 01:10,11.335000,11.335000,11.315000,11.315000,2645.600000
2023.01.04 01:15,11.315000,11.320000,11.310000,11.320000,3334.800000
2023.01.04 01:20,11.320000,11.320000,11.305000,11.310000,1377.100000
2023.01.04 01:25,11.310000,11.320000,11.310000,11.320000,1646.300000
2023.01.04 01:30,11.320000,11.320000,11.305000,11.315000,4174.100000
2023.01.04 01:35,11.315000,11.320000,11.315000,11.315000,2569.600000
2023.01.04 01:40,11.315000,11.320000,11.295000,11.305000,7060.400000
2023.01.04 01:45,11.305000,11.310000,11.305000,11.310000,8.700000
2023.01.04 01:50,11.310000,11.325000,11.310000,11.325000,866.200000
2023.01.04 01:55,11.325000,11.355000,11.325000,11.340000,4375.200000
2023.01.04 02:00,11.340000,11.360000,11.335000,11.350000,4191.900000
2023.01.04 02:05,11.350000,11.360000,11.345000,11.360000,2204.000000
2023.01.04 02:10,11.360000,11.360000,11.340000,11.345000,4703.500000
2023.01.04 02:15,11.345000,11.345000,11.335000,11.340000,2852.300000
2023.01.04 02:20,11.340000,11.340000,11.325000,11.325000,2466.600000
2023.01.04 02:25,11.325000,11.345000,11.320000,11.335000,12194.300000
2023.01.04 02:30,11.335000,11.360000,11.335000,11.350000,14779.600000
2023.01.04 02:35,11.350000,11.355000,11.350000,11.355000,87.100000
2023.01.04 02:40,11.355000,11.390000,11.355000,11.385000,7801.100000
2023.01.04 02:45,11.385000,11.385000,11.370000,11.380000,1557.900000
2023.01.04 02:50,11.380000,11.390000,11.380000,11.390000,3615.700000
2023.01.04 02:55,11.390000,11.390000,11.375000,11.380000,7360.900000
2023.01.04 03:00,11.380000,11.410000,11.370000,11.375000,9576.900000
2023.01.04 03:05,11.375000,11.390000,11.360000,11.370000,9012.100000
2023.01.04 03:10,11.370000,11.375000,11.365000,11.370000,5108.700000
2023.01.04 03:15,11.370000,11.385000,11.355000,11.375000,7752.000000
2023.01.04 03:20,11.375000,11.380000,11.365000,11.370000,4565.500000
2023.01.04 03:25,11.370000,11.395000,11.370000,11.390000,3405.500000
2023.01.04 03:30,11.390000,11.415000,11.390000,11.415000,5999.200000
2023.01.04 03:35,11.415000,11.415000,11.375000,11.380000,1614.400000
2023.01.04 03:40,11.380000,11.385000,11.350000,11.350000,5071.400000
2023.01.04 03:45,11.350000,11.365000,11.340000,11.365000,5645.300000
2023.01.04 03:50,11.365000,11.375000,11.360000,11.360000,3849.100000
2023.01.04 03:55,11.360000,11.395000,11.360000,11.380000,13257.700000
2023.01.04 04:00,11.380000,11.405000,11.380000,11.405000,2981.000000
2023.01.04 04:05,11.405000,11.440000,11.395000,11.425000,11925.700000
2023.01.04 04:10,11.425000,11.480000,11.425000,11.460000,22965.300000
2023.01.04 04:15,11.460000,11.510000,11.440000,11.505000,14111.900000
2023.01.04 04:20,11.505000,11.520000,11.455000,11.460000,29659.100000
2023.01.04 04:25,11.460000,11.495000,11.460000,11.495000,8255.000000
2023.01.04 04:30,11.495000,11.590000,11.495000,11.530000,49069.900000
2023.01.04 04:35,11.530000,11.540000,11.510000,11.530000,5817.000000
2023.01.04 04:40,11.530000,11.540000,11.510000,11.515000,5464.600000
2023.01.04 04:45,11.515000,11.555000,11.515000,11.545000,3142.400000
2023.01.04 04:50,11.545000,11.545000,11.505000,11.505000,4220.300000
2023.01.04 04:55,11.505000,11.530000,11.505000,11.520000,5404.300000
2023.01.04 05:00,11.520000,11.540000,11.520000,11.525000,5811.300000
2023.01.04 05:05,11.525000,11.555000,11.525000,11.535000,11884.100000
2023.01.04 05:10,11.535000,11.535000,11.510000,11.515000,5493.800000
2023.01.04 05:15,11.515000,11.530000,11.500000,11.530000,4446.900000
2023.01.04 05:20,11.530000,11.535000,11.525000,11.525000,2339.900000
2023.01.04 05:25,11.525000,11.530000,11.520000,11.525000,1423.900000
2023.01.04 05:30,11.525000,11.535000,11.520000,11.535000,2308.800000
2023.01.04 05:35,11.535000,11.565000,11.535000,11.540000,10109.100000
2023.01.04 05:40,11.540000,11.595000,11.535000,11.590000,19201.000000
2023.01.04 05:45,11.590000,11.655000,11.590000,11.595000,41992.700000
2023.01.04 05:50,11.595000,11.625000,11.595000,11.620000,12548.300000
2023.01.04 05:55,11.620000,11.720000,11.620000,11.675000,55813.900000
2023.01.04 06:00,11.675000,11.725000,11.675000,11.705000,22531.200000
2023.01.04 06:05,11.705000,11.840000,11.705000,11.750000,142410.300000
2023.01.04 06:10,11.750000,11.775000,11.710000,11.750000,36401.700000
2023.01.04 06:15,11.750000,11.755000,11.690000,11.735000,18146.200000
2023.01.04 06:20,11.735000,11.740000,11.705000,11.705000,6550.100000
2023.01.04 06:25,11.705000,11.750000,11.705000,11.740000,8889.800000
2023.01.04 06:30,11.740000,11.775000,11.735000,11.760000,11137.200000
2023.01.04 06:35,11.760000,11.790000,11.760000,11.760000,17579.600000
2023.01.04 06:40,11.760000,11.780000,11.740000,11.775000,5793.700000
2023.01.04 06:45,11.775000,11.805000,11.775000,11.795000,19014.800000
2023.01.04 06:50,11.795000,11.855000,11.795000,11.835000,15345.200000
2023.01.04 06:55,11.835000,11.845000,11.815000,11.815000,19979.700000
2023.01.04 07:00,11.815000,11.855000,11.815000,11.840000,30989.100000
2023.01.04 07:05,11.840000,11.845000,11.785000,11.795000,5711.200000
2023.01.04 07:10,11.795000,11.795000,11.735000,11.755000,6254.600000
2023.01.04 07:15,11.755000,11.780000,11.750000,11.750000,2073.100000
2023.01.04 07:20,11.750000,11.760000,11.745000,11.745000,1273.300000
2023.01.04 07:25,11.745000,11.755000,11.740000,11.740000,1260.400000
2023.01.04 07:30,11.740000,11.755000,11.725000,11.745000,16209.100000
2023.01.04 07:35,11.745000,11.770000,11.745000,11.770000,2070.600000
2023.01.04 07:40,11.770000,11.770000,11.760000,11.765000,39.100000
2023.01.04 07:45,11.765000,11.770000,11.760000,11.760000,324.900000
2023.01.04 07:50,11.760000,11.760000,11.740000,11.740000,2202.800000
2023.01.04 07:55,11.740000,11.745000,11.735000,11.735000,1172.600000
2023.01.04 08:00,11.735000,11.760000,11.735000,11.750000,836.600000
2023.01.04 08:05,11.750000,11.765000,11.750000,11.750000,6070.500000
2023.01.04 08:10,11.750000,11.760000,11.735000,11.735000,4288.200000
2023.01.04 08:15,11.735000,11.765000,11.735000,11.765000,2578.600000
2023.01.04 08:20,11.765000,11.785000,11.760000,11.780000,4570.600000
2023.01.04 08:25,11.780000,11.800000,11.775000,11.785000,12019.900000
2023.01.04 08:30,11.785000,11.790000,11.770000,11.775000,5544.800000
2023.01.04 08:35,11.775000,11.780000,11.765000,11.780000,989.000000
2023.01.04 08:40,11.780000,11.785000,11.770000,11.770000,2518.800000
2023.01.04 08:45,11.770000,11.790000,11.765000,11.790000,9172.400000
2023.01.04 08:50,11.790000,11.800000,11.785000,11.790000,1015.500000
2023.01.04 08:55,11.790000,11.810000,11.790000,11.805000,2233.400000
2023.01.04 09:00,11.805000,11.820000,11.790000,11.795000,5160.800000
2023.01.04 09:05,11.795000,11.800000,11.790000,11.795000,2672.500000
2023.01.04 09:10,11.795000,11.795000,11.785000,11.790000,1776.200000
2023.01.04 09:15,11.790000,11.810000,11.790000,11.795000,2115.100000
2023.01.04 09:20,11.795000,11.815000,11.785000,11.795000,2474.700000
2023.01.04 09:25,11.795000,11.825000,11.795000,11.815000,3573.200000
2023.01.04 09:30,11.815000,11.825000,11.815000,11.815000,1973.400000
2023.01.04 09:35,11.815000,11.835000,11.815000,11.830000,9315.000000
2023.01.04 09:40,11.830000,11.855000,11.815000,11.850000,7319.600000
2023.01.04 09:45,11.850000,11.885000,11.850000,11.880000,12674.600000
2023.01.04 09:50,11.880000,11.885000,11.870000,11.885000,1963.000000
2023.01.04 09:55,11.885000,11.910000,11.875000,11.905000,10103.900000
2023.01.04 10:00,11.905000,11.940000,11.895000,11.905000,14733.700000
2023.01.04 10:05,11.905000,11.905000,11.860000,11.900000,8039.200000
2023.01.04 10:10,11.900000,11.945000,11.900000,11.930000,9579.000000
2023.01.04 10:15,11.930000,11.940000,11.885000,11.890000,16031.800000
2023.01.04 10:20,11.890000,11.890000,11.835000,11.845000,9466.800000
2023.01.04 10:25,11.845000,11.850000,11.825000,11.825000,4169.100000
2023.01.04 10:30,11.825000,11.845000,11.810000,11.845000,3705.500000
2023.01.04 10:35,11.845000,11.870000,11.840000,11.870000,9077.100000
2023.01.04 10:40,11.870000,11.955000,11.850000,11.930000,57097.900000
2023.01.04 10:45,11.930000,11.935000,11.895000,11.900000,15584.800000
2023.01.04 10:50,11.900000,11.910000,11.885000,11.895000,12836.400000
2023.01.04 10:55,11.895000,11.910000,11.885000,11.895000,8558.400000
2023.01.04 11:00,11.895000,11.930000,11.885000,11.930000,7092.100000
2023.01.04 11:05,11.930000,11.930000,11.915000,11.925000,4403.200000
2023.01.04 11:10,11.925000,11.940000,11.910000,11.910000,5402.800000
2023.01.04 11:15,11.910000,11.920000,11.910000,11.915000,1104.900000
