2023.01.01 00:00,6.060000,6.065000,6.060000,6.065000,1414.300000
2023.01.01 00:05,6.065000,6.065000,6.065000,6.065000,446.800000
2023.01.01 00:10,6.065000,6.075000,6.065000,6.075000,3167.100000
2023.01.01 00:15,6.075000,6.075000,6.070000,6.070000,5659.800000
2023.01.01 00:20,6.070000,6.070000,6.065000,6.065000,1652.000000
2023.01.01 00:25,6.065000,6.065000,6.060000,6.060000,9.300000
2023.01.01 00:30,6.060000,6.065000,6.055000,6.060000,2406.900000
2023.01.01 00:35,6.060000,6.060000,6.055000,6.055000,6796.800000
2023.01.01 00:40,6.055000,6.060000,6.045000,6.045000,9843.200000
2023.01.01 00:45,6.045000,6.050000,6.045000,6.050000,306.600000
2023.01.01 00:50,6.050000,6.055000,6.045000,6.045000,3235.500000
2023.01.01 00:55,6.045000,6.045000,6.040000,6.045000,917.000000
2023.01.01 01:00,6.045000,6.045000,6.045000,6.045000,9471.000000
2023.01.01 01:05,6.045000,6.055000,6.045000,6.055000,11162.300000
2023.01.01 01:10,6.055000,6.065000,6.055000,6.060000,15621.900000
2023.01.01 01:15,6.060000,6.060000,6.040000,6.045000,1703.600000
2023.01.01 01:20,6.045000,6.050000,6.040000,6.040000,738.800000
2023.01.01 01:25,6.040000,6.050000,6.040000,6.050000,1459.400000
2023.01.01 01:30,6.050000,6.055000,6.050000,6.055000,298.300000
2023.01.01 01:35,6.055000,6.055000,6.050000,6.055000,2576.300000
2023.01.01 01:40,6.055000,6.055000,6.045000,6.055000,4790.600000
2023.01.01 01:45,6.055000,6.055000,6.045000,6.045000,1376.400000
2023.01.01 01:50,6.045000,6.045000,6.010000,6.020000,16471.400000
2023.01.01 01:55,6.020000,6.025000,6.010000,6.010000,3817.300000
2023.01.01 02:00,6.010000,6.015000,6.000000,6.005000,20384.900000
2023.01.01 02:05,6.005000,6.015000,6.005000,6.010000,3387.600000
2023.01.01 02:10,6.010000,6.025000,6.010000,6.025000,836.000000
2023.01.01 02:15,6.025000,6.025000,6.020000,6.025000,8864.300000
2023.01.01 02:20,6.025000,6.030000,6.020000,6.020000,3922.800000
2023.01.01 02:25,6.020000,6.020000,6.010000,6.010000,26127.400000
2023.01.01 02:30,6.010000,6.020000,6.010000,6.020000,11974.900000
2023.01.01 02:35,6.020000,6.035000,6.020000,6.030000,3398.400000
2023.01.01 02:40,6.030000,6.030000,6.030000,6.030000,3403.700000
2023.01.01 02:45,6.030000,6.030000,6.030000,6.030000,1626.600000
2023.01.01 02:50,6.030000,6.035000,6.030000,6.035000,2.500000
2023.01.01 02:55,6.035000,6.035000,6.035000,6.035000,1211.300000
2023.01.01 03:00,6.035000,6.045000,6.010000,6.015000,23391.400000
2023.01.01 03:05,6.015000,6.020000,6.010000,6.010000,4804.900000
2023.01.01 03:10,6.010000,6.010000,5.990000,5.995000,15840.300000
2023.01.01 03:15,5.995000,6.000000,5.970000,6.000000,21133.100000
2023.01.01 03:20,6.000000,6.010000,6.000000,6.005000,2977.400000
2023.01.01 03:25,6.005000,6.025000,6.005000,6.020000,6834.600000
2023.01.01 03:30,6.020000,6.020000,6.000000,6.000000,6648.500000
2023.01.01 03:35,6.000000,6.000000,5.970000,5.985000,15694.900000
2023.01.01 03:40,5.985000,5.985000,5.970000,5.980000,11797.900000
2023.01.01 03:45,5.980000,5.995000,5.970000,5.990000,12667.800000
2023.01.01 03:50,5.990000,5.995000,5.990000,5.995000,418.400000
2023.01.01 03:55,5.995000,6.000000,5.995000,5.995000,3019.400000
2023.01.01 04:00,5.995000,6.000000,5.985000,5.985000,10217.900000
2023.01.01 04:05,5.985000,5.990000,5.980000,5.990000,2222.400000
2023.01.01 04:10,5.990000,6.005000,5.990000,5.990000,7359.300000
2023.01.01 04:15,5.990000,6.010000,5.990000,6.010000,11137.400000
2023.01.01 04:20,6.010000,6.010000,6.000000,6.005000,12469.600000
2023.01.01 04:25,6.005000,6.005000,6.000000,6.000000,4949.000000
2023.01.01 04:30,6.000000,6.000000,5.985000,5.990000,4887.000000
2023.01.01 04:35,5.990000,6.000000,5.985000,6.000000,3347.400000
2023.01.01 04:40,6.000000,6.005000,5.995000,5.995000,12991.200000
2023.01.01 04:45,5.995000,5.995000,5.980000,5.980000,8780.200000
2023.01.01 04:50,5.980000,5.985000,5.975000,5.980000,2321.600000
2023.01.01 04:55,5.980000,5.990000,5.975000,5.985000,5047.600000
2023.01.01 05:00,5.985000,5.985000,5.970000,5.970000,1410.800000
2023.01.01 05:05,5.970000,5.975000,5.970000,5.975000,1711.200000
2023.01.01 05:10,5.975000,5.990000,5.975000,5.990000,6934.400000
2023.01.01 05:15,5.990000,6.000000,5.985000,5.985000,9356.000000
2023.01.01 05:20,5.985000,5.990000,5.985000,5.990000,1270.000000
2023.01.01 05:25,5.990000,6.005000,5.990000,6.005000,5607.800000
2023.01.01 05:30,6.005000,6.020000,6.000000,6.020000,18934.500000
2023.01.01 05:35,6.020000,6.020000,6.015000,6.015000,4008.100000
2023.01.01 05:40,6.015000,6.015000,6.005000,6.005000,18062.200000
2023.01.01 05:45,6.005000,6.010000,6.005000,6.010000,677.100000
2023.01.01 05:50,6.010000,6.010000,6.010000,6.010000,0.000000
2023.01.01 05:55,6.010000,6.010000,6.005000,6.005000,25.000000
2023.01.01 06:00,6.005000,6.010000,5.985000,5.990000,14361.200000
2023.01.01 06:05,5.990000,6.000000,5.990000,6.000000,8541.500000
2023.01.01 06:10,6.000000,6.005000,5.990000,5.995000,3647.100000
2023.01.01 06:15,5.995000,5.995000,5.985000,5.990000,1783.400000
2023.01.01 06:20,5.990000,5.995000,5.990000,5.995000,3300.800000
2023.01.01 06:25,5.995000,6.000000,5.995000,5.995000,170.400000
2023.01.01 06:30,5.995000,6.005000,5.995000,6.005000,901.400000
2023.01.01 06:35,6.005000,6.010000,6.000000,6.010000,6241.900000
2023.01.01 06:40,6.010000,6.010000,6.005000,6.005000,3034.700000
2023.01.01 06:45,6.005000,6.015000,6.005000,6.010000,11142.100000
2023.01.01 06:50,6.010000,6.015000,6.010000,6.015000,3370.700000
2023.01.01 06:55,6.015000,6.020000,6.015000,6.015000,930.800000
2023.01.01 07:00,6.015000,6.030000,6.010000,6.030000,13223.300000
2023.01.01 07:05,6.030000,6.035000,6.010000,6.015000,19734.800000
2023.01.01 07:10,6.015000,6.015000,6.010000,6.015000,729.900000
2023.01.01 07:15,6.015000,6.015000,6.005000,6.005000,14412.100000
2023.01.01 07:20,6.005000,6.005000,6.000000,6.005000,3857.400000
2023.01.01 07:25,6.005000,6.010000,6.005000,6.005000,2084.900000
2023.01.01 07:30,6.005000,6.005000,6.005000,6.005000,0.000000
2023.01.01 07:35,6.005000,6.005000,6.000000,6.000000,369.800000
2023.01.01 07:40,6.000000,6.000000,5.990000,5.990000,6630.100000
2023.01.01 07:45,5.990000,5.990000,5.975000,5.980000,17485.900000
2023.01.01 07:50,5.980000,5.985000,5.975000,5.985000,7785.700000
2023.01.01 07:55,5.985000,5.990000,5.970000,5.980000,13663.000000
2023.01.01 08:00,5.980000,5.990000,5.975000,5.985000,19452.100000
2023.01.01 08:05,5.985000,5.985000,5.975000,5.975000,3146.500000
2023.01.01 08:10,5.975000,5.980000,5.975000,5.980000,616.900000
2023.01.01 08:15,5.980000,5.985000,5.975000,5.980000,4514.800000
2023.01.01 08:20,5.980000,5.980000,5.960000,5.970000,22666.800000
2023.01.01 08:25,5.970000,5.980000,5.970000,5.975000,6376.400000
2023.01.01 08:30,5.975000,5.975000,5.975000,5.975000,21.800000
2023.01.01 08:35,5.975000,5.975000,5.970000,5.975000,1154.300000
2023.01.01 08:40,5.975000,5.975000,5.965000,5.970000,2406.200000
2023.01.01 08:45,5.970000,5.980000,5.970000,5.980000,5969.500000
2023.01.01 08:50,5.980000,5.985000,5.975000,5.980000,1154.600000
2023.01.01 08:55,5.980000,5.995000,5.980000,5.985000,24980.700000
2023.01.01 09:00,5.985000,5.995000,5.980000,5.990000,23462.600000
2023.01.01 09:05,5.990000,5.990000,5.985000,5.990000,6027.300000
2023.01.01 09:10,5.990000,5.990000,5.980000,5.980000,15114.700000
2023.01.01 09:15,5.980000,5.990000,5.980000,5.990000,1266.200000
2023.01.01 09:20,5.990000,5.990000,5.970000,5.970000,8508.300000
2023.01.01 09:25,5.970000,5.975000,5.970000,5.975000,1461.700000
2023.01.01 09:30,5.975000,5.975000,5.970000,5.975000,3650.400000
2023.01.01 09:35,5.975000,5.975000,5.970000,5.970000,45.400000
2023.01.01 09:40,5.970000,5.980000,5.965000,5.980000,5068.500000
2023.01.01 09:45,5.980000,5.980000,5.975000,5.975000,434.300000
2023.01.01 09:50,5.975000,5.975000,5.970000,5.970000,41.700000
2023.01.01 09:55,5.970000,5.985000,5.970000,5.980000,4797.500000
2023.01.01 10:00,5.980000,5.980000,5.965000,5.970000,3750.900000
2023.01.01 10:05,5.970000,5.970000,5.955000,5.970000,13165.000000
2023.01.01 10:10,5.970000,5.970000,5.960000,5.965000,12856.300000
2023.01.01 10:15,5.965000,5.970000,5.950000,5.955000,17323.700000
2023.01.01 10:20,5.955000,5.955000,5.925000,5.940000,63702.700000
2023.01.01 10:25,5.940000,5.950000,5.935000,5.950000,16308.900000
2023.01.01 10:30,5.950000,5.955000,5.945000,5.955000,2449.400000
2023.01.01 10:35,5.955000,5.960000,5.950000,5.955000,22563.800000
2023.01.01 10:40,5.955000,5.965000,5.955000,5.960000,7350.300000
2023.01.01 10:45,5.960000,5.960000,5.960000,5.960000,978.900000
2023.01.01 10:50,5.960000,5.960000,5.955000,5.955000,2202.700000
2023.01.01 10:55,5.955000,5.965000,5.955000,5.965000,706.300000
2023.01.01 11:00,5.965000,5.965000,5.950000,5.955000,15076.600000
2023.01.01 11:05,5.955000,5.960000,5.950000,5.950000,9504.500000
2023.01.01 11:10,5.950000,5.955000,5.950000,5.955000,139.800000
2023.01.01 11:15,5.955000,5.960000,5.950000,5.960000,18631.000000
2023.01.01 11:20,5.960000,5.960000,5.960000,5.960000,1225.900000
2023.01.01 11:25,5.960000,5.965000,5.960000,5.965000,834.200000
2023.01.01 11:30,5.965000,5.965000,5.955000,5.965000,4276.900000
2023.01.01 11:35,5.965000,5.965000,5.960000,5.960000,5905.600000
2023.01.01 11:40,5.960000,5.965000,5.950000,5.955000,20244.700000
2023.01.01 11:45,5.955000,5.960000,5.955000,5.960000,232.400000
2023.01.01 11:50,5.960000,5.960000,5.955000,5.955000,14860.600000
2023.01.01 11:55,5.955000,5.960000,5.955000,5.955000,475.100000
2023.01.01 12:00,5.955000,5.960000,5.955000,5.955000,23843.000000
2023.01.01 12:05,5.955000,5.955000,5.955000,5.955000,3.200000
2023.01.01 12:10,5.955000,5.965000,5.955000,5.965000,1968.600000
2023.01.01 12:15,5.965000,5.970000,5.965000,5.970000,344.400000
2023.01.01 12:20,5.970000,5.975000,5.970000,5.975000,2544.900000
2023.01.01 12:25,5.975000,5.975000,5.970000,5.970000,1124.600000
2023.01.01 12:30,5.970000,5.975000,5.965000,5.975000,2786.700000
2023.01.01 12:35,5.975000,5.980000,5.975000,5.975000,1621.700000
2023.01.01 12:40,5.975000,5.980000,5.975000,5.980000,4762.600000
2023.01.01 12:45,5.980000,5.980000,5.970000,5.975000,8721.400000
2023.01.01 12:50,5.975000,5.980000,5.975000,5.980000,728.900000
2023.01.01 12:55,5.980000,5.985000,5.980000,5.980000,2427.200000
2023.01.01 13:00,5.980000,5.985000,5.975000,5.975000,4997.700000
2023.01.01 13:05,5.975000,5.980000,5.970000,5.975000,7104.200000
2023.01.01 13:10,5.975000,5.980000,5.970000,5.975000,400.800000
2023.01.01 13:15,5.975000,5.975000,5.975000,5.975000,0.000000
2023.01.01 13:20,5.975000,5.980000,5.975000,5.980000,732.000000
2023.01.01 13:25,5.980000,5.980000,5.975000,5.980000,5254.000000
2023.01.01 13:30,5.980000,5.980000,5.970000,5.970000,1191.200000
2023.01.01 13:35,5.970000,5.975000,5.970000,5.975000,1102.200000
2023.01.01 13:40,5.975000,5.975000,5.975000,5.975000,294.800000
2023.01.01 13:45,5.975000,5.975000,5.975000,5.975000,8914.400000
2023.01.01 13:50,5.975000,5.975000,5.970000,5.970000,228.500000
2023.01.01 13:55,5.970000,5.975000,5.970000,5.975000,4172.300000
2023.01.01 14:00,5.975000,5.990000,5.975000,5.990000,7566.400000
2023.01.01 14:05,5.990000,6.010000,5.990000,6.000000,18365.300000
2023.01.01 14:10,6.000000,6.000000,5.995000,5.995000,41.000000
2023.01.01 14:15,5.995000,6.000000,5.990000,5.990000,5413.300000
2023.01.01 14:20,5.990000,5.995000,5.985000,5.995000,10015.400000
2023.01.01 14:25,5.995000,5.995000,5.985000,5.985000,800.000000
2023.01.01 14:30,5.985000,5.990000,5.985000,5.985000,1817.600000
2023.01.01 14:35,5.985000,5.995000,5.985000,5.985000,3909.000000
2023.01.01 14:40,5.985000,6.000000,5.985000,6.000000,3059.400000
2023.01.01 14:45,6.000000,6.000000,6.000000,6.000000,2234.200000
2023.01.01 14:50,6.000000,6.005000,5.995000,6.005000,239.600000
2023.01.01 14:55,6.005000,6.010000,6.000000,6.005000,2047.100000
2023.01.01 15:00,6.005000,6.010000,6.000000,6.010000,2421.100000
2023.01.01 15:05,6.010000,6.010000,6.005000,6.010000,8749.800000
2023.01.01 15:10,6.010000,6.025000,6.010000,6.020000,5076.100000
2023.01.01 15:15,6.020000,6.020000,6.015000,6.015000,343.000000
2023.01.01 15:20,6.015000,6.015000,6.015000,6.015000,1187.200000
2023.01.01 15:25,6.015000,6.020000,6.015000,6.020000,1162.200000
2023.01.01 15:30,6.020000,6.030000,6.020000,6.030000,6291.400000
2023.01.01 15:35,6.030000,6.035000,6.025000,6.030000,8686.400000
2023.01.01 15:40,6.030000,6.030000,6.025000,6.030000,689.400000
2023.01.01 15:45,6.030000,6.040000,6.025000,6.040000,11143.100000
2023.01.01 15:50,6.040000,6.040000,6.040000,6.040000,11865.100000
2023.01.01 15:55,6.040000,6.040000,6.035000,6.035000,5410.400000
2023.01.01 16:00,6.035000,6.065000,6.035000,6.060000,14473.200000
2023.01.01 16:05,6.060000,6.060000,6.055000,6.055000,2069.300000
2023.01.01 16:10,6.055000,6.060000,6.055000,6.060000,988.000000
2023.01.01 16:15,6.060000,6.060000,6.050000,6.050000,9909.800000
2023.01.01 16:20,6.050000,6.060000,6.045000,6.045000,20221.800000
2023.01.01 16:25,6.045000,6.075000,6.040000,6.075000,52700.700000
2023.01.01 16:30,6.075000,6.110000,6.075000,6.105000,74251.100000
2023.01.01 16:35,6.105000,6.170000,6.100000,6.165000,131073.600000
2023.01.01 16:40,6.165000,6.185000,6.140000,6.140000,84074.600000
2023.01.01 16:45,6.140000,6.170000,6.125000,6.145000,65831.600000
2023.01.01 16:50,6.145000,6.160000,6.130000,6.135000,20475.100000
2023.01.01 16:55,6.135000,6.160000,6.135000,6.155000,24662.800000
2023.01.01 17:00,6.155000,6.155000,6.135000,6.145000,21161.200000
2023.01.01 17:05,6.145000,6.150000,6.130000,6.130000,29279.700000
2023.01.01 17:10,6.130000,6.135000,6.120000,6.130000,26417.800000
2023.01.01 17:15,6.130000,6.140000,6.120000,6.120000,13238.900000
2023.01.01 17:20,6.120000,6.120000,6.100000,6.110000,55358.500000
2023.01.01 17:25,6.110000,6.120000,6.105000,6.120000,6798.600000
2023.01.01 17:30,6.120000,6.135000,6.120000,6.135000,9210.200000
2023.01.01 17:35,6.135000,6.135000,6.120000,6.120000,13893.300000
2023.01.01 17:40,6.120000,6.125000,6.105000,6.110000,11318.900000
2023.01.01 17:45,6.110000,6.115000,6.110000,6.110000,1348.600000
2023.01.01 17:50,6.110000,6.110000,6.075000,6.085000,54499.400000
2023.01.01 17:55,6.085000,6.095000,6.085000,6.090000,14704.000000
2023.01.01 18:00,6.090000,6.110000,6.090000,6.100000,22926.400000
2023.01.01 18:05,6.100000,6.105000,6.095000,6.105000,1749.500000
2023.01.01 18:10,6.105000,6.110000,6.095000,6.110000,10425.200000
2023.01.01 18:15,6.110000,6.110000,6.095000,6.105000,4997.800000
2023.01.01 18:20,6.105000,6.105000,6.090000,6.090000,2020.000000
2023.01.01 18:25,6.090000,6.105000,6.085000,6.105000,8906.500000
2023.01.01 18:30,6.105000,6.130000,6.100000,6.125000,20619.000000
2023.01.01 18:35,6.125000,6.130000,6.120000,6.130000,22196.100000
2023.01.01 18:40,6.130000,6.130000,6.125000,6.125000,2522.900000
2023.01.01 18:45,6.125000,6.125000,6.110000,6.115000,2313.000000
2023.01.01 18:50,6.115000,6.120000,6.115000,6.115000,1110.500000
2023.01.01 18:55,6.115000,6.125000,6.115000,6.125000,12006.900000
2023.01.01 19:00,6.125000,6.130000,6.115000,6.120000,17180.700000
2023.01.01 19:05,6.120000,6.125000,6.115000,6.125000,1328.400000
2023.01.01 19:10,6.125000,6.125000,6.115000,6.125000,2660.500000
2023.01.01 19:15,6.125000,6.125000,6.120000,6.120000,1960.200000
2023.01.01 19:20,6.120000,6.120000,6.110000,6.115000,2746.700000
2023.01.01 19:25,6.115000,6.115000,6.110000,6.115000,5306.800000
2023.01.01 19:30,6.115000,6.115000,6.100000,6.100000,7700.300000
2023.01.01 19:35,6.100000,6.105000,6.090000,6.105000,13214.300000
2023.01.01 19:40,6.105000,6.110000,6.095000,6.095000,3640.200000
2023.01.01 19:45,6.095000,6.105000,6.095000,6.105000,8907.400000
2023.01.01 19:50,6.105000,6.110000,6.100000,6.100000,12696.000000
2023.01.01 19:55,6.100000,6.105000,6.100000,6.105000,2172.700000
2023.01.01 20:00,6.105000,6.110000,6.105000,6.105000,3613.500000
2023.01.01 20:05,6.105000,6.105000,6.100000,6.105000,910.300000
2023.01.01 20:10,6.105000,6.105000,6.100000,6.100000,2044.700000
2023.01.01 20:15,6.100000,6.110000,6.100000,6.105000,3020.400000
2023.01.01 20:20,6.105000,6.110000,6.100000,6.110000,7214.700000
2023.01.01 20:25,6.110000,6.110000,6.100000,6.100000,8762.600000
2023.01.01 20:30,6.100000,6.105000,6.095000,6.100000,2954.000000
2023.01.01 20:35,6.100000,6.100000,6.095000,6.100000,1482.700000
2023.01.01 20:40,6.100000,6.100000,6.090000,6.100000,21080.600000
2023.01.01 20:45,6.100000,6.110000,6.095000,6.105000,6583.800000
2023.01.01 20:50,6.105000,6.110000,6.105000,6.105000,2096.900000
2023.01.01 20:55,6.105000,6.110000,6.095000,6.095000,9508.900000
2023.01.01 21:00,6.095000,6.115000,6.095000,6.115000,3171.700000
2023.01.01 21:05,6.115000,6.125000,6.110000,6.120000,17480.900000
2023.01.01 21:10,6.120000,6.130000,6.120000,6.125000,19212.900000
2023.01.01 21:15,6.125000,6.125000,6.120000,6.120000,4641.400000
2023.01.01 21:20,6.120000,6.125000,6.120000,6.125000,199.100000
2023.01.01 21:25,6.125000,6.150000,6.125000,6.145000,23995.600000
2023.01.01 21:30,6.145000,6.150000,6.140000,6.150000,16175.200000
2023.01.01 21:35,6.150000,6.150000,6.145000,6.145000,4540.100000
2023.01.01 21:40,6.145000,6.150000,6.145000,6.145000,392.300000
2023.01.01 21:45,6.145000,6.145000,6.135000,6.135000,4646.300000
2023.01.01 21:50,6.135000,6.140000,6.130000,6.135000,12512.300000
2023.01.01 21:55,6.135000,6.140000,6.130000,6.130000,4485.500000
2023.01.01 22:00,6.130000,6.150000,6.130000,6.150000,7710.300000
2023.01.01 22:05,6.150000,6.160000,6.150000,6.155000,5524.600000
2023.01.01 22:10,6.155000,6.185000,6.150000,6.180000,21718.700000
2023.01.01 22:15,6.180000,6.180000,6.170000,6.175000,7610.900000
2023.01.01 22:20,6.175000,6.175000,6.155000,6.155000,4304.400000
2023.01.01 22:25,6.155000,6.170000,6.150000,6.170000,9964.000000
2023.01.01 22:30,6.170000,6.170000,6.155000,6.155000,404.400000
2023.01.01 22:35,6.155000,6.205000,6.155000,6.195000,46307.900000
2023.01.01 22:40,6.195000,6.195000,6.180000,6.180000,35371.900000
2023.01.01 22:45,6.180000,6.180000,6.170000,6.175000,6938.600000
2023.01.01 22:50,6.175000,6.180000,6.170000,6.170000,839.300000
2023.01.01 22:55,6.170000,6.190000,6.170000,6.190000,7339.700000
2023.01.01 23:00,6.190000,6.205000,6.180000,6.185000,23704.600000
2023.01.01 23:05,6.185000,6.195000,6.180000,6.180000,17870.800000
2023.01.01 23:10,6.180000,6.190000,6.180000,6.185000,2169.000000
2023.01.01 23:15,6.185000,6.190000,6.180000,6.185000,3338.200000
2023.01.01 23:20,6.185000,6.250000,6.185000,6.250000,83507.000000
2023.01.01 23:25,6.250000,6.425000,6.240000,6.325000,221422.900000
2023.01.01 23:30,6.325000,6.330000,6.305000,6.320000,33091.000000
2023.01.01 23:35,6.320000,6.375000,6.315000,6.375000,29256.200000
2023.01.01 23:40,6.375000,6.440000,6.375000,6.405000,82529.000000
2023.01.01 23:45,6.405000,6.475000,6.390000,6.465000,74726.000000
2023.01.01 23:50,6.465000,6.490000,6.450000,6.450000,53171.600000
2023.01.01 23:55,6.450000,6.460000,6.385000,6.410000,76571.300000
2023.01.02 00:00,6.410000,6.410000,6.340000,6.345000,118923.100000
2023.01.02 00:05,6.345000,6.350000,6.320000,6.345000,40785.700000
2023.01.02 00:10,6.345000,6.360000,6.330000,6.340000,19909.100000
2023.01.02 00:15,6.340000,6.350000,6.320000,6.325000,27240.300000
2023.01.02 00:20,6.325000,6.340000,6.310000,6.330000,30541.000000
2023.01.02 00:25,6.330000,6.330000,6.285000,6.305000,53622.500000
2023.01.02 00:30,6.305000,6.325000,6.295000,6.305000,15898.100000
2023.01.02 00:35,6.305000,6.320000,6.305000,6.320000,10681.400000
2023.01.02 00:40,6.320000,6.325000,6.305000,6.310000,15039.500000
2023.01.02 00:45,6.310000,6.335000,6.310000,6.310000,20233.400000
2023.01.02 00:50,6.310000,6.315000,6.295000,6.315000,13603.500000
2023.01.02 00:55,6.315000,6.340000,6.310000,6.325000,26025.800000
2023.01.02 01:00,6.325000,6.325000,6.300000,6.310000,13584.700000
2023.01.02 01:05,6.310000,6.325000,6.310000,6.325000,1567.400000
2023.01.02 01:10,6.325000,6.325000,6.260000,6.290000,70110.600000
2023.01.02 01:15,6.290000,6.290000,6.265000,6.275000,6811.500000
2023.01.02 01:20,6.275000,6.290000,6.275000,6.285000,4179.300000
2023.01.02 01:25,6.285000,6.285000,6.275000,6.275000,1365.000000
2023.01.02 01:30,6.275000,6.305000,6.275000,6.295000,9926.800000
2023.01.02 01:35,6.295000,6.310000,6.295000,6.305000,4631.000000
2023.01.02 01:40,6.305000,6.310000,6.300000,6.310000,11025.900000
2023.01.02 01:45,6.310000,6.310000,6.305000,6.310000,968.100000
2023.01.02 01:50,6.310000,6.335000,6.305000,6.310000,14289.700000
2023.01.02 01:55,6.310000,6.315000,6.310000,6.315000,1454.000000
2023.01.02 02:00,6.315000,6.350000,6.310000,6.340000,29001.300000
2023.01.02 02:05,6.340000,6.340000,6.320000,6.330000,27661.500000
2023.01.02 02:10,6.330000,6.350000,6.325000,6.330000,35850.600000
2023.01.02 02:15,6.330000,6.335000,6.310000,6.325000,16879.700000
2023.01.02 02:20,6.325000,6.325000,6.310000,6.310000,5778.500000
2023.01.02 02:25,6.310000,6.310000,6.295000,6.300000,11022.300000
2023.01.02 02:30,6.300000,6.320000,6.300000,6.320000,3282.600000
2023.01.02 02:35,6.320000,6.320000,6.310000,6.315000,3745.300000
2023.01.02 02:40,6.315000,6.320000,6.315000,6.320000,5137.600000
2023.01.02 02:45,6.320000,6.320000,6.310000,6.310000,8052.200000
2023.01.02 02:50,6.310000,6.310000,6.295000,6.300000,9927.500000
2023.01.02 02:55,6.300000,6.325000,6.300000,6.325000,11402.000000
2023.01.02 03:00,6.325000,6.340000,6.275000,6.310000,57293.500000
2023.01.02 03:05,6.310000,6.335000,6.310000,6.320000,19033.000000
2023.01.02 03:10,6.320000,6.330000,6.315000,6.325000,4484.000000
2023.01.02 03:15,6.325000,6.325000,6.280000,6.290000,18191.300000
2023.01.02 03:20,6.290000,6.300000,6.270000,6.285000,19508.600000
2023.01.02 03:25,6.285000,6.285000,6.265000,6.265000,17732.200000
2023.01.02 03:30,6.265000,6.290000,6.265000,6.285000,11039.700000
2023.01.02 03:35,6.285000,6.285000,6.250000,6.250000,19325.300000
2023.01.02 03:40,6.250000,6.260000,6.245000,6.255000,18061.100000
2023.01.02 03:45,6.255000,6.270000,6.245000,6.245000,12406.500000
2023.01.02 03:50,6.245000,6.250000,6.210000,6.225000,84891.900000
2023.01.02 03:55,6.225000,6.240000,6.220000,6.230000,5205.900000
2023.01.02 04:00,6.230000,6.240000,6.205000,6.210000,29918.200000
2023.01.02 04:05,6.210000,6.215000,6.075000,6.145000,503188.900000
2023.01.02 04:10,6.145000,6.155000,6.125000,6.135000,53359.600000
2023.01.02 04:15,6.135000,6.145000,6.120000,6.135000,34116.500000
2023.01.02 04:20,6.135000,6.175000,6.135000,6.170000,31069.100000
2023.01.02 04:25,6.170000,6.195000,6.170000,6.195000,29287.900000
2023.01.02 04:30,6.195000,6.195000,6.170000,6.170000,17872.000000
2023.01.02 04:35,6.170000,6.175000,6.165000,6.165000,5779.600000
2023.01.02 04:40,6.165000,6.165000,6.145000,6.160000,26925.800000
2023.01.02 04:45,6.160000,6.165000,6.155000,6.160000,12448.700000
2023.01.02 04:50,6.160000,6.160000,6.150000,6.155000,6954.300000
2023.01.02 04:55,6.155000,6.165000,6.155000,6.155000,8756.800000
2023.01.02 05:00,6.155000,6.185000,6.150000,6.185000,15087.400000
2023.01.02 05:05,6.185000,6.200000,6.185000,6.195000,13717.500000
2023.01.02 05:10,6.195000,6.200000,6.190000,6.190000,5200.900000
2023.01.02 05:15,6.190000,6.190000,6.175000,6.190000,16351.900000
2023.01.02 05:20,6.190000,6.190000,6.185000,6.185000,7848.500000
2023.01.02 05:25,6.185000,6.200000,6.175000,6.200000,22696.400000
2023.01.02 05:30,6.200000,6.200000,6.190000,6.195000,2651.200000
2023.01.02 05:35,6.195000,6.200000,6.180000,6.190000,20006.600000
2023.01.02 05:40,6.190000,6.205000,6.190000,6.205000,4818.000000
2023.01.02 05:45,6.205000,6.220000,6.200000,6.215000,17972.300000
2023.01.02 05:50,6.215000,6.215000,6.200000,6.205000,34874.600000
2023.01.02 05:55,6.205000,6.210000,6.200000,6.200000,4065.400000
2023.01.02 06:00,6.200000,6.245000,6.195000,6.235000,33201.300000
2023.01.02 06:05,6.235000,6.235000,6.225000,6.225000,9763.400000
2023.01.02 06:10,6.225000,6.240000,6.215000,6.230000,28584.500000
2023.01.02 06:15,6.230000,6.235000,6.220000,6.225000,2158.200000
2023.01.02 06:20,6.225000,6.240000,6.225000,6.240000,673.300000
2023.01.02 06:25,6.240000,6.240000,6.230000,6.230000,6698.700000
2023.01.02 06:30,6.230000,6.235000,6.225000,6.235000,6288.700000
2023.01.02 06:35,6.235000,6.235000,6.225000,6.225000,2711.300000
2023.01.02 06:40,6.225000,6.225000,6.205000,6.210000,13325.100000
2023.01.02 06:45,6.210000,6.225000,6.205000,6.225000,18682.300000
2023.01.02 06:50,6.225000,6.255000,6.225000,6.250000,20121.700000
2023.01.02 06:55,6.250000,6.255000,6.235000,6.240000,22468.100000
2023.01.02 07:00,6.240000,6.255000,6.235000,6.255000,31100.000000
2023.01.02 07:05,6.255000,6.270000,6.240000,6.240000,22074.900000
2023.01.02 07:10,6.240000,6.250000,6.240000,6.245000,16859.200000
2023.01.02 07:15,6.245000,6.250000,6.230000,6.230000,3890.400000
2023.01.02 07:20,6.230000,6.240000,6.230000,6.235000,6446.900000
2023.01.02 07:25,6.235000,6.245000,6.235000,6.245000,7271.300000
2023.01.02 07:30,6.245000,6.260000,6.245000,6.255000,3160.800000
2023.01.02 07:35,6.255000,6.255000,6.235000,6.235000,6214.000000
2023.01.02 07:40,6.235000,6.240000,6.230000,6.235000,2496.800000
2023.01.02 07:45,6.235000,6.245000,6.235000,6.245000,7201.100000
2023.01.02 07:50,6.245000,6.250000,6.230000,6.230000,7557.800000
2023.01.02 07:55,6.230000,6.240000,6.230000,6.240000,678.900000
2023.01.02 08:00,6.240000,6.255000,6.240000,6.250000,11449.200000
2023.01.02 08:05,6.250000,6.255000,6.250000,6.250000,113.100000
2023.01.02 08:10,6.250000,6.250000,6.235000,6.235000,6032.300000
2023.01.02 08:15,6.235000,6.240000,6.235000,6.235000,846.100000
2023.01.02 08:20,6.235000,6.245000,6.235000,6.245000,14851.800000
2023.01.02 08:25,6.245000,6.255000,6.245000,6.255000,6682.200000
2023.01.02 08:30,6.255000,6.260000,6.250000,6.250000,17774.400000
2023.01.02 08:35,6.250000,6.250000,6.250000,6.250000,2001.500000
2023.01.02 08:40,6.250000,6.255000,6.240000,6.240000,4223.000000
2023.01.02 08:45,6.240000,6.245000,6.240000,6.245000,2592.900000
2023.01.02 08:50,6.245000,6.260000,6.240000,6.250000,7651.600000
2023.01.02 08:55,6.250000,6.260000,6.250000,6.250000,2413.400000
2023.01.02 09:00,6.250000,6.285000,6.250000,6.280000,30686.900000
2023.01.02 09:05,6.280000,6.305000,6.280000,6.290000,31491.400000
2023.01.02 09:10,6.290000,6.290000,6.275000,6.280000,5238.200000
2023.01.02 09:15,6.280000,6.280000,6.265000,6.270000,6557.700000
2023.01.02 09:20,6.270000,6.285000,6.270000,6.285000,12976.100000
2023.01.02 09:25,6.285000,6.290000,6.285000,6.285000,2929.100000
2023.01.02 09:30,6.285000,6.285000,6.270000,6.270000,3443.400000
2023.01.02 09:35,6.270000,6.275000,6.265000,6.265000,4360.700000
2023.01.02 09:40,6.265000,6.270000,6.255000,6.260000,4179.200000
2023.01.02 09:45,6.260000,6.265000,6.260000,6.260000,2727.400000
2023.01.02 09:50,6.260000,6.265000,6.260000,6.265000,6284.200000
2023.01.02 09:55,6.265000,6.265000,6.255000,6.255000,4431.800000
2023.01.02 10:00,6.255000,6.260000,6.245000,6.250000,4323.600000
2023.01.02 10:05,6.250000,6.265000,6.250000,6.265000,1416.300000
2023.01.02 10:10,6.265000,6.440000,6.265000,6.415000,231279.000000
2023.01.02 10:15,6.415000,6.415000,6.305000,6.355000,362922.000000
2023.01.02 10:20,6.355000,6.370000,6.315000,6.330000,32676.700000
2023.01.02 10:25,6.330000,6.370000,6.320000,6.350000,43246.100000
2023.01.02 10:30,6.350000,6.365000,6.330000,6.330000,20063.300000
2023.01.02 10:35,6.330000,6.370000,6.325000,6.370000,12563.700000
2023.01.02 10:40,6.370000,6.380000,6.355000,6.365000,11895.900000
2023.01.02 10:45,6.365000,6.390000,6.365000,6.370000,30049.300000
2023.01.02 10:50,6.370000,6.370000,6.345000,6.365000,10446.500000
2023.01.02 10:55,6.365000,6.390000,6.350000,6.360000,10855.500000
2023.01.02 11:00,6.360000,6.390000,6.360000,6.375000,22300.900000
2023.01.02 11:05,6.375000,6.395000,6.375000,6.395000,16034.800000
2023.01.02 11:10,6.395000,6.430000,6.390000,6.420000,37577.500000
2023.01.02 11:15,6.420000,6.480000,6.415000,6.425000,124540.800000
2023.01.02 11:20,6.425000,6.425000,6.405000,6.425000,32130.000000
2023.01.02 11:25,6.425000,6.430000,6.405000,6.410000,15458.200000
2023.01.02 11:30,6.410000,6.420000,6.395000,6.415000,12310.400000
2023.01.02 11:35,6.415000,6.415000,6.400000,6.405000,4292.900000
2023.01.02 11:40,6.405000,6.405000,6.390000,6.395000,2976.300000
2023.01.02 11:45,6.395000,6.400000,6.380000,6.385000,4016.400000
2023.01.02 11:50,6.385000,6.385000,6.365000,6.380000,19187.600000
2023.01.02 11:55,6.380000,6.385000,6.370000,6.375000,5752.600000
2023.01.02 12:00,6.375000,6.385000,6.370000,6.370000,22696.600000
2023.01.02 12:05,6.370000,6.390000,6.370000,6.385000,9608.600000
2023.01.02 12:10,6.385000,6.390000,6.375000,6.375000,2375.000000
2023.01.02 12:15,6.375000,6.380000,6.370000,6.375000,5655.400000
2023.01.02 12:20,6.375000,6.385000,6.370000,6.370000,8166.400000
2023.01.02 12:25,6.370000,6.370000,6.365000,6.370000,6859.000000
2023.01.02 12:30,6.370000,6.370000,6.360000,6.365000,8725.700000
2023.01.02 12:35,6.365000,6.390000,6.365000,6.380000,7723.800000
2023.01.02 12:40,6.380000,6.385000,6.375000,6.380000,7506.800000
2023.01.02 12:45,6.380000,6.380000,6.360000,6.365000,10475.700000
2023.01.02 12:50,6.365000,6.370000,6.350000,6.355000,14693.400000
2023.01.02 12:55,6.355000,6.370000,6.355000,6.360000,4171.900000
2023.01.02 13:00,6.360000,6.375000,6.345000,6.375000,39369.400000
2023.01.02 13:05,6.375000,6.390000,6.370000,6.380000,20589.000000
2023.01.02 13:10,6.380000,6.385000,6.365000,6.375000,7636.600000
2023.01.02 13:15,6.375000,6.420000,6.375000,6.390000,52970.600000
2023.01.02 13:20,6.390000,6.400000,6.385000,6.390000,10408.100000
2023.01.02 13:25,6.390000,6.405000,6.390000,6.405000,6152.500000
2023.01.02 13:30,6.405000,6.430000,6.400000,6.415000,29758.200000
2023.01.02 13:35,6.415000,6.420000,6.395000,6.395000,7758.700000
2023.01.02 13:40,6.395000,6.405000,6.390000,6.395000,6177.700000
2023.01.02 13:45,6.395000,6.415000,6.390000,6.415000,4544.100000
2023.01.02 13:50,6.415000,6.415000,6.410000,6.410000,833.200000
2023.01.02 13:55,6.410000,6.415000,6.410000,6.415000,613.300000
2023.01.02 14:00,6.415000,6.425000,6.410000,6.415000,9442.000000
2023.01.02 14:05,6.415000,6.415000,6.405000,6.405000,3451.900000
2023.01.02 14:10,6.405000,6.415000,6.405000,6.415000,2065.300000
2023.01.02 14:15,6.415000,6.415000,6.395000,6.400000,8009.300000
2023.01.02 14:20,6.400000,6.400000,6.390000,6.395000,4832.700000
2023.01.02 14:25,6.395000,6.395000,6.385000,6.385000,6697.200000
2023.01.02 14:30,6.385000,6.385000,6.365000,6.375000,18688.100000
2023.01.02 14:35,6.375000,6.385000,6.360000,6.385000,13649.300000
2023.01.02 14:40,6.385000,6.400000,6.385000,6.385000,7533.000000
2023.01.02 14:45,6.385000,6.410000,6.385000,6.400000,7967.100000
2023.01.02 14:50,6.400000,6.400000,6.380000,6.380000,11696.700000
2023.01.02 14:55,6.380000,6.385000,6.375000,6.380000,6942.700000
2023.01.02 15:00,6.380000,6.395000,6.380000,6.395000,6694.900000
2023.01.02 15:05,6.395000,6.395000,6.380000,6.385000,2612.100000
2023.01.02 15:10,6.385000,6.390000,6.380000,6.390000,11285.100000
2023.01.02 15:15,6.390000,6.400000,6.380000,6.380000,25242.900000
2023.01.02 15:20,6.380000,6.380000,6.370000,6.380000,6365.300000
2023.01.02 15:25,6.380000,6.385000,6.370000,6.380000,4067.400000
2023.01.02 15:30,6.380000,6.380000,6.365000,6.370000,5044.900000
2023.01.02 15:35,6.370000,6.370000,6.355000,6.365000,16175.500000
2023.01.02 15:40,6.365000,6.365000,6.355000,6.360000,13456.400000
2023.01.02 15:45,6.360000,6.370000,6.360000,6.365000,7236.500000
2023.01.02 15:50,6.365000,6.365000,6.345000,6.345000,16120.600000
2023.01.02 15:55,6.345000,6.355000,6.340000,6.355000,6767.700000
2023.01.02 16:00,6.355000,6.370000,6.355000,6.365000,7767.100000
2023.01.02 16:05,6.365000,6.365000,6.355000,6.365000,1239.400000
2023.01.02 16:10,6.365000,6.365000,6.355000,6.365000,2614.700000
2023.01.02 16:15,6.365000,6.370000,6.355000,6.360000,5083.300000
2023.01.02 16:20,6.360000,6.360000,6.345000,6.360000,8946.400000
2023.01.02 16:25,6.360000,6.370000,6.360000,6.365000,4096.400000
2023.01.02 16:30,6.365000,6.370000,6.350000,6.350000,4846.900000
2023.01.02 16:35,6.350000,6.350000,6.320000,6.330000,51928.100000
2023.01.02 16:40,6.330000,6.340000,6.315000,6.325000,52699.800000
2023.01.02 16:45,6.325000,6.340000,6.325000,6.335000,13058.700000
2023.01.02 16:50,6.335000,6.345000,6.330000,6.345000,7655.400000
2023.01.02 16:55,6.345000,6.345000,6.340000,6.345000,1759.700000
2023.01.02 17:00,6.345000,6.350000,6.340000,6.345000,16568.100000
2023.01.02 17:05,6.345000,6.345000,6.340000,6.340000,5556.200000
2023.01.02 17:10,6.340000,6.345000,6.335000,6.340000,4367.100000
2023.01.02 17:15,6.340000,6.350000,6.340000,6.340000,6840.100000
2023.01.02 17:20,6.340000,6.350000,6.340000,6.345000,406.700000
2023.01.02 17:25,6.345000,6.345000,6.330000,6.335000,6059.700000
2023.01.02 17:30,6.335000,6.340000,6.335000,6.340000,108.200000
2023.01.02 17:35,6.340000,6.340000,6.320000,6.320000,18498.900000
2023.01.02 17:40,6.320000,6.340000,6.320000,6.335000,7936.700000
2023.01.02 17:45,6.335000,6.355000,6.335000,6.340000,10587.300000
2023.01.02 17:50,6.340000,6.345000,6.335000,6.335000,3914.800000
2023.01.02 17:55,6.335000,6.350000,6.335000,6.345000,8420.300000
2023.01.02 18:00,6.345000,6.360000,6.335000,6.335000,21795.100000
2023.01.02 18:05,6.335000,6.345000,6.335000,6.340000,2044.700000
2023.01.02 18:10,6.340000,6.345000,6.335000,6.345000,9115.600000
2023.01.02 18:15,6.345000,6.365000,6.345000,6.350000,23445.800000
2023.01.02 18:20,6.350000,6.360000,6.345000,6.360000,7165.600000
2023.01.02 18:25,6.360000,6.360000,6.355000,6.360000,4394.800000
2023.01.02 18:30,6.360000,6.370000,6.355000,6.365000,23908.400000
2023.01.02 18:35,6.365000,6.380000,6.360000,6.380000,13908.400000
2023.01.02 18:40,6.380000,6.400000,6.370000,6.395000,22547.800000
2023.01.02 18:45,6.395000,6.395000,6.375000,6.375000,10612.400000
2023.01.02 18:50,6.375000,6.385000,6.375000,6.380000,4952.900000
2023.01.02 18:55,6.380000,6.385000,6.375000,6.380000,5698.300000
2023.01.02 19:00,6.380000,6.400000,6.380000,6.385000,19206.200000
2023.01.02 19:05,6.385000,6.390000,6.380000,6.380000,9411.100000
2023.01.02 19:10,6.380000,6.400000,6.380000,6.400000,1456.900000
2023.01.02 19:15,6.400000,6.400000,6.385000,6.395000,5115.400000
2023.01.02 19:20,6.395000,6.400000,6.395000,6.395000,1898.500000
2023.01.02 19:25,6.395000,6.410000,6.395000,6.405000,8010.600000
2023.01.02 19:30,6.405000,6.405000,6.395000,6.395000,5211.300000
2023.01.02 19:35,6.395000,6.400000,6.390000,6.400000,4942.200000
2023.01.02 19:40,6.400000,6.400000,6.395000,6.400000,6315.300000
2023.01.02 19:45,6.400000,6.410000,6.385000,6.385000,25793.700000
2023.01.02 19:50,6.385000,6.385000,6.365000,6.375000,19886.700000
2023.01.02 19:55,6.375000,6.375000,6.370000,6.370000,2479.800000
2023.01.02 20:00,6.370000,6.375000,6.355000,6.375000,4106.700000
2023.01.02 20:05,6.375000,6.380000,6.375000,6.380000,2632.900000
2023.01.02 20:10,6.380000,6.380000,6.365000,6.375000,6319.900000
2023.01.02 20:15,6.375000,6.375000,6.365000,6.370000,481.800000
2023.01.02 20:20,6.370000,6.375000,6.365000,6.365000,1271.300000
2023.01.02 20:25,6.365000,6.375000,6.365000,6.375000,3411.500000
2023.01.02 20:30,6.375000,6.375000,6.365000,6.370000,9739.900000
2023.01.02 20:35,6.370000,6.370000,6.365000,6.370000,2342.300000
2023.01.02 20:40,6.370000,6.370000,6.365000,6.370000,1352.800000
2023.01.02 20:45,6.370000,6.375000,6.370000,6.375000,1776.100000
2023.01.02 20:50,6.375000,6.385000,6.375000,6.385000,2291.100000
2023.01.02 20:55,6.385000,6.385000,6.385000,6.385000,160.300000
2023.01.02 21:00,6.385000,6.385000,6.385000,6.385000,406.900000
2023.01.02 21:05,6.385000,6.390000,6.385000,6.390000,242.500000
2023.01.02 21:10,6.390000,6.405000,6.390000,6.400000,8134.100000
2023.01.02 21:15,6.400000,6.410000,6.400000,6.400000,2616.200000
2023.01.02 21:20,6.400000,6.420000,6.390000,6.395000,23175.400000
2023.01.02 21:25,6.395000,6.400000,6.385000,6.385000,3260.100000
2023.01.02 21:30,6.385000,6.395000,6.385000,6.390000,7180.100000
2023.01.02 21:35,6.390000,6.400000,6.390000,6.390000,4720.300000
2023.01.02 21:40,6.390000,6.395000,6.390000,6.395000,3273.100000
2023.01.02 21:45,6.395000,6.400000,6.390000,6.400000,6444.700000
2023.01.02 21:50,6.400000,6.405000,6.400000,6.400000,2214.100000
2023.01.02 21:55,6.400000,6.400000,6.390000,6.390000,1785.300000
2023.01.02 22:00,6.390000,6.395000,6.390000,6.390000,1106.500000
2023.01.02 22:05,6.390000,6.390000,6.390000,6.390000,98.400000
2023.01.02 22:10,6.390000,6.390000,6.385000,6.390000,4097.300000
2023.01.02 22:15,6.390000,6.390000,6.385000,6.390000,64.600000
2023.01.02 22:20,6.390000,6.390000,6.385000,6.385000,2041.800000
2023.01.02 22:25,6.385000,6.385000,6.385000,6.385000,1347.600000
2023.01.02 22:30,6.385000,6.390000,6.380000,6.390000,1814.500000
2023.01.02 22:35,6.390000,6.390000,6.385000,6.390000,1167.000000
2023.01.02 22:40,6.390000,6.395000,6.385000,6.395000,3339.200000
2023.01.02 22:45,6.395000,6.430000,6.395000,6.405000,46255.600000
2023.01.02 22:50,6.405000,6.420000,6.405000,6.415000,8910.400000
2023.01.02 22:55,6.415000,6.415000,6.410000,6.410000,4443.900000
2023.01.02 23:00,6.410000,6.420000,6.405000,6.415000,29940.300000
2023.01.02 23:05,6.415000,6.415000,6.405000,6.405000,18328.300000
2023.01.02 23:10,6.405000,6.410000,6.405000,6.405000,1256.700000
2023.01.02 23:15,6.405000,6.405000,6.400000,6.400000,1450.600000
2023.01.02 23:20,6.400000,6.410000,6.400000,6.405000,1688.400000
2023.01.02 23:25,6.405000,6.410000,6.400000,6.400000,5449.000000
2023.01.02 23:30,6.400000,6.415000,6.400000,6.400000,2324.000000
2023.01.02 23:35,6.400000,6.405000,6.395000,6.405000,2118.300000
2023.01.02 23:40,6.405000,6.405000,6.400000,6.405000,483.700000
2023.01.02 23:45,6.405000,6.405000,6.400000,6.400000,11.000000
2023.01.02 23:50,6.400000,6.410000,6.400000,6.410000,2046.400000
2023.01.02 23:55,6.410000,6.410000,6.395000,6.405000,1644.100000
2023.01.03 00:00,6.405000,6.425000,6.405000,6.425000,1708.900000
2023.01.03 00:05,6.425000,6.425000,6.415000,6.420000,274.100000
2023.01.03 00:10,6.420000,6.435000,6.420000,6.420000,18091.200000
2023.01.03 00:15,6.420000,6.425000,6.420000,6.420000,2259.000000
2023.01.03 00:20,6.420000,6.430000,6.420000,6.425000,2477.800000
2023.01.03 00:25,6.425000,6.430000,6.425000,6.430000,1625.600000
2023.01.03 00:30,6.430000,6.435000,6.430000,6.430000,1320.700000
2023.01.03 00:35,6.430000,6.430000,6.425000,6.425000,983.100000
2023.01.03 00:40,6.425000,6.435000,6.425000,6.430000,11703.200000
2023.01.03 00:45,6.430000,6.435000,6.425000,6.430000,10871.100000
2023.01.03 00:50,6.430000,6.430000,6.425000,6.430000,1413.200000
2023.01.03 00:55,6.430000,6.465000,6.430000,6.445000,32447.900000
2023.01.03 01:00,6.445000,6.445000,6.425000,6.435000,7603.700000
2023.01.03 01:05,6.435000,6.435000,6.420000,6.420000,736.900000
2023.01.03 01:10,6.420000,6.425000,6.410000,6.420000,20711.500000
2023.01.03 01:15,6.420000,6.425000,6.420000,6.425000,2531.000000
2023.01.03 01:20,6.425000,6.425000,6.415000,6.425000,2463.600000
2023.01.03 01:25,6.425000,6.425000,6.405000,6.405000,8068.100000
2023.01.03 01:30,6.405000,6.415000,6.400000,6.400000,3179.200000
2023.01.03 01:35,6.400000,6.405000,6.395000,6.405000,4674.900000
2023.01.03 01:40,6.405000,6.410000,6.405000,6.410000,11085.300000
2023.01.03 01:45,6.410000,6.410000,6.375000,6.380000,9226.100000
2023.01.03 01:50,6.380000,6.390000,6.380000,6.390000,2002.700000
2023.01.03 01:55,6.390000,6.400000,6.385000,6.385000,3247.900000
2023.01.03 02:00,6.385000,6.420000,6.370000,6.410000,26520.000000
2023.01.03 02:05,6.410000,6.420000,6.410000,6.410000,6326.600000
2023.01.03 02:10,6.410000,6.410000,6.400000,6.410000,4277.400000
2023.01.03 02:15,6.410000,6.410000,6.400000,6.400000,3222.700000
2023.01.03 02:20,6.400000,6.420000,6.395000,6.415000,2669.400000
2023.01.03 02:25,6.415000,6.415000,6.405000,6.415000,295.500000
2023.01.03 02:30,6.415000,6.415000,6.405000,6.405000,2172.200000
2023.01.03 02:35,6.405000,6.405000,6.385000,6.385000,3086.100000
2023.01.03 02:40,6.385000,6.395000,6.385000,6.395000,3282.900000
2023.01.03 02:45,6.395000,6.395000,6.370000,6.370000,4918.100000
2023.01.03 02:50,6.370000,6.390000,6.370000,6.380000,11603.100000
2023.01.03 02:55,6.380000,6.385000,6.380000,6.385000,2167.200000
2023.01.03 03:00,6.385000,6.410000,6.380000,6.380000,37893.300000
2023.01.03 03:05,6.380000,6.390000,6.380000,6.390000,8991.500000
2023.01.03 03:10,6.390000,6.400000,6.390000,6.400000,1793.400000
2023.01.03 03:15,6.400000,6.400000,6.395000,6.400000,136.900000
2023.01.03 03:20,6.400000,6.400000,6.375000,6.380000,5703.600000
2023.01.03 03:25,6.380000,6.380000,6.370000,6.370000,13536.000000
2023.01.03 03:30,6.370000,6.420000,6.370000,6.420000,7727.500000
2023.01.03 03:35,6.420000,6.505000,6.420000,6.455000,113685.100000
2023.01.03 03:40,6.455000,6.545000,6.450000,6.525000,91969.300000
2023.01.03 03:45,6.525000,6.530000,6.465000,6.465000,39914.000000
2023.01.03 03:50,6.465000,6.515000,6.465000,6.495000,35734.700000
2023.01.03 03:55,6.495000,6.550000,6.490000,6.510000,52583.100000
2023.01.03 04:00,6.510000,6.510000,6.455000,6.465000,54393.900000
2023.01.03 04:05,6.465000,6.465000,6.435000,6.440000,16323.800000
2023.01.03 04:10,6.440000,6.445000,6.425000,6.435000,13754.200000
2023.01.03 04:15,6.435000,6.435000,6.400000,6.405000,22113.300000
2023.01.03 04:20,6.405000,6.410000,6.385000,6.395000,51102.300000
2023.01.03 04:25,6.395000,6.410000,6.395000,6.395000,21633.300000
2023.01.03 04:30,6.395000,6.395000,6.350000,6.385000,124485.900000
2023.01.03 04:35,6.385000,6.385000,6.360000,6.370000,16804.000000
2023.01.03 04:40,6.370000,6.385000,6.365000,6.385000,10560.900000
2023.01.03 04:45,6.385000,6.385000,6.375000,6.375000,9951.100000
2023.01.03 04:50,6.375000,6.380000,6.370000,6.375000,27218.100000
2023.01.03 04:55,6.375000,6.375000,6.360000,6.365000,16470.800000
2023.01.03 05:00,6.365000,6.390000,6.365000,6.390000,7165.000000
2023.01.03 05:05,6.390000,6.390000,6.360000,6.360000,7895.100000
2023.01.03 05:10,6.360000,6.385000,6.360000,6.385000,8093.300000
2023.01.03 05:15,6.385000,6.390000,6.370000,6.370000,49219.300000
2023.01.03 05:20,6.370000,6.380000,6.365000,6.370000,15345.800000
2023.01.03 05:25,6.370000,6.370000,6.355000,6.355000,9739.900000
2023.01.03 05:30,6.355000,6.370000,6.355000,6.365000,20641.600000
2023.01.03 05:35,6.365000,6.365000,6.360000,6.365000,5835.900000
2023.01.03 05:40,6.365000,6.385000,6.365000,6.385000,8415.100000
2023.01.03 05:45,6.385000,6.390000,6.370000,6.370000,3782.900000
2023.01.03 05:50,6.370000,6.380000,6.370000,6.380000,2409.300000
2023.01.03 05:55,6.380000,6.380000,6.365000,6.365000,2716.000000
2023.01.03 06:00,6.365000,6.380000,6.365000,6.370000,25151.400000
2023.01.03 06:05,6.370000,6.370000,6.365000,6.365000,8204.400000
2023.01.03 06:10,6.365000,6.370000,6.330000,6.345000,60470.000000
2023.01.03 06:15,6.345000,6.365000,6.345000,6.365000,8280.300000
2023.01.03 06:20,6.365000,6.380000,6.360000,6.380000,12114.900000
2023.01.03 06:25,6.380000,6.380000,6.360000,6.370000,4881.500000
2023.01.03 06:30,6.370000,6.385000,6.370000,6.380000,12961.100000
2023.01.03 06:35,6.380000,6.380000,6.365000,6.365000,2087.300000
2023.01.03 06:40,6.365000,6.370000,6.355000,6.370000,2653.600000
2023.01.03 06:45,6.370000,6.370000,6.370000,6.370000,2187.300000
2023.01.03 06:50,6.370000,6.370000,6.360000,6.370000,10070.000000
2023.01.03 06:55,6.370000,6.375000,6.365000,6.375000,4782.300000
2023.01.03 07:00,6.375000,6.385000,6.370000,6.380000,33672.400000
2023.01.03 07:05,6.380000,6.395000,6.380000,6.390000,6624.900000
2023.01.03 07:10,6.390000,6.395000,6.390000,6.390000,6282.800000
2023.01.03 07:15,6.390000,6.390000,6.390000,6.390000,944.700000
2023.01.03 07:20,6.390000,6.390000,6.385000,6.385000,4718.100000
2023.01.03 07:25,6.385000,6.385000,6.375000,6.380000,21533.000000
2023.01.03 07:30,6.380000,6.385000,6.365000,6.365000,11997.100000
2023.01.03 07:35,6.365000,6.375000,6.365000,6.370000,12764.100000
2023.01.03 07:40,6.370000,6.375000,6.370000,6.370000,18783.400000
2023.01.03 07:45,6.370000,6.370000,6.355000,6.360000,14658.000000
2023.01.03 07:50,6.360000,6.365000,6.355000,6.360000,24046.000000
2023.01.03 07:55,6.360000,6.380000,6.360000,6.370000,37395.200000
2023.01.03 08:00,6.370000,6.375000,6.365000,6.370000,14038.000000
2023.01.03 08:05,6.370000,6.370000,6.360000,6.365000,2115.100000
2023.01.03 08:10,6.365000,6.380000,6.365000,6.380000,27003.500000
2023.01.03 08:15,6.380000,6.410000,6.380000,6.395000,54126.800000
2023.01.03 08:20,6.395000,6.395000,6.380000,6.385000,36402.400000
2023.01.03 08:25,6.385000,6.385000,6.375000,6.385000,7248.400000
2023.01.03 08:30,6.385000,6.390000,6.375000,6.390000,7073.000000
2023.01.03 08:35,6.390000,6.400000,6.390000,6.395000,4859.200000
2023.01.03 08:40,6.395000,6.410000,6.395000,6.410000,4297.100000
2023.01.03 08:45,6.410000,6.415000,6.405000,6.415000,7849.100000
2023.01.03 08:50,6.415000,6.415000,6.405000,6.405000,7108.100000
2023.01.03 08:55,6.405000,6.420000,6.405000,6.410000,6925.400000
2023.01.03 09:00,6.410000,6.440000,6.410000,6.425000,14977.200000
2023.01.03 09:05,6.425000,6.425000,6.415000,6.415000,5385.500000
2023.01.03 09:10,6.415000,6.420000,6.415000,6.415000,1510.300000
2023.01.03 09:15,6.415000,6.420000,6.415000,6.420000,493.600000
2023.01.03 09:20,6.420000,6.440000,6.420000,6.435000,6033.800000
2023.01.03 09:25,6.435000,6.435000,6.420000,6.435000,12333.900000
2023.01.03 09:30,6.435000,6.450000,6.425000,6.425000,35159.200000
2023.01.03 09:35,6.425000,6.425000,6.410000,6.410000,15983.700000
2023.01.03 09:40,6.410000,6.420000,6.410000,6.420000,8224.100000
2023.01.03 09:45,6.420000,6.420000,6.405000,6.405000,2967.900000
2023.01.03 09:50,6.405000,6.410000,6.405000,6.410000,3170.200000
2023.01.03 09:55,6.410000,6.410000,6.405000,6.405000,1922.200000
2023.01.03 10:00,6.405000,6.415000,6.400000,6.400000,19501.800000
2023.01.03 10:05,6.400000,6.410000,6.400000,6.410000,2971.100000
2023.01.03 10:10,6.410000,6.430000,6.410000,6.430000,6344.000000
2023.01.03 10:15,6.430000,6.435000,6.430000,6.430000,8633.500000
2023.01.03 10:20,6.430000,6.430000,6.415000,6.415000,11840.500000
2023.01.03 10:25,6.415000,6.420000,6.415000,6.415000,1442.500000
2023.01.03 10:30,6.415000,6.420000,6.410000,6.410000,938.200000
2023.01.03 10:35,6.410000,6.420000,6.410000,6.415000,975.800000
2023.01.03 10:40,6.415000,6.420000,6.410000,6.415000,2779.200000
2023.01.03 10:45,6.415000,6.420000,6.415000,6.420000,2618.100000
2023.01.03 10:50,6.420000,6.430000,6.420000,6.425000,1363.700000
2023.01.03 10:55,6.425000,6.435000,6.425000,6.435000,2332.300000
2023.01.03 11:00,6.435000,6.440000,6.425000,6.425000,7941.300000
2023.01.03 11:05,6.425000,6.425000,6.415000,6.420000,5294.900000
2023.01.03 11:10,6.420000,6.420000,6.405000,6.405000,4746.100000
2023.01.03 11:15,6.405000,6.410000,6.405000,6.410000,7370.900000
2023.01.03 11:20,6.410000,6.430000,6.410000,6.430000,7454.500000
2023.01.03 11:25,6.430000,6.455000,6.430000,6.445000,50557.700000
2023.01.03 11:30,6.445000,6.490000,6.445000,6.470000,44571.600000
2023.01.03 11:35,6.470000,6.470000,6.450000,6.460000,13490.000000
2023.01.03 11:40,6.460000,6.465000,6.450000,6.460000,12777.300000
2023.01.03 11:45,6.460000,6.495000,6.460000,6.470000,13418.000000
2023.01.03 11:50,6.470000,6.475000,6.455000,6.475000,8477.600000
2023.01.03 11:55,6.475000,6.480000,6.465000,6.475000,3258.100000
2023.01.03 12:00,6.475000,6.480000,6.470000,6.480000,2800.500000
2023.01.03 12:05,6.480000,6.510000,6.470000,6.505000,71112.600000
2023.01.03 12:10,6.505000,6.520000,6.490000,6.495000,43264.700000
2023.01.03 12:15,6.495000,6.520000,6.495000,6.505000,10594.500000
2023.01.03 12:20,6.505000,6.505000,6.485000,6.485000,14063.300000
2023.01.03 12:25,6.485000,6.485000,6.470000,6.470000,8813.500000
2023.01.03 12:30,6.470000,6.490000,6.470000,6.485000,8870.800000
2023.01.03 12:35,6.485000,6.485000,6.450000,6.450000,15225.700000
2023.01.03 12:40,6.450000,6.465000,6.450000,6.460000,24731.500000
2023.01.03 12:45,6.460000,6.465000,6.445000,6.450000,4209.800000
2023.01.03 12:50,6.450000,6.465000,6.450000,6.465000,3699.000000
2023.01.03 12:55,6.465000,6.465000,6.435000,6.445000,21761.300000
2023.01.03 13:00,6.445000,6.450000,6.435000,6.440000,9407.000000
2023.01.03 13:05,6.440000,6.450000,6.435000,6.445000,14694.600000
2023.01.03 13:10,6.445000,6.445000,6.430000,6.430000,11666.900000
2023.01.03 13:15,6.430000,6.450000,6.430000,6.430000,12442.000000
2023.01.03 13:20,6.430000,6.445000,6.430000,6.445000,3487.500000
2023.01.03 13:25,6.445000,6.450000,6.440000,6.440000,3177.200000
2023.01.03 13:30,6.440000,6.450000,6.430000,6.440000,6558.900000
2023.01.03 13:35,6.440000,6.445000,6.430000,6.435000,3378.400000
2023.01.03 13:40,6.435000,6.445000,6.435000,6.445000,5864.000000
2023.01.03 13:45,6.445000,6.450000,6.440000,6.450000,1307.700000
2023.01.03 13:50,6.450000,6.450000,6.445000,6.445000,148.800000
2023.01.03 13:55,6.445000,6.455000,6.445000,6.445000,7019.100000
2023.01.03 14:00,6.445000,6.450000,6.435000,6.440000,9256.400000
2023.01.03 14:05,6.440000,6.445000,6.440000,6.440000,2803.500000
2023.01.03 14:10,6.440000,6.450000,6.440000,6.450000,6830.700000
2023.01.03 14:15,6.450000,6.450000,6.420000,6.425000,5349.100000
2023.01.03 14:20,6.425000,6.430000,6.415000,6.420000,11244.100000
2023.01.03 14:25,6.420000,6.420000,6.410000,6.420000,4166.700000
2023.01.03 14:30,6.420000,6.445000,6.420000,6.440000,11043.500000
2023.01.03 14:35,6.440000,6.440000,6.430000,6.435000,2784.100000
2023.01.03 14:40,6.435000,6.440000,6.405000,6.405000,6568.500000
2023.01.03 14:45,6.405000,6.420000,6.390000,6.415000,31912.600000
2023.01.03 14:50,6.415000,6.420000,6.405000,6.415000,5223.900000
2023.01.03 14:55,6.415000,6.415000,6.410000,6.410000,4691.600000
2023.01.03 15:00,6.410000,6.425000,6.410000,6.425000,10729.000000
2023.01.03 15:05,6.425000,6.440000,6.425000,6.425000,8513.200000
2023.01.03 15:10,6.425000,6.425000,6.400000,6.405000,8409.000000
2023.01.03 15:15,6.405000,6.405000,6.395000,6.395000,2455.500000
2023.01.03 15:20,6.395000,6.425000,6.395000,6.420000,6152.400000
2023.01.03 15:25,6.420000,6.420000,6.410000,6.410000,7526.100000
2023.01.03 15:30,6.410000,6.420000,6.410000,6.420000,4700.900000
2023.01.03 15:35,6.420000,6.420000,6.420000,6.420000,684.000000
2023.01.03 15:40,6.420000,6.435000,6.415000,6.420000,18476.700000
2023.01.03 15:45,6.420000,6.420000,6.405000,6.405000,4727.800000
2023.01.03 15:50,6.405000,6.410000,6.395000,6.395000,18390.000000
2023.01.03 15:55,6.395000,6.410000,6.395000,6.410000,5547.300000
2023.01.03 16:00,6.410000,6.415000,6.410000,6.415000,1781.200000
2023.01.03 16:05,6.415000,6.425000,6.415000,6.420000,7573.700000
2023.01.03 16:10,6.420000,6.430000,6.420000,6.420000,802.600000
2023.01.03 16:15,6.420000,6.425000,6.420000,6.425000,668.300000
2023.01.03 16:20,6.425000,6.430000,6.410000,6.410000,25113.100000
2023.01.03 16:25,6.410000,6.420000,6.405000,6.415000,16651.800000
2023.01.03 16:30,6.415000,6.415000,6.410000,6.410000,1597.200000
2023.01.03 16:35,6.410000,6.425000,6.405000,6.425000,4059.900000
2023.01.03 16:40,6.425000,6.430000,6.420000,6.425000,2907.200000
2023.01.03 16:45,6.425000,6.430000,6.425000,6.430000,1662.200000
2023.01.03 16:50,6.430000,6.445000,6.425000,6.430000,14081.500000
2023.01.03 16:55,6.430000,6.435000,6.425000,6.430000,8263.800000
2023.01.03 17:00,6.430000,6.435000,6.425000,6.435000,5666.500000
2023.01.03 17:05,6.435000,6.455000,6.430000,6.455000,7161.300000
2023.01.03 17:10,6.455000,6.465000,6.435000,6.450000,32151.400000
2023.01.03 17:15,6.450000,6.470000,6.435000,6.465000,15368.400000
2023.01.03 17:20,6.465000,6.465000,6.445000,6.455000,12618.800000
2023.01.03 17:25,6.455000,6.460000,6.455000,6.460000,5347.300000
2023.01.03 17:30,6.460000,6.470000,6.445000,6.465000,13515.700000
2023.01.03 17:35,6.465000,6.475000,6.450000,6.455000,13110.100000
2023.01.03 17:40,6.455000,6.470000,6.450000,6.455000,22249.200000
2023.01.03 17:45,6.455000,6.455000,6.430000,6.430000,26799.200000
2023.01.03 17:50,6.430000,6.430000,6.385000,6.400000,81966.900000
2023.01.03 17:55,6.400000,6.405000,6.320000,6.350000,94332.800000
2023.01.03 18:00,6.350000,6.380000,6.350000,6.375000,19333.300000
2023.01.03 18:05,6.375000,6.380000,6.370000,6.375000,9024.900000
2023.01.03 18:10,6.375000,6.380000,6.350000,6.355000,18200.100000
2023.01.03 18:15,6.355000,6.365000,6.335000,6.340000,40220.600000
2023.01.03 18:20,6.340000,6.355000,6.340000,6.355000,12152.500000
2023.01.03 18:25,6.355000,6.360000,6.345000,6.350000,9670.600000
2023.01.03 18:30,6.350000,6.350000,6.315000,6.325000,31267.100000
2023.01.03 18:35,6.325000,6.345000,6.325000,6.340000,6979.200000
2023.01.03 18:40,6.340000,6.355000,6.340000,6.355000,26970.400000
2023.01.03 18:45,6.355000,6.370000,6.350000,6.360000,2939.500000
2023.01.03 18:50,6.360000,6.365000,6.355000,6.355000,9127.100000
2023.01.03 18:55,6.355000,6.380000,6.350000,6.375000,17759.200000
2023.01.03 19:00,6.375000,6.385000,6.365000,6.375000,9800.700000
2023.01.03 19:05,6.375000,6.430000,6.375000,6.395000,81293.800000
2023.01.03 19:10,6.395000,6.405000,6.375000,6.380000,27951.600000
2023.01.03 19:15,6.380000,6.415000,6.375000,6.405000,9818.300000
2023.01.03 19:20,6.405000,6.435000,6.400000,6.430000,12550.400000
2023.01.03 19:25,6.430000,6.440000,6.415000,6.425000,17070.800000
2023.01.03 19:30,6.425000,6.425000,6.410000,6.415000,32312.900000
2023.01.03 19:35,6.415000,6.455000,6.415000,6.450000,19511.400000
2023.01.03 19:40,6.450000,6.460000,6.450000,6.450000,18204.500000
2023.01.03 19:45,6.450000,6.455000,6.435000,6.435000,10064.400000
2023.01.03 19:50,6.435000,6.435000,6.415000,6.425000,10269.400000
2023.01.03 19:55,6.425000,6.425000,6.385000,6.395000,26835.800000
2023.01.03 20:00,6.395000,6.435000,6.395000,6.420000,20357.300000
2023.01.03 20:05,6.420000,6.425000,6.415000,6.420000,2137.600000
2023.01.03 20:10,6.420000,6.430000,6.420000,6.420000,4233.000000
2023.01.03 20:15,6.420000,6.420000,6.415000,6.420000,5604.900000
2023.01.03 20:20,6.420000,6.425000,6.410000,6.410000,5707.900000
2023.01.03 20:25,6.410000,6.415000,6.410000,6.415000,18918.000000
2023.01.03 20:30,6.415000,6.430000,6.410000,6.430000,11593.900000
2023.01.03 20:35,6.430000,6.450000,6.430000,6.435000,16689.900000
2023.01.03 20:40,6.435000,6.435000,6.420000,6.420000,3761.300000
2023.01.03 20:45,6.420000,6.420000,6.405000,6.410000,7883.100000
2023.01.03 20:50,6.410000,6.415000,6.410000,6.410000,527.500000
2023.01.03 20:55,6.410000,6.435000,6.410000,6.435000,3858.700000
2023.01.03 21:00,6.435000,6.445000,6.425000,6.445000,6990.800000
2023.01.03 21:05,6.445000,6.445000,6.420000,6.430000,6429.900000
2023.01.03 21:10,6.430000,6.440000,6.430000,6.430000,4297.500000
2023.01.03 21:15,6.430000,6.440000,6.430000,6.440000,236.200000
2023.01.03 21:20,6.440000,6.440000,6.435000,6.440000,834.400000
2023.01.03 21:25,6.440000,6.465000,6.440000,6.455000,7223.500000
2023.01.03 21:30,6.455000,6.475000,6.450000,6.450000,7778.200000
2023.01.03 21:35,6.450000,6.450000,6.440000,6.450000,3018.000000
2023.01.03 21:40,6.450000,6.450000,6.440000,6.440000,1739.100000
2023.01.03 21:45,6.440000,6.440000,6.435000,6.435000,386.800000
2023.01.03 21:50,6.435000,6.450000,6.435000,6.450000,1528.500000
2023.01.03 21:55,6.450000,6.460000,6.450000,6.460000,814.700000
2023.01.03 22:00,6.460000,6.465000,6.460000,6.460000,1710.200000
2023.01.03 22:05,6.460000,6.465000,6.450000,6.450000,2305.400000
2023.01.03 22:10,6.450000,6.450000,6.435000,6.435000,4840.100000
2023.01.03 22:15,6.435000,6.460000,6.435000,6.460000,25307.600000
2023.01.03 22:20,6.460000,6.465000,6.450000,6.450000,4916.700000
2023.01.03 22:25,6.450000,6.455000,6.445000,6.455000,2102.900000
2023.01.03 22:30,6.455000,6.455000,6.445000,6.445000,3676.700000
2023.01.03 22:35,6.445000,6.455000,6.440000,6.440000,16487.600000
2023.01.03 22:40,6.440000,6.455000,6.440000,6.450000,2393.300000
2023.01.03 22:45,6.450000,6.455000,6.450000,6.455000,5122.800000
2023.01.03 22:50,6.455000,6.460000,6.450000,6.450000,6108.500000
2023.01.03 22:55,6.450000,6.455000,6.445000,6.455000,3864.600000
2023.01.03 23:00,6.455000,6.465000,6.455000,6.460000,3741.900000
2023.01.03 23:05,6.460000,6.460000,6.460000,6.460000,10.300000
2023.01.03 23:10,6.460000,6.470000,6.460000,6.465000,7640.500000
2023.01.03 23:15,6.465000,6.475000,6.455000,6.455000,17021.400000
2023.01.03 23:20,6.455000,6.455000,6.445000,6.450000,1939.100000
2023.01.03 23:25,6.450000,6.450000,6.440000,6.440000,1327.900000
2023.01.03 23:30,6.440000,6.455000,6.440000,6.450000,5745.300000
2023.01.03 23:35,6.450000,6.455000,6.445000,6.455000,1256.000000
2023.01.03 23:40,6.455000,6.455000,6.445000,6.450000,7368.200000
2023.01.03 23:45,6.450000,6.450000,6.445000,6.445000,1882.100000
2023.01.03 23:50,6.445000,6.445000,6.440000,6.440000,483.100000
2023.01.03 23:55,6.440000,6.445000,6.440000,6.445000,574.500000
2023.01.04 00:00,6.445000,6.455000,6.445000,6.455000,2439.800000
2023.01.04 00:05,6.455000,6.465000,6.450000,6.465000,14878.300000
2023.01.04 00:10,6.465000,6.465000,6.460000,6.465000,832.700000
2023.01.04 00:15,6.465000,6.475000,6.460000,6.465000,3261.500000
2023.01.04 00:20,6.465000,6.465000,6.455000,6.460000,2802.300000
2023.01.04 00:25,6.460000,6.460000,6.450000,6.460000,1728.700000
2023.01.04 00:30,6.460000,6.465000,6.455000,6.455000,984.300000
2023.01.04 00:35,6.455000,6.460000,6.455000,6.455000,923.100000
2023.01.04 00:40,6.455000,6.470000,6.455000,6.465000,5406.800000
2023.01.04 00:45,6.465000,6.480000,6.465000,6.480000,12083.200000
2023.01.04 00:50,6.480000,6.555000,6.475000,6.500000,135948.800000
2023.01.04 00:55,6.500000,6.515000,6.490000,6.500000,14648.700000
2023.01.04 01:00,6.500000,6.530000,6.495000,6.520000,10742.200000
2023.01.04 01:05,6.520000,6.525000,6.500000,6.520000,25333.100000
2023.01.04 01:10,6.520000,6.525000,6.515000,6.515000,4820.500000
2023.01.04 01:15,6.515000,6.515000,6.490000,6.490000,4701.100000
2023.01.04 01:20,6.490000,6.495000,6.490000,6.490000,6496.800000
2023.01.04 01:25,6.490000,6.495000,6.480000,6.485000,2825.300000
2023.01.04 01:30,6.485000,6.490000,6.475000,6.475000,4779.200000
2023.01.04 01:35,6.475000,6.480000,6.475000,6.480000,752.600000
2023.01.04 01:40,6.480000,6.490000,6.470000,6.490000,4565.300000
2023.01.04 01:45,6.490000,6.495000,6.490000,6.490000,6849.400000
2023.01.04 01:50,6.490000,6.500000,6.490000,6.495000,1690.400000
2023.01.04 01:55,6.495000,6.515000,6.495000,6.510000,8797.900000
2023.01.04 02:00,6.510000,6.515000,6.495000,6.495000,14772.900000
2023.01.04 02:05,6.495000,6.510000,6.495000,6.510000,7994.000000
2023.01.04 02:10,6.510000,6.515000,6.500000,6.505000,3407.500000
2023.01.04 02:15,6.505000,6.515000,6.495000,6.515000,12844.400000
2023.01.04 02:20,6.515000,6.515000,6.500000,6.505000,2586.700000
2023.01.04 02:25,6.505000,6.505000,6.495000,6.500000,5683.500000
2023.01.04 02:30,6.500000,6.500000,6.490000,6.500000,3249.500000
2023.01.04 02:35,6.500000,6.500000,6.495000,6.495000,1209.000000
2023.01.04 02:40,6.495000,6.505000,6.495000,6.505000,5830.400000
2023.01.04 02:45,6.505000,6.520000,6.505000,6.510000,4317.400000
2023.01.04 02:50,6.510000,6.515000,6.500000,6.500000,8621.800000
2023.01.04 02:55,6.500000,6.515000,6.500000,6.515000,9459.100000
2023.01.04 03:00,6.515000,6.525000,6.490000,6.500000,19320.100000
2023.01.04 03:05,6.500000,6.500000,6.485000,6.485000,22929.700000
2023.01.04 03:10,6.485000,6.495000,6.485000,6.495000,16044.200000
2023.01.04 03:15,6.495000,6.515000,6.495000,6.500000,24790.100000
2023.01.04 03:20,6.500000,6.515000,6.485000,6.515000,16508.500000
2023.01.04 03:25,6.515000,6.540000,6.510000,6.530000,28038.000000
2023.01.04 03:30,6.530000,6.560000,6.525000,6.560000,26107.500000
2023.01.04 03:35,6.560000,6.560000,6.525000,6.535000,26291.400000
2023.01.04 03:40,6.535000,6.535000,6.505000,6.510000,12201.900000
2023.01.04 03:45,6.510000,6.510000,6.495000,6.510000,13004.900000
2023.01.04 03:50,6.510000,6.520000,6.510000,6.510000,6877.900000
2023.01.04 03:55,6.510000,6.560000,6.510000,6.535000,12506.000000
2023.01.04 04:00,6.535000,6.560000,6.535000,6.550000,21844.400000
2023.01.04 04:05,6.550000,6.620000,6.550000,6.580000,84866.200000
2023.01.04 04:10,6.580000,6.600000,6.580000,6.600000,12676.100000
2023.01.04 04:15,6.600000,6.630000,6.580000,6.625000,29339.800000
2023.01.04 04:20,6.625000,6.635000,6.585000,6.595000,49582.900000
2023.01.04 04:25,6.595000,6.595000,6.560000,6.560000,25458.000000
2023.01.04 04:30,6.560000,6.585000,6.560000,6.565000,22400.600000
2023.01.04 04:35,6.565000,6.575000,6.555000,6.575000,17603.300000
2023.01.04 04:40,6.575000,6.580000,6.565000,6.570000,54189.100000
2023.01.04 04:45,6.570000,6.585000,6.570000,6.580000,5409.600000
2023.01.04 04:50,6.580000,6.580000,6.555000,6.560000,22310.100000
2023.01.04 04:55,6.560000,6.575000,6.560000,6.565000,3178.200000
2023.01.04 05:00,6.565000,6.575000,6.560000,6.570000,4392.400000
2023.01.04 05:05,6.570000,6.575000,6.565000,6.570000,9474.200000
2023.01.04 05:10,6.570000,6.570000,6.555000,6.560000,27249.500000
2023.01.04 05:15,6.560000,6.575000,6.545000,6.575000,34324.200000
2023.01.04 05:20,6.575000,6.575000,6.565000,6.565000,10196.700000
2023.01.04 05:25,6.565000,6.565000,6.555000,6.565000,3936.800000
2023.01.04 05:30,6.565000,6.575000,6.565000,6.575000,2405.300000
2023.01.04 05:35,6.575000,6.595000,6.570000,6.575000,41060.500000
2023.01.04 05:40,6.575000,6.595000,6.575000,6.590000,4183.500000
2023.01.04 05:45,6.590000,6.595000,6.580000,6.585000,53320.500000
2023.01.04 05:50,6.585000,6.640000,6.585000,6.630000,86135.000000
2023.01.04 05:55,6.630000,6.685000,6.630000,6.645000,123500.000000
2023.01.04 06:00,6.645000,6.690000,6.645000,6.665000,45565.800000
2023.01.04 06:05,6.665000,6.725000,6.665000,6.680000,155973.600000
2023.01.04 06:10,6.680000,6.750000,6.670000,6.730000,87268.800000
2023.01.04 06:15,6.730000,6.730000,6.690000,6.695000,51811.800000
2023.01.04 06:20,6.695000,6.775000,6.690000,6.745000,104538.000000
2023.01.04 06:25,6.745000,6.765000,6.745000,6.755000,10784.200000
2023.01.04 06:30,6.755000,6.755000,6.725000,6.735000,25542.500000
2023.01.04 06:35,6.735000,6.740000,6.705000,6.705000,20041.900000
2023.01.04 06:40,6.705000,6.715000,6.675000,6.695000,59401.200000
2023.01.04 06:45,6.695000,6.710000,6.685000,6.700000,24662.200000
2023.01.04 06:50,6.700000,6.720000,6.700000,6.710000,18220.600000
2023.01.04 06:55,6.710000,6.725000,6.710000,6.720000,10723.700000
2023.01.04 07:00,6.720000,6.735000,6.710000,6.730000,18706.500000
2023.01.04 07:05,6.730000,6.740000,6.705000,6.715000,23943.600000
2023.01.04 07:10,6.715000,6.715000,6.670000,6.680000,29765.300000
2023.01.04 07:15,6.680000,6.705000,6.680000,6.700000,30059.900000
2023.01.04 07:20,6.700000,6.705000,6.700000,6.700000,2232.100000
2023.01.04 07:25,6.700000,6.725000,6.700000,6.710000,17737.600000
2023.01.04 07:30,6.710000,6.725000,6.705000,6.725000,1814.000000
2023.01.04 07:35,6.725000,6.735000,6.720000,6.720000,3137.300000
2023.01.04 07:40,6.720000,6.720000,6.710000,6.710000,4647.400000
2023.01.04 07:45,6.710000,6.725000,6.710000,6.720000,6582.800000
2023.01.04 07:50,6.720000,6.725000,6.710000,6.720000,9814.400000
2023.01.04 07:55,6.720000,6.720000,6.715000,6.715000,1977.000000
2023.01.04 08:00,6.715000,6.725000,6.715000,6.720000,2117.400000
2023.01.04 08:05,6.720000,6.720000,6.700000,6.700000,10545.100000
2023.01.04 08:10,6.700000,6.710000,6.685000,6.685000,23941.400000
2023.01.04 08:15,6.685000,6.700000,6.685000,6.695000,2231.500000
2023.01.04 08:20,6.695000,6.710000,6.695000,6.705000,4725.300000
2023.01.04 08:25,6.705000,6.710000,6.700000,6.700000,2354.900000
2023.01.04 08:30,6.700000,6.710000,6.700000,6.705000,1989.500000
2023.01.04 08:35,6.705000,6.720000,6.705000,6.715000,9765.800000
2023.01.04 08:40,6.715000,6.720000,6.700000,6.705000,6245.700000
2023.01.04 08:45,6.705000,6.705000,6.695000,6.695000,2781.200000
2023.01.04 08:50,6.695000,6.710000,6.695000,6.710000,5444.700000
2023.01.04 08:55,6.710000,6.715000,6.705000,6.710000,10455.700000
2023.01.04 09:00,6.710000,6.720000,6.710000,6.715000,8065.800000
2023.01.04 09:05,6.715000,6.720000,6.710000,6.710000,2965.800000
2023.01.04 09:10,6.710000,6.720000,6.710000,6.715000,10235.300000
2023.01.04 09:15,6.715000,6.725000,6.715000,6.720000,12700.000000
2023.01.04 09:20,6.720000,6.735000,6.715000,6.730000,9499.500000
2023.01.04 09:25,6.730000,6.735000,6.725000,6.725000,14581.900000
2023.01.04 09:30,6.725000,6.725000,6.710000,6.710000,8808.500000
2023.01.04 09:35,6.710000,6.710000,6.700000,6.705000,19591.000000
2023.01.04 09:40,6.705000,6.715000,6.700000,6.715000,12118.900000
2023.01.04 09:45,6.715000,6.725000,6.715000,6.720000,6906.500000
2023.01.04 09:50,6.720000,6.725000,6.720000,6.720000,13391.100000
2023.01.04 09:55,6.720000,6.725000,6.720000,6.725000,5601.000000
2023.01.04 10:00,6.725000,6.745000,6.715000,6.715000,46863.400000
2023.01.04 10:05,6.715000,6.715000,6.700000,6.710000,11002.700000
2023.01.04 10:10,6.710000,6.715000,6.705000,6.710000,667.700000
2023.01.04 10:15,6.710000,6.720000,6.710000,6.720000,2508.900000
2023.01.04 10:20,6.720000,6.730000,6.715000,6.715000,4497.100000
2023.01.04 10:25,6.715000,6.715000,6.705000,6.710000,892.900000
2023.01.04 10:30,6.710000,6.710000,6.700000,6.700000,6142.800000
2023.01.04 10:35,6.700000,6.720000,6.700000,6.720000,4900.100000
2023.01.04 10:40,6.720000,6.730000,6.720000,6.730000,11608.200000
2023.01.04 10:45,6.730000,6.740000,6.725000,6.725000,8166.300000
2023.01.04 10:50,6.725000,6.730000,6.720000,6.720000,5355.300000
2023.01.04 10:55,6.720000,6.735000,6.720000,6.730000,20266.400000
2023.01.04 11:00,6.730000,6.730000,6.715000,6.725000,3583.200000
2023.01.04 11:05,6.725000,6.735000,6.720000,6.730000,12303.900000
2023.01.04 11:10,6.730000,6.735000,6.725000,6.725000,1370.200000
2023.01.04 11:15,6.725000,6.745000,6.725000,6.740000,5307.300000
2023.01.04 11:20,6.740000,6.760000,6.710000,6.715000,35636.400000
2023.01.04 11:25,6.715000,6.720000,6.690000,6.695000,17483.900000
2023.01.04 11:30,6.695000,6.700000,6.650000,6.660000,49462.000000
2023.01.04 11:35,6.660000,6.685000,6.660000,6.675000,13241.700000
2023.01.04 11:40,6.675000,6.695000,6.675000,6.685000,4389.100000
2023.01.04 11:45,6.685000,6.700000,6.685000,6.700000,7677.600000
2023.01.04 11:50,6.700000,6.710000,6.700000,6.700000,6817.300000
2023.01.04 11:55,6.700000,6.720000,6.700000,6.700000,5143.500000
2023.01.04 12:00,6.700000,6.710000,6.700000,6.705000,14208.000000
2023.01.04 12:05,6.705000,6.710000,6.695000,6.695000,38119.500000
2023.01.04 12:10,6.695000,6.705000,6.695000,6.705000,7956.100000
2023.01.04 12:15,6.705000,6.710000,6.705000,6.705000,10226.800000
2023.01.04 12:20,6.705000,6.715000,6.705000,6.705000,1789.700000
2023.01.04 12:25,6.705000,6.705000,6.690000,6.690000,2250.500000
2023.01.04 12:30,6.690000,6.695000,6.685000,6.690000,1292.200000
2023.01.04 12:35,6.690000,6.695000,6.680000,6.685000,2127.100000
2023.01.04 12:40,6.685000,6.685000,6.675000,6.685000,15851.500000
2023.01.04 12:45,6.685000,6.700000,6.685000,6.695000,776.400000
2023.01.04 12:50,6.695000,6.695000,6.670000,6.670000,12044.000000
2023.01.04 12:55,6.670000,6.675000,6.665000,6.675000,29299.100000
2023.01.04 13:00,6.675000,6.680000,6.670000,6.675000,11783.400000
2023.01.04 13:05,6.675000,6.680000,6.675000,6.675000,11179.300000
2023.01.04 13:10,6.675000,6.685000,6.675000,6.685000,471.700000
2023.01.04 13:15,6.685000,6.685000,6.680000,6.685000,515.000000
2023.01.04 13:20,6.685000,6.690000,6.680000,6.685000,8250.000000
2023.01.04 13:25,6.685000,6.685000,6.680000,6.685000,147.000000
2023.01.04 13:30,6.685000,6.690000,6.685000,6.685000,6541.100000
2023.01.04 13:35,6.685000,6.685000,6.675000,6.680000,1116.200000
2023.01.04 13:40,6.680000,6.680000,6.675000,6.680000,5826.400000
2023.01.04 13:45,6.680000,6.680000,6.660000,6.665000,25616.800000
2023.01.04 13:50,6.665000,6.675000,6.665000,6.675000,6914.900000
2023.01.04 13:55,6.675000,6.675000,6.670000,6.675000,2194.500000
2023.01.04 14:00,6.675000,6.675000,6.660000,6.660000,5988.800000
2023.01.04 14:05,6.660000,6.660000,6.635000,6.650000,51118.300000
2023.01.04 14:10,6.650000,6.660000,6.650000,6.660000,2713.400000
2023.01.04 14:15,6.660000,6.670000,6.655000,6.660000,4138.500000
2023.01.04 14:20,6.660000,6.660000,6.650000,6.655000,5244.900000
2023.01.04 14:25,6.655000,6.660000,6.655000,6.660000,5197.400000
2023.01.04 14:30,6.660000,6.670000,6.660000,6.665000,1885.400000
2023.01.04 14:35,6.665000,6.670000,6.665000,6.665000,5104.400000
2023.01.04 14:40,6.665000,6.675000,6.665000,6.675000,5786.600000
2023.01.04 14:45,6.675000,6.675000,6.665000,6.670000,178.800000
2023.01.04 14:50,6.670000,6.670000,6.660000,6.670000,2255.100000
2023.01.04 14:55,6.670000,6.670000,6.660000,6.660000,17620.400000
2023.01.04 15:00,6.660000,6.675000,6.655000,6.670000,22210.900000
2023.01.04 15:05,6.670000,6.670000,6.665000,6.670000,313.400000
2023.01.04 15:10,6.670000,6.680000,6.670000,6.680000,2394.800000
2023.01.04 15:15,6.680000,6.680000,6.670000,6.670000,1617.100000
2023.01.04 15:20,6.670000,6.690000,6.670000,6.685000,82451.600000
2023.01.04 15:25,6.685000,6.705000,6.685000,6.705000,64612.700000
2023.01.04 15:30,6.705000,6.705000,6.690000,6.690000,18704.400000
2023.01.04 15:35,6.690000,6.690000,6.675000,6.675000,11912.000000
2023.01.04 15:40,6.675000,6.680000,6.675000,6.675000,63.400000
2023.01.04 15:45,6.675000,6.675000,6.660000,6.660000,9597.200000
2023.01.04 15:50,6.660000,6.665000,6.655000,6.660000,2103.900000
2023.01.04 15:55,6.660000,6.660000,6.650000,6.660000,6895.300000
2023.01.04 16:00,6.660000,6.670000,6.655000,6.670000,11007.800000
2023.01.04 16:05,6.670000,6.685000,6.670000,6.685000,3043.200000
2023.01.04 16:10,6.685000,6.685000,6.670000,6.670000,8146.700000
2023.01.04 16:15,6.670000,6.680000,6.670000,6.675000,828.100000
2023.01.04 16:20,6.675000,6.695000,6.675000,6.695000,7821.900000
2023.01.04 16:25,6.695000,6.700000,6.685000,6.685000,13222.400000
2023.01.04 16:30,6.685000,6.690000,6.680000,6.685000,2934.500000
2023.01.04 16:35,6.685000,6.690000,6.685000,6.690000,294.400000
2023.01.04 16:40,6.690000,6.700000,6.690000,6.695000,1931.900000
2023.01.04 16:45,6.695000,6.700000,6.695000,6.700000,1152.000000
2023.01.04 16:50,6.700000,6.710000,6.695000,6.705000,1880.200000
2023.01.04 16:55,6.705000,6.705000,6.690000,6.700000,4504.100000
2023.01.04 17:00,6.700000,6.700000,6.685000,6.685000,5879.900000
2023.01.04 17:05,6.685000,6.685000,6.675000,6.675000,2970.900000
2023.01.04 17:10,6.675000,6.675000,6.660000,6.660000,8139.300000
2023.01.04 17:15,6.660000,6.665000,6.650000,6.655000,2559.100000
2023.01.04 17:20,6.655000,6.660000,6.655000,6.660000,7436.700000
2023.01.04 17:25,6.660000,6.670000,6.660000,6.670000,22188.700000
2023.01.04 17:30,6.670000,6.670000,6.635000,6.645000,18332.200000
2023.01.04 17:35,6.645000,6.680000,6.645000,6.665000,46491.600000
2023.01.04 17:40,6.665000,6.680000,6.655000,6.655000,23994.800000
2023.01.04 17:45,6.655000,6.660000,6.645000,6.655000,16158.300000
2023.01.04 17:50,6.655000,6.665000,6.645000,6.655000,8605.800000
2023.01.04 17:55,6.655000,6.665000,6.655000,6.665000,1173.300000
2023.01.04 18:00,6.665000,6.675000,6.615000,6.625000,193006.100000
2023.01.04 18:05,6.625000,6.635000,6.565000,6.580000,197640.300000
2023.01.04 18:10,6.580000,6.595000,6.570000,6.595000,47287.700000
2023.01.04 18:15,6.595000,6.610000,6.595000,6.610000,10020.800000
2023.01.04 18:20,6.610000,6.620000,6.610000,6.610000,4771.200000
2023.01.04 18:25,6.610000,6.620000,6.605000,6.620000,11777.600000
2023.01.04 18:30,6.620000,6.640000,6.615000,6.640000,24327.500000
2023.01.04 18:35,6.640000,6.655000,6.640000,6.655000,4977.400000
2023.01.04 18:40,6.655000,6.675000,6.650000,6.675000,6454.100000
2023.01.04 18:45,6.675000,6.675000,6.665000,6.670000,9740.800000
2023.01.04 18:50,6.670000,6.680000,6.655000,6.655000,41066.500000
2023.01.04 18:55,6.655000,6.690000,6.655000,6.675000,154661.900000
2023.01.04 19:00,6.675000,6.685000,6.665000,6.680000,12746.200000
2023.01.04 19:05,6.680000,6.680000,6.655000,6.670000,16821.000000
2023.01.04 19:10,6.670000,6.695000,6.670000,6.695000,46140.600000
2023.01.04 19:15,6.695000,6.695000,6.680000,6.680000,16504.300000
2023.01.04 19:20,6.680000,6.680000,6.665000,6.665000,3120.400000
2023.01.04 19:25,6.665000,6.670000,6.655000,6.660000,12060.100000
2023.01.04 19:30,6.660000,6.675000,6.660000,6.675000,4194.400000
2023.01.04 19:35,6.675000,6.685000,6.675000,6.675000,5137.600000
2023.01.04 19:40,6.675000,6.680000,6.675000,6.675000,2029.100000
2023.01.04 19:45,6.675000,6.685000,6.675000,6.680000,2357.600000
2023.01.04 19:50,6.680000,6.680000,6.680000,6.680000,106.700000
2023.01.04 19:55,6.680000,6.685000,6.680000,6.680000,5973.000000
2023.01.04 20:00,6.680000,6.680000,6.670000,6.670000,2029.300000
2023.01.04 20:05,6.670000,6.670000,6.665000,6.665000,167.400000
2023.01.04 20:10,6.665000,6.665000,6.655000,6.660000,29283.000000
2023.01.04 20:15,6.660000,6.675000,6.655000,6.675000,15324.700000
2023.01.04 20:20,6.675000,6.690000,6.675000,6.685000,7358.800000
2023.01.04 20:25,6.685000,6.695000,6.680000,6.680000,9096.600000
2023.01.04 20:30,6.680000,6.710000,6.680000,6.695000,57057.000000
2023.01.04 20:35,6.695000,6.705000,6.690000,6.700000,13079.600000
2023.01.04 20:40,6.700000,6.710000,6.695000,6.705000,6739.500000
2023.01.04 20:45,6.705000,6.710000,6.680000,6.685000,7993.500000
2023.01.04 20:50,6.685000,6.690000,6.675000,6.675000,1407.600000
2023.01.04 20:55,6.675000,6.675000,6.655000,6.660000,17302.000000
2023.01.04 21:00,6.660000,6.670000,6.655000,6.665000,23296.400000
2023.01.04 21:05,6.665000,6.680000,6.665000,6.680000,23758.800000
2023.01.04 21:10,6.680000,6.680000,6.670000,6.670000,3584.800000
2023.01.04 21:15,6.670000,6.685000,6.670000,6.675000,3188.900000
2023.01.04 21:20,6.675000,6.680000,6.665000,6.665000,3391.200000
2023.01.04 21:25,6.665000,6.670000,6.660000,6.665000,2583.700000
2023.01.04 21:30,6.665000,6.670000,6.660000,6.670000,4643.900000
2023.01.04 21:35,6.670000,6.680000,6.670000,6.680000,6697.900000
2023.01.04 21:40,6.680000,6.685000,6.675000,6.680000,10769.900000
2023.01.04 21:45,6.680000,6.680000,6.670000,6.675000,2907.200000
2023.01.04 21:50,6.675000,6.685000,6.670000,6.670000,13065.900000
2023.01.04 21:55,6.670000,6.670000,6.635000,6.645000,36613.900000
2023.01.04 22:00,6.645000,6.655000,6.580000,6.595000,185166.300000
2023.01.04 22:05,6.595000,6.620000,6.580000,6.580000,23724.500000
2023.01.04 22:10,6.580000,6.595000,6.575000,6.595000,5415.000000
2023.01.04 22:15,6.595000,6.620000,6.595000,6.615000,12379.200000
2023.01.04 22:20,6.615000,6.630000,6.590000,6.595000,14064.600000
2023.01.04 22:25,6.595000,6.600000,6.535000,6.550000,126923.900000
2023.01.04 22:30,6.550000,6.555000,6.525000,6.550000,43599.400000
2023.01.04 22:35,6.550000,6.565000,6.550000,6.560000,3825.000000
2023.01.04 22:40,6.560000,6.570000,6.540000,6.545000,29623.000000
2023.01.04 22:45,6.545000,6.555000,6.545000,6.545000,8427.400000
2023.01.04 22:50,6.545000,6.550000,6.540000,6.540000,16143.600000
2023.01.04 22:55,6.540000,6.555000,6.540000,6.550000,5130.800000
2023.01.04 23:00,6.550000,6.565000,6.550000,6.560000,2198.400000
2023.01.04 23:05,6.560000,6.565000,6.555000,6.560000,4303.600000
2023.01.04 23:10,6.560000,6.560000,6.545000,6.545000,2036.100000
2023.01.04 23:15,6.545000,6.550000,6.545000,6.550000,1627.700000
2023.01.04 23:20,6.550000,6.550000,6.530000,6.530000,38640.700000
2023.01.04 23:25,6.530000,6.550000,6.530000,6.535000,23180.600000
2023.01.04 23:30,6.535000,6.535000,6.520000,6.525000,24715.800000
2023.01.04 23:35,6.525000,6.525000,6.500000,6.510000,60186.000000
2023.01.04 23:40,6.510000,6.510000,6.475000,6.490000,47614.100000
2023.01.04 23:45,6.490000,6.510000,6.485000,6.510000,9662.800000
2023.01.04 23:50,6.510000,6.520000,6.500000,6.500000,12320.700000
2023.01.04 23:55,6.500000,6.515000,6.495000,6.505000,8425.100000
2023.01.05 00:00,6.505000,6.525000,6.505000,6.525000,16010.000000
2023.01.05 00:05,6.525000,6.530000,6.520000,6.530000,17331.000000
2023.01.05 00:10,6.530000,6.545000,6.530000,6.545000,18314.400000
2023.01.05 00:15,6.545000,6.550000,6.530000,6.545000,5713.800000
2023.01.05 00:20,6.545000,6.565000,6.545000,6.560000,46336.900000
2023.01.05 00:25,6.560000,6.565000,6.540000,6.550000,24637.000000
2023.01.05 00:30,6.550000,6.550000,6.545000,6.545000,1099.700000
2023.01.05 00:35,6.545000,6.545000,6.530000,6.535000,6805.900000
2023.01.05 00:40,6.535000,6.540000,6.525000,6.525000,1156.700000
2023.01.05 00:45,6.525000,6.530000,6.525000,6.525000,7009.900000
2023.01.05 00:50,6.525000,6.530000,6.520000,6.525000,5142.900000
2023.01.05 00:55,6.525000,6.530000,6.525000,6.525000,835.400000
2023.01.05 01:00,6.525000,6.535000,6.520000,6.535000,11836.300000
2023.01.05 01:05,6.535000,6.545000,6.535000,6.540000,18710.000000
2023.01.05 01:10,6.540000,6.550000,6.540000,6.545000,17946.100000
2023.01.05 01:15,6.545000,6.545000,6.540000,6.540000,1032.500000
2023.01.05 01:20,6.540000,6.550000,6.540000,6.550000,503.300000
2023.01.05 01:25,6.550000,6.565000,6.550000,6.565000,2967.400000
2023.01.05 01:30,6.565000,6.565000,6.560000,6.560000,101.400000
2023.01.05 01:35,6.560000,6.575000,6.560000,6.570000,6406.800000
2023.01.05 01:40,6.570000,6.595000,6.570000,6.590000,4474.600000
2023.01.05 01:45,6.590000,6.595000,6.590000,6.590000,5095.300000
2023.01.05 01:50,6.590000,6.595000,6.590000,6.590000,332.300000
2023.01.05 01:55,6.590000,6.600000,6.590000,6.595000,9398.300000
2023.01.05 02:00,6.595000,6.605000,6.595000,6.605000,25795.100000
2023.01.05 02:05,6.605000,6.610000,6.600000,6.610000,18464.400000
2023.01.05 02:10,6.610000,6.620000,6.605000,6.620000,23544.300000
2023.01.05 02:15,6.620000,6.620000,6.605000,6.615000,8777.000000
2023.01.05 02:20,6.615000,6.635000,6.610000,6.635000,37136.100000
2023.01.05 02:25,6.635000,6.640000,6.625000,6.635000,10572.900000
2023.01.05 02:30,6.635000,6.645000,6.635000,6.640000,6798.000000
2023.01.05 02:35,6.640000,6.650000,6.640000,6.650000,13780.100000
2023.01.05 02:40,6.650000,6.655000,6.645000,6.650000,1572.500000
2023.01.05 02:45,6.650000,6.650000,6.645000,6.645000,3605.100000
2023.01.05 02:50,6.645000,6.650000,6.640000,6.645000,6291.600000
2023.01.05 02:55,6.645000,6.655000,6.645000,6.650000,1908.700000
2023.01.05 03:00,6.650000,6.755000,6.645000,6.745000,103219.200000
2023.01.05 03:05,6.745000,6.905000,6.740000,6.900000,270180.400000
2023.01.05 03:10,6.900000,7.005000,6.885000,6.955000,272486.000000
2023.01.05 03:15,6.955000,7.040000,6.955000,6.985000,170556.500000
2023.01.05 03:20,6.985000,7.105000,6.945000,7.090000,156378.600000
2023.01.05 03:25,7.090000,7.125000,7.025000,7.025000,161860.500000
2023.01.05 03:30,7.025000,7.055000,7.005000,7.025000,106500.200000
2023.01.05 03:35,7.025000,7.035000,6.985000,7.020000,100883.700000
2023.01.05 03:40,7.020000,7.085000,7.020000,7.055000,111995.900000
2023.01.05 03:45,7.055000,7.055000,6.990000,7.020000,103579.100000
2023.01.05 03:50,7.020000,7.075000,7.000000,7.070000,84505.900000
2023.01.05 03:55,7.070000,7.070000,7.025000,7.025000,113079.600000
