2023.01.01 00:00,246.750000,246.800000,246.750000,246.800000,107.300000
2023.01.01 00:01,246.800000,246.950000,246.800000,246.950000,107.980000
2023.01.01 00:02,246.950000,246.950000,246.900000,246.900000,2.670000
2023.01.01 00:03,246.900000,246.950000,246.900000,246.950000,5.310000
2023.01.01 00:04,246.950000,246.950000,246.950000,246.950000,0.290000
2023.01.01 00:05,246.950000,246.950000,246.900000,246.900000,1.340000
2023.01.01 00:06,246.900000,246.950000,246.900000,246.950000,0.030000
2023.01.01 00:07,246.950000,246.950000,246.950000,246.950000,0.470000
2023.01.01 00:08,246.950000,246.950000,246.900000,246.900000,1.230000
2023.01.01 00:09,246.900000,246.900000,246.800000,246.800000,320.060000
2023.01.01 00:10,246.800000,247.000000,246.800000,246.950000,98.620000
2023.01.01 00:11,246.950000,247.000000,246.950000,246.950000,19.960000
2023.01.01 00:12,246.950000,247.000000,246.900000,246.950000,97.800000
2023.01.01 00:13,246.950000,247.050000,246.950000,247.000000,211.010000
2023.01.01 00:14,247.000000,247.100000,246.950000,247.100000,3.560000
2023.01.01 00:15,247.100000,247.300000,247.050000,247.250000,856.110000
2023.01.01 00:16,247.250000,247.250000,247.150000,247.150000,6.390000
2023.01.01 00:17,247.150000,247.150000,246.900000,246.950000,321.830000
2023.01.01 00:18,246.950000,247.050000,246.950000,247.050000,126.820000
2023.01.01 00:19,247.050000,247.100000,247.000000,247.100000,12.220000
2023.01.01 00:20,247.100000,247.100000,247.050000,247.100000,172.050000
2023.01.01 00:21,247.100000,247.100000,247.050000,247.100000,1.020000
2023.01.01 00:22,247.100000,247.100000,246.950000,247.050000,111.450000
2023.01.01 00:23,247.050000,247.050000,247.000000,247.050000,577.570000
2023.01.01 00:24,247.050000,247.050000,247.050000,247.050000,13.600000
2023.01.01 00:25,247.050000,247.050000,246.950000,247.000000,917.560000
2023.01.01 00:26,247.000000,247.000000,246.950000,247.000000,685.050000
2023.01.01 00:27,247.000000,247.100000,247.000000,247.100000,64.790000
2023.01.01 00:28,247.100000,247.100000,247.050000,247.050000,3.420000
2023.01.01 00:29,247.050000,247.100000,247.050000,247.100000,2.540000
2023.01.01 00:30,247.100000,247.100000,247.050000,247.100000,0.140000
2023.01.01 00:31,247.100000,247.100000,247.050000,247.050000,14.540000
2023.01.01 00:32,247.050000,247.100000,247.050000,247.100000,134.470000
2023.01.01 00:33,247.100000,247.150000,247.100000,247.150000,128.450000
2023.01.01 00:34,247.150000,247.200000,247.100000,247.150000,36.760000
2023.01.01 00:35,247.150000,247.150000,247.100000,247.100000,33.710000
2023.01.01 00:36,247.100000,247.200000,247.100000,247.150000,19.420000
2023.01.01 00:37,247.150000,247.150000,247.100000,247.100000,17.430000
2023.01.01 00:38,247.100000,247.150000,247.100000,247.150000,20.690000
2023.01.01 00:39,247.150000,247.150000,247.050000,247.050000,27.840000
2023.01.01 00:40,247.050000,247.100000,247.050000,247.100000,0.020000
2023.01.01 00:41,247.100000,247.100000,247.050000,247.050000,5.960000
2023.01.01 00:42,247.050000,247.100000,247.050000,247.100000,1.930000
2023.01.01 00:43,247.100000,247.100000,247.050000,247.100000,1.880000
2023.01.01 00:44,247.100000,247.100000,247.000000,247.000000,1.250000
2023.01.01 00:45,247.000000,247.050000,247.000000,247.050000,0.630000
2023.01.01 00:46,247.050000,247.050000,247.000000,247.050000,7.520000
2023.01.01 00:47,247.050000,247.050000,247.000000,247.050000,4.950000
2023.01.01 00:48,247.050000,247.050000,247.050000,247.050000,0.000000
2023.01.01 00:49,247.050000,247.050000,247.000000,247.050000,1.400000
2023.01.01 00:50,247.050000,247.050000,247.000000,247.000000,112.010000
2023.01.01 00:51,247.000000,247.050000,247.000000,247.000000,1.890000
2023.01.01 00:52,247.000000,247.050000,246.900000,246.900000,32.210000
2023.01.01 00:53,246.900000,246.950000,246.800000,246.850000,222.770000
2023.01.01 00:54,246.850000,246.850000,246.750000,246.750000,16.670000
2023.01.01 00:55,246.750000,246.800000,246.750000,246.750000,8.710000
2023.01.01 00:56,246.750000,246.800000,246.750000,246.800000,0.010000
2023.01.01 00:57,246.800000,246.800000,246.700000,246.700000,66.760000
2023.01.01 00:58,246.700000,246.750000,246.700000,246.750000,28.220000
2023.01.01 00:59,246.750000,246.800000,246.750000,246.800000,1.300000
2023.01.01 01:00,246.800000,246.800000,246.800000,246.800000,2.430000
2023.01.01 01:01,246.800000,246.800000,246.750000,246.800000,45.810000
2023.01.01 01:02,246.800000,246.800000,246.800000,246.800000,0.000000
2023.01.01 01:03,246.800000,246.800000,246.750000,246.750000,310.120000
2023.01.01 01:04,246.750000,246.800000,246.750000,246.800000,15.840000
2023.01.01 01:05,246.800000,246.850000,246.800000,246.850000,36.690000
2023.01.01 01:06,246.850000,246.850000,246.800000,246.850000,20.230000
2023.01.01 01:07,246.850000,246.850000,246.850000,246.850000,31.180000
2023.01.01 01:08,246.850000,247.000000,246.800000,247.000000,34.700000
2023.01.01 01:09,247.000000,247.150000,247.000000,247.050000,103.610000
2023.01.01 01:10,247.050000,247.050000,247.050000,247.050000,13.040000
2023.01.01 01:11,247.050000,247.250000,247.050000,247.200000,231.310000
2023.01.01 01:12,247.200000,247.250000,247.200000,247.200000,38.420000
2023.01.01 01:13,247.200000,247.200000,247.200000,247.200000,47.210000
2023.01.01 01:14,247.200000,247.300000,247.200000,247.250000,449.450000
2023.01.01 01:15,247.250000,247.300000,247.200000,247.250000,29.540000
2023.01.01 01:16,247.250000,247.250000,247.150000,247.150000,3.580000
2023.01.01 01:17,247.150000,247.150000,247.050000,247.100000,57.880000
2023.01.01 01:18,247.100000,247.100000,246.700000,246.700000,77.970000
2023.01.01 01:19,246.700000,246.700000,246.600000,246.600000,169.390000
2023.01.01 01:20,246.600000,246.800000,246.600000,246.800000,6.480000
2023.01.01 01:21,246.800000,246.800000,246.700000,246.750000,46.740000
2023.01.01 01:22,246.750000,246.750000,246.700000,246.700000,3.070000
2023.01.01 01:23,246.700000,246.750000,246.700000,246.700000,4.390000
2023.01.01 01:24,246.700000,246.700000,246.650000,246.650000,64.730000
2023.01.01 01:25,246.650000,246.650000,246.600000,246.650000,3.110000
2023.01.01 01:26,246.650000,246.800000,246.650000,246.750000,410.710000
2023.01.01 01:27,246.750000,246.900000,246.750000,246.850000,12.550000
2023.01.01 01:28,246.850000,246.900000,246.750000,246.800000,191.290000
2023.01.01 01:29,246.800000,246.800000,246.800000,246.800000,0.000000
2023.01.01 01:30,246.800000,246.800000,246.750000,246.800000,0.110000
2023.01.01 01:31,246.800000,246.800000,246.800000,246.800000,0.000000
2023.01.01 01:32,246.800000,246.950000,246.750000,246.900000,41.210000
2023.01.01 01:33,246.900000,246.950000,246.900000,246.950000,0.020000
2023.01.01 01:34,246.950000,246.950000,246.900000,246.900000,20.100000
2023.01.01 01:35,246.900000,246.950000,246.900000,246.900000,15.070000
2023.01.01 01:36,246.900000,246.900000,246.750000,246.800000,34.380000
2023.01.01 01:37,246.800000,246.800000,246.550000,246.600000,40.320000
2023.01.01 01:38,246.600000,246.600000,246.350000,246.400000,596.220000
2023.01.01 01:39,246.400000,246.400000,246.350000,246.350000,131.580000
2023.01.01 01:40,246.350000,246.400000,246.350000,246.400000,17.320000
2023.01.01 01:41,246.400000,246.400000,246.100000,246.200000,852.860000
2023.01.01 01:42,246.200000,246.200000,246.150000,246.200000,54.200000
2023.01.01 01:43,246.200000,246.200000,246.150000,246.200000,511.310000
2023.01.01 01:44,246.200000,246.450000,246.150000,246.400000,543.200000
2023.01.01 01:45,246.400000,246.450000,246.400000,246.400000,17.460000
2023.01.01 01:46,246.400000,246.450000,246.400000,246.450000,6.270000
2023.01.01 01:47,246.450000,246.450000,246.450000,246.450000,0.000000
2023.01.01 01:48,246.450000,246.450000,246.450000,246.450000,0.200000
2023.01.01 01:49,246.450000,246.450000,246.350000,246.400000,5.550000
2023.01.01 01:50,246.400000,246.400000,245.400000,245.600000,2767.160000
2023.01.01 01:51,245.600000,246.400000,245.600000,246.100000,288.390000
2023.01.01 01:52,246.100000,246.150000,246.100000,246.150000,78.890000
2023.01.01 01:53,246.150000,246.350000,246.150000,246.350000,641.000000
2023.01.01 01:54,246.350000,246.350000,246.150000,246.150000,67.580000
2023.01.01 01:55,246.150000,246.150000,245.950000,246.000000,35.390000
2023.01.01 01:56,246.000000,246.000000,245.950000,246.000000,187.320000
2023.01.01 01:57,246.000000,246.050000,245.950000,246.000000,9.210000
2023.01.01 01:58,246.000000,246.050000,245.850000,246.000000,843.650000
2023.01.01 01:59,246.000000,246.100000,246.000000,246.100000,0.070000
2023.01.01 02:00,246.100000,246.200000,246.000000,246.150000,823.940000
2023.01.01 02:01,246.150000,246.150000,245.900000,245.950000,98.870000
2023.01.01 02:02,245.950000,246.100000,245.800000,246.050000,231.520000
2023.01.01 02:03,246.050000,246.200000,245.950000,245.950000,119.080000
2023.01.01 02:04,245.950000,246.050000,245.950000,246.050000,1.660000
2023.01.01 02:05,246.050000,246.200000,246.000000,246.200000,28.460000
2023.01.01 02:06,246.200000,246.200000,246.050000,246.050000,0.450000
2023.01.01 02:07,246.050000,246.100000,246.050000,246.050000,120.870000
2023.01.01 02:08,246.050000,246.050000,246.000000,246.000000,23.290000
2023.01.01 02:09,246.000000,246.000000,245.900000,245.900000,64.090000
2023.01.01 02:10,245.900000,246.050000,245.900000,245.950000,233.470000
2023.01.01 02:11,245.950000,246.000000,245.900000,246.000000,3.170000
2023.01.01 02:12,246.000000,246.000000,245.900000,245.900000,54.210000
2023.01.01 02:13,245.900000,246.050000,245.900000,246.050000,3.620000
2023.01.01 02:14,246.050000,246.200000,246.050000,246.200000,411.500000
2023.01.01 02:15,246.200000,246.350000,246.150000,246.350000,107.280000
2023.01.01 02:16,246.350000,246.350000,246.300000,246.300000,25.320000
2023.01.01 02:17,246.300000,246.350000,246.300000,246.350000,0.630000
2023.01.01 02:18,246.350000,246.550000,246.300000,246.500000,320.480000
2023.01.01 02:19,246.500000,246.500000,246.350000,246.500000,78.070000
2023.01.01 02:20,246.500000,246.500000,246.500000,246.500000,9.180000
2023.01.01 02:21,246.500000,246.500000,246.350000,246.450000,16.860000
2023.01.01 02:22,246.450000,246.450000,246.400000,246.400000,1.120000
2023.01.01 02:23,246.400000,246.400000,246.400000,246.400000,3.240000
2023.01.01 02:24,246.400000,246.450000,246.400000,246.450000,2.730000
2023.01.01 02:25,246.450000,246.450000,246.450000,246.450000,1.510000
2023.01.01 02:26,246.450000,246.450000,246.350000,246.350000,21.580000
2023.01.01 02:27,246.350000,246.350000,246.300000,246.350000,24.930000
2023.01.01 02:28,246.350000,246.450000,246.350000,246.400000,278.560000
2023.01.01 02:29,246.400000,246.400000,246.400000,246.400000,0.020000
2023.01.01 02:30,246.400000,246.400000,246.350000,246.350000,10.360000
2023.01.01 02:31,246.350000,246.350000,246.300000,246.300000,0.110000
2023.01.01 02:32,246.300000,246.350000,246.250000,246.250000,131.160000
2023.01.01 02:33,246.250000,246.400000,246.250000,246.400000,30.800000
2023.01.01 02:34,246.400000,246.400000,246.350000,246.400000,2.750000
2023.01.01 02:35,246.400000,246.500000,246.350000,246.450000,15.880000
2023.01.01 02:36,246.450000,246.450000,246.450000,246.450000,0.000000
2023.01.01 02:37,246.450000,246.550000,246.450000,246.500000,9.680000
2023.01.01 02:38,246.500000,246.550000,246.500000,246.500000,10.700000
2023.01.01 02:39,246.500000,246.550000,246.500000,246.550000,63.860000
2023.01.01 02:40,246.550000,246.550000,246.500000,246.500000,2.410000
2023.01.01 02:41,246.500000,246.500000,246.500000,246.500000,0.010000
2023.01.01 02:42,246.500000,246.550000,246.500000,246.550000,0.550000
2023.01.01 02:43,246.550000,246.600000,246.500000,246.600000,117.100000
2023.01.01 02:44,246.600000,246.600000,246.600000,246.600000,0.000000
2023.01.01 02:45,246.600000,246.600000,246.550000,246.600000,106.760000
2023.01.01 02:46,246.600000,246.600000,246.550000,246.550000,0.180000
2023.01.01 02:47,246.550000,246.600000,246.550000,246.600000,9.580000
2023.01.01 02:48,246.600000,246.600000,246.550000,246.600000,21.770000
2023.01.01 02:49,246.600000,246.600000,246.350000,246.400000,72.920000
2023.01.01 02:50,246.400000,246.400000,246.400000,246.400000,19.640000
2023.01.01 02:51,246.400000,246.400000,246.250000,246.250000,176.010000
2023.01.01 02:52,246.250000,246.300000,246.050000,246.100000,177.670000
2023.01.01 02:53,246.100000,246.100000,246.050000,246.050000,1.750000
2023.01.01 02:54,246.050000,246.050000,245.900000,245.950000,23.210000
2023.01.01 02:55,245.950000,246.050000,245.950000,246.050000,8.710000
2023.01.01 02:56,246.050000,246.100000,246.050000,246.050000,1.710000
2023.01.01 02:57,246.050000,246.100000,245.950000,245.950000,22.410000
2023.01.01 02:58,245.950000,245.950000,245.850000,245.900000,8.530000
2023.01.01 02:59,245.900000,246.050000,245.850000,246.000000,127.360000
2023.01.01 03:00,246.000000,246.050000,246.000000,246.000000,1.620000
2023.01.01 03:01,246.000000,246.150000,246.000000,246.100000,13.790000
2023.01.01 03:02,246.100000,246.150000,246.000000,246.000000,25.710000
2023.01.01 03:03,246.000000,246.000000,245.850000,245.850000,18.690000
2023.01.01 03:04,245.850000,245.900000,245.750000,245.900000,166.200000
2023.01.01 03:05,245.900000,245.950000,245.900000,245.900000,22.230000
2023.01.01 03:06,245.900000,245.950000,245.900000,245.950000,12.970000
2023.01.01 03:07,245.950000,245.950000,245.900000,245.950000,10.510000
2023.01.01 03:08,245.950000,245.950000,245.850000,245.850000,2.290000
2023.01.01 03:09,245.850000,245.850000,245.750000,245.800000,336.950000
2023.01.01 03:10,245.800000,245.950000,245.800000,245.950000,12.630000
2023.01.01 03:11,245.950000,245.950000,245.900000,245.950000,0.150000
2023.01.01 03:12,245.950000,245.950000,245.750000,245.800000,103.740000
2023.01.01 03:13,245.800000,245.800000,245.750000,245.750000,210.860000
2023.01.01 03:14,245.750000,245.850000,245.750000,245.850000,92.980000
2023.01.01 03:15,245.850000,245.850000,245.650000,245.700000,38.560000
2023.01.01 03:16,245.700000,245.750000,245.700000,245.750000,7.640000
2023.01.01 03:17,245.750000,245.750000,245.650000,245.650000,29.950000
2023.01.01 03:18,245.650000,245.850000,245.650000,245.850000,1.860000
2023.01.01 03:19,245.850000,245.950000,245.800000,245.950000,153.860000
2023.01.01 03:20,245.950000,246.000000,245.900000,245.950000,29.290000
2023.01.01 03:21,245.950000,246.050000,245.950000,246.000000,174.440000
2023.01.01 03:22,246.000000,246.050000,246.000000,246.000000,8.270000
2023.01.01 03:23,246.000000,246.200000,246.000000,246.150000,73.850000
2023.01.01 03:24,246.150000,246.200000,246.100000,246.150000,107.940000
2023.01.01 03:25,246.150000,246.250000,246.100000,246.250000,41.670000
2023.01.01 03:26,246.250000,246.400000,246.250000,246.350000,24.550000
2023.01.01 03:27,246.350000,246.400000,246.350000,246.350000,7.660000
2023.01.01 03:28,246.350000,246.400000,246.350000,246.350000,10.140000
2023.01.01 03:29,246.350000,246.400000,246.350000,246.400000,5.020000
2023.01.01 03:30,246.400000,246.400000,246.350000,246.400000,25.230000
2023.01.01 03:31,246.400000,246.400000,246.350000,246.350000,3.050000
2023.01.01 03:32,246.350000,246.400000,246.250000,246.300000,36.540000
2023.01.01 03:33,246.300000,246.300000,246.200000,246.200000,701.550000
2023.01.01 03:34,246.200000,246.250000,246.050000,246.150000,109.670000
2023.01.01 03:35,246.150000,246.200000,246.100000,246.100000,9.730000
2023.01.01 03:36,246.100000,246.200000,246.000000,246.000000,1060.830000
2023.01.01 03:37,246.000000,246.050000,245.850000,246.000000,1082.480000
2023.01.01 03:38,246.000000,246.000000,245.950000,245.950000,4.340000
2023.01.01 03:39,245.950000,246.050000,245.950000,246.000000,250.670000
2023.01.01 03:40,246.000000,246.000000,245.950000,245.950000,40.370000
2023.01.01 03:41,245.950000,246.000000,245.850000,245.850000,7.220000
2023.01.01 03:42,245.850000,245.900000,245.850000,245.900000,2.910000
2023.01.01 03:43,245.900000,245.900000,245.800000,245.850000,83.640000
2023.01.01 03:44,245.850000,245.900000,245.600000,245.650000,42.090000
2023.01.01 03:45,245.650000,245.750000,245.350000,245.750000,551.060000
2023.01.01 03:46,245.750000,245.800000,245.650000,245.650000,42.460000
2023.01.01 03:47,245.650000,245.800000,245.350000,245.800000,944.340000
2023.01.01 03:48,245.800000,245.800000,245.750000,245.750000,18.940000
2023.01.01 03:49,245.750000,245.800000,245.750000,245.800000,5.010000
2023.01.01 03:50,245.800000,245.800000,245.650000,245.650000,282.710000
2023.01.01 03:51,245.650000,245.650000,245.600000,245.650000,19.930000
2023.01.01 03:52,245.650000,245.650000,245.600000,245.600000,27.630000
2023.01.01 03:53,245.600000,245.600000,245.600000,245.600000,0.010000
2023.01.01 03:54,245.600000,245.750000,245.600000,245.700000,170.350000
2023.01.01 03:55,245.700000,245.700000,245.700000,245.700000,14.530000
2023.01.01 03:56,245.700000,245.800000,245.700000,245.800000,7.540000
2023.01.01 03:57,245.800000,245.800000,245.750000,245.750000,1.210000
2023.01.01 03:58,245.750000,245.800000,245.700000,245.700000,15.500000
2023.01.01 03:59,245.700000,245.700000,245.550000,245.600000,114.810000
2023.01.01 04:00,245.600000,245.600000,245.450000,245.550000,95.330000
2023.01.01 04:01,245.550000,245.550000,245.500000,245.500000,11.690000
2023.01.01 04:02,245.500000,245.600000,245.500000,245.550000,20.630000
2023.01.01 04:03,245.550000,245.600000,245.550000,245.600000,50.170000
2023.01.01 04:04,245.600000,245.600000,245.400000,245.400000,15.210000
2023.01.01 04:05,245.400000,245.500000,245.400000,245.450000,109.030000
2023.01.01 04:06,245.450000,245.600000,245.450000,245.550000,36.960000
2023.01.01 04:07,245.550000,245.600000,245.550000,245.600000,14.890000
2023.01.01 04:08,245.600000,245.600000,245.600000,245.600000,4.520000
2023.01.01 04:09,245.600000,245.650000,245.550000,245.650000,32.890000
2023.01.01 04:10,245.650000,245.800000,245.650000,245.800000,6.820000
2023.01.01 04:11,245.800000,245.800000,245.750000,245.750000,22.050000
2023.01.01 04:12,245.750000,245.800000,245.650000,245.650000,130.670000
2023.01.01 04:13,245.650000,245.700000,245.650000,245.700000,0.030000
2023.01.01 04:14,245.700000,245.750000,245.700000,245.750000,0.030000
2023.01.01 04:15,245.750000,245.750000,245.700000,245.700000,4.010000
2023.01.01 04:16,245.700000,245.750000,245.600000,245.650000,11.540000
2023.01.01 04:17,245.650000,245.650000,245.600000,245.650000,35.960000
2023.01.01 04:18,245.650000,245.650000,245.650000,245.650000,2.000000
2023.01.01 04:19,245.650000,245.650000,245.650000,245.650000,6.900000
2023.01.01 04:20,245.650000,245.650000,245.650000,245.650000,0.010000
2023.01.01 04:21,245.650000,245.650000,245.600000,245.600000,6.990000
2023.01.01 04:22,245.600000,245.600000,245.500000,245.500000,52.340000
2023.01.01 04:23,245.500000,245.550000,245.450000,245.550000,74.870000
2023.01.01 04:24,245.550000,245.750000,245.550000,245.750000,138.210000
2023.01.01 04:25,245.750000,245.750000,245.700000,245.750000,11.350000
2023.01.01 04:26,245.750000,245.750000,245.600000,245.600000,0.030000
2023.01.01 04:27,245.600000,245.700000,245.600000,245.650000,12.230000
2023.01.01 04:28,245.650000,245.650000,245.650000,245.650000,1.010000
2023.01.01 04:29,245.650000,245.700000,245.650000,245.700000,6.130000
2023.01.01 04:30,245.700000,245.700000,245.650000,245.700000,146.450000
2023.01.01 04:31,245.700000,245.700000,245.550000,245.550000,0.050000
2023.01.01 04:32,245.550000,245.600000,245.550000,245.550000,35.460000
2023.01.01 04:33,245.550000,245.600000,245.550000,245.550000,33.000000
2023.01.01 04:34,245.550000,245.550000,245.550000,245.550000,0.000000
2023.01.01 04:35,245.550000,245.550000,245.500000,245.500000,4.530000
2023.01.01 04:36,245.500000,245.600000,245.500000,245.550000,239.420000
2023.01.01 04:37,245.550000,245.550000,245.350000,245.350000,270.440000
2023.01.01 04:38,245.350000,245.400000,245.250000,245.300000,775.920000
2023.01.01 04:39,245.300000,245.350000,245.300000,245.350000,8.740000
2023.01.01 04:40,245.350000,245.400000,245.300000,245.400000,22.130000
2023.01.01 04:41,245.400000,245.450000,245.400000,245.450000,20.100000
2023.01.01 04:42,245.450000,245.450000,245.400000,245.450000,22.010000
2023.01.01 04:43,245.450000,245.450000,245.400000,245.400000,73.340000
2023.01.01 04:44,245.400000,245.450000,245.400000,245.450000,0.010000
2023.01.01 04:45,245.450000,245.450000,245.450000,245.450000,0.370000
2023.01.01 04:46,245.450000,245.450000,245.400000,245.450000,18.550000
2023.01.01 04:47,245.450000,245.500000,245.450000,245.450000,1.010000
2023.01.01 04:48,245.450000,245.500000,245.450000,245.450000,0.020000
2023.01.01 04:49,245.450000,245.600000,245.450000,245.600000,1.860000
2023.01.01 04:50,245.600000,245.700000,245.600000,245.700000,0.010000
2023.01.01 04:51,245.700000,245.700000,245.650000,245.700000,0.020000
2023.01.01 04:52,245.700000,245.700000,245.500000,245.550000,18.550000
2023.01.01 04:53,245.550000,245.550000,245.450000,245.500000,4.580000
2023.01.01 04:54,245.500000,245.550000,245.500000,245.500000,9.280000
2023.01.01 04:55,245.500000,245.550000,245.500000,245.550000,14.270000
2023.01.01 04:56,245.550000,245.650000,245.550000,245.650000,6.130000
2023.01.01 04:57,245.650000,245.850000,245.650000,245.850000,126.130000
2023.01.01 04:58,245.850000,245.850000,245.850000,245.850000,0.010000
2023.01.01 04:59,245.850000,245.850000,245.750000,245.750000,2.510000
2023.01.01 05:00,245.750000,245.800000,245.600000,245.650000,12.030000
2023.01.01 05:01,245.650000,245.650000,245.550000,245.550000,6.760000
2023.01.01 05:02,245.550000,245.550000,245.550000,245.550000,0.160000
2023.01.01 05:03,245.550000,245.600000,245.550000,245.600000,7.300000
2023.01.01 05:04,245.600000,245.600000,245.500000,245.500000,44.440000
2023.01.01 05:05,245.500000,245.550000,245.450000,245.500000,803.190000
2023.01.01 05:06,245.500000,245.550000,245.500000,245.550000,2.240000
2023.01.01 05:07,245.550000,245.550000,245.500000,245.500000,9.350000
2023.01.01 05:08,245.500000,245.550000,245.500000,245.550000,0.010000
2023.01.01 05:09,245.550000,245.550000,245.500000,245.500000,2.680000
2023.01.01 05:10,245.500000,245.550000,245.400000,245.400000,700.320000
2023.01.01 05:11,245.400000,245.450000,245.400000,245.450000,0.590000
2023.01.01 05:12,245.450000,245.450000,245.200000,245.300000,452.260000
2023.01.01 05:13,245.300000,245.300000,245.250000,245.250000,4.790000
2023.01.01 05:14,245.250000,245.600000,245.250000,245.500000,128.920000
2023.01.01 05:15,245.500000,245.550000,245.500000,245.500000,3.020000
2023.01.01 05:16,245.500000,245.550000,245.500000,245.550000,0.810000
2023.01.01 05:17,245.550000,245.550000,245.500000,245.500000,76.210000
2023.01.01 05:18,245.500000,245.500000,245.500000,245.500000,2.050000
2023.01.01 05:19,245.500000,245.550000,245.450000,245.500000,95.130000
2023.01.01 05:20,245.500000,245.500000,245.500000,245.500000,2.000000
2023.01.01 05:21,245.500000,245.550000,245.400000,245.400000,4.450000
2023.01.01 05:22,245.400000,245.450000,245.400000,245.450000,10.850000
2023.01.01 05:23,245.450000,245.450000,245.400000,245.400000,10.070000
2023.01.01 05:24,245.400000,245.450000,245.350000,245.350000,28.670000
2023.01.01 05:25,245.350000,245.350000,245.300000,245.300000,0.010000
2023.01.01 05:26,245.300000,245.500000,245.300000,245.500000,26.320000
2023.01.01 05:27,245.500000,245.550000,245.450000,245.550000,26.980000
2023.01.01 05:28,245.550000,245.550000,245.450000,245.450000,2.880000
2023.01.01 05:29,245.450000,245.550000,245.450000,245.550000,0.230000
2023.01.01 05:30,245.550000,245.550000,245.550000,245.550000,1.030000
2023.01.01 05:31,245.550000,245.550000,245.400000,245.500000,73.910000
2023.01.01 05:32,245.500000,245.500000,245.450000,245.450000,10.030000
2023.01.01 05:33,245.450000,245.700000,245.450000,245.650000,167.220000
2023.01.01 05:34,245.650000,245.750000,245.650000,245.750000,64.250000
2023.01.01 05:35,245.750000,245.750000,245.750000,245.750000,0.010000
2023.01.01 05:36,245.750000,245.750000,245.600000,245.650000,44.940000
2023.01.01 05:37,245.650000,245.650000,245.650000,245.650000,0.000000
2023.01.01 05:38,245.650000,245.650000,245.600000,245.600000,19.610000
2023.01.01 05:39,245.600000,245.650000,245.600000,245.650000,81.320000
2023.01.01 05:40,245.650000,245.650000,245.550000,245.550000,47.460000
2023.01.01 05:41,245.550000,245.550000,245.450000,245.450000,8.680000
2023.01.01 05:42,245.450000,245.450000,245.450000,245.450000,1.120000
2023.01.01 05:43,245.450000,245.450000,245.450000,245.450000,0.010000
2023.01.01 05:44,245.450000,245.450000,245.400000,245.400000,1.250000
2023.01.01 05:45,245.400000,245.400000,245.300000,245.300000,97.710000
2023.01.01 05:46,245.300000,245.350000,245.250000,245.250000,78.300000
2023.01.01 05:47,245.250000,245.300000,245.200000,245.200000,27.540000
2023.01.01 05:48,245.200000,245.200000,245.150000,245.150000,81.830000
2023.01.01 05:49,245.150000,245.150000,245.150000,245.150000,0.010000
2023.01.01 05:50,245.150000,245.200000,245.150000,245.150000,23.220000
2023.01.01 05:51,245.150000,245.200000,245.150000,245.200000,0.600000
2023.01.01 05:52,245.200000,245.200000,245.150000,245.200000,374.880000
2023.01.01 05:53,245.200000,245.200000,245.150000,245.200000,17.100000
2023.01.01 05:54,245.200000,245.250000,245.200000,245.200000,2.710000
2023.01.01 05:55,245.200000,245.250000,245.200000,245.200000,17.470000
2023.01.01 05:56,245.200000,245.250000,245.150000,245.150000,151.900000
2023.01.01 05:57,245.150000,245.200000,245.150000,245.200000,2.030000
2023.01.01 05:58,245.200000,245.200000,245.150000,245.150000,0.020000
2023.01.01 05:59,245.150000,245.200000,245.150000,245.150000,11.990000
2023.01.01 06:00,245.150000,245.200000,245.000000,245.050000,184.610000
2023.01.01 06:01,245.050000,245.100000,245.000000,245.050000,4.420000
2023.01.01 06:02,245.050000,245.100000,245.050000,245.050000,1.140000
2023.01.01 06:03,245.050000,245.100000,245.050000,245.050000,27.100000
2023.01.01 06:04,245.050000,245.050000,245.050000,245.050000,2.510000
2023.01.01 06:05,245.050000,245.100000,245.050000,245.050000,119.920000
2023.01.01 06:06,245.050000,245.100000,245.050000,245.100000,3.990000
2023.01.01 06:07,245.100000,245.150000,245.100000,245.100000,1.090000
2023.01.01 06:08,245.100000,245.150000,245.100000,245.100000,0.840000
2023.01.01 06:09,245.100000,245.250000,245.100000,245.250000,533.320000
2023.01.01 06:10,245.250000,245.250000,245.150000,245.150000,1.410000
2023.01.01 06:11,245.150000,245.200000,245.150000,245.200000,2.440000
2023.01.01 06:12,245.200000,245.300000,245.200000,245.300000,101.380000
2023.01.01 06:13,245.300000,245.300000,245.300000,245.300000,2.040000
2023.01.01 06:14,245.300000,245.400000,245.300000,245.300000,162.990000
2023.01.01 06:15,245.300000,245.350000,245.300000,245.300000,10.640000
2023.01.01 06:16,245.300000,245.300000,245.250000,245.250000,0.200000
2023.01.01 06:17,245.250000,245.300000,245.150000,245.150000,13.350000
2023.01.01 06:18,245.150000,245.150000,245.000000,245.000000,59.440000
2023.01.01 06:19,245.000000,245.050000,245.000000,245.050000,2.560000
2023.01.01 06:20,245.050000,245.100000,245.000000,245.100000,31.100000
2023.01.01 06:21,245.100000,245.100000,245.050000,245.100000,11.050000
2023.01.01 06:22,245.100000,245.200000,245.100000,245.200000,4.870000
2023.01.01 06:23,245.200000,245.200000,245.200000,245.200000,250.010000
2023.01.01 06:24,245.200000,245.200000,245.150000,245.150000,0.010000
2023.01.01 06:25,245.150000,245.200000,245.150000,245.200000,9.620000
2023.01.01 06:26,245.200000,245.200000,245.150000,245.150000,21.580000
2023.01.01 06:27,245.150000,245.200000,245.150000,245.150000,0.020000
2023.01.01 06:28,245.150000,245.150000,245.150000,245.150000,30.390000
2023.01.01 06:29,245.150000,245.150000,245.100000,245.100000,2.540000
2023.01.01 06:30,245.100000,245.150000,245.100000,245.100000,12.020000
2023.01.01 06:31,245.100000,245.100000,245.050000,245.100000,0.940000
2023.01.01 06:32,245.100000,245.100000,245.050000,245.100000,13.010000
2023.01.01 06:33,245.100000,245.200000,245.050000,245.200000,108.850000
2023.01.01 06:34,245.200000,245.200000,245.200000,245.200000,0.000000
2023.01.01 06:35,245.200000,245.200000,245.200000,245.200000,185.280000
2023.01.01 06:36,245.200000,245.200000,245.150000,245.150000,12.080000
2023.01.01 06:37,245.150000,245.150000,245.150000,245.150000,19.960000
2023.01.01 06:38,245.150000,245.200000,245.150000,245.150000,3.810000
2023.01.01 06:39,245.150000,245.200000,245.150000,245.150000,2.780000
2023.01.01 06:40,245.150000,245.200000,245.150000,245.150000,105.220000
2023.01.01 06:41,245.150000,245.150000,245.100000,245.150000,30.040000
2023.01.01 06:42,245.150000,245.150000,245.150000,245.150000,0.100000
2023.01.01 06:43,245.150000,245.150000,245.100000,245.100000,36.740000
2023.01.01 06:44,245.100000,245.150000,245.100000,245.100000,24.500000
2023.01.01 06:45,245.100000,245.150000,245.100000,245.150000,0.810000
2023.01.01 06:46,245.150000,245.150000,245.100000,245.100000,1.130000
2023.01.01 06:47,245.100000,245.250000,245.100000,245.250000,545.100000
2023.01.01 06:48,245.250000,245.250000,245.200000,245.200000,30.460000
2023.01.01 06:49,245.200000,245.250000,245.200000,245.200000,14.880000
2023.01.01 06:50,245.200000,245.200000,245.100000,245.100000,12.530000
2023.01.01 06:51,245.100000,245.150000,245.100000,245.100000,111.370000
2023.01.01 06:52,245.100000,245.150000,245.050000,245.100000,5.570000
2023.01.01 06:53,245.100000,245.100000,245.100000,245.100000,0.000000
2023.01.01 06:54,245.100000,245.250000,245.100000,245.250000,41.030000
2023.01.01 06:55,245.250000,245.250000,245.250000,245.250000,0.000000
2023.01.01 06:56,245.250000,245.300000,245.200000,245.200000,20.350000
2023.01.01 06:57,245.200000,245.200000,245.150000,245.200000,4.160000
2023.01.01 06:58,245.200000,245.200000,245.150000,245.200000,0.020000
2023.01.01 06:59,245.200000,245.200000,245.200000,245.200000,0.230000
2023.01.01 07:00,245.200000,245.200000,245.050000,245.100000,3.900000
2023.01.01 07:01,245.100000,245.100000,245.050000,245.050000,2.020000
2023.01.01 07:02,245.050000,245.100000,245.050000,245.100000,7.680000
2023.01.01 07:03,245.100000,245.100000,245.050000,245.050000,4.010000
2023.01.01 07:04,245.050000,245.100000,245.050000,245.050000,0.020000
2023.01.01 07:05,245.050000,245.100000,245.050000,245.100000,0.010000
2023.01.01 07:06,245.100000,245.100000,245.100000,245.100000,0.310000
2023.01.01 07:07,245.100000,245.100000,244.950000,244.950000,60.330000
2023.01.01 07:08,244.950000,244.950000,244.800000,244.800000,227.840000
2023.01.01 07:09,244.800000,244.850000,244.800000,244.800000,46.630000
2023.01.01 07:10,244.800000,244.800000,244.550000,244.600000,1637.710000
2023.01.01 07:11,244.600000,244.750000,244.600000,244.750000,330.860000
2023.01.01 07:12,244.750000,244.750000,244.750000,244.750000,0.040000
2023.01.01 07:13,244.750000,244.750000,244.650000,244.700000,9.360000
2023.01.01 07:14,244.700000,244.700000,244.550000,244.600000,31.800000
2023.01.01 07:15,244.600000,244.850000,244.550000,244.650000,1336.100000
2023.01.01 07:16,244.650000,244.700000,244.650000,244.650000,50.670000
2023.01.01 07:17,244.650000,244.750000,244.650000,244.750000,20.690000
2023.01.01 07:18,244.750000,244.800000,244.750000,244.750000,5.190000
2023.01.01 07:19,244.750000,244.800000,244.600000,244.600000,29.000000
2023.01.01 07:20,244.600000,244.650000,244.600000,244.600000,3.410000
2023.01.01 07:21,244.600000,244.650000,244.550000,244.550000,18.820000
2023.01.01 07:22,244.550000,244.600000,244.550000,244.600000,137.510000
2023.01.01 07:23,244.600000,244.600000,244.600000,244.600000,5.140000
2023.01.01 07:24,244.600000,244.650000,244.600000,244.600000,1.710000
2023.01.01 07:25,244.600000,244.600000,244.550000,244.550000,56.820000
2023.01.01 07:26,244.550000,244.700000,244.550000,244.700000,26.700000
2023.01.01 07:27,244.700000,244.700000,244.700000,244.700000,0.100000
2023.01.01 07:28,244.700000,244.700000,244.650000,244.650000,15.150000
2023.01.01 07:29,244.650000,244.700000,244.550000,244.550000,103.560000
2023.01.01 07:30,244.550000,244.600000,244.200000,244.250000,399.350000
2023.01.01 07:31,244.250000,244.250000,244.100000,244.200000,246.770000
2023.01.01 07:32,244.200000,244.250000,244.200000,244.200000,110.490000
2023.01.01 07:33,244.200000,244.300000,244.200000,244.300000,59.940000
2023.01.01 07:34,244.300000,244.350000,244.300000,244.350000,137.360000
2023.01.01 07:35,244.350000,244.350000,244.300000,244.300000,21.320000
2023.01.01 07:36,244.300000,244.400000,244.300000,244.400000,375.600000
2023.01.01 07:37,244.400000,244.400000,244.350000,244.350000,52.900000
2023.01.01 07:38,244.350000,244.400000,244.350000,244.400000,64.790000
2023.01.01 07:39,244.400000,244.400000,244.350000,244.350000,109.790000
2023.01.01 07:40,244.350000,244.350000,244.100000,244.100000,580.700000
2023.01.01 07:41,244.100000,244.150000,244.050000,244.150000,24.140000
2023.01.01 07:42,244.150000,244.150000,244.100000,244.150000,24.940000
2023.01.01 07:43,244.150000,244.250000,244.150000,244.150000,385.020000
2023.01.01 07:44,244.150000,244.150000,244.000000,244.000000,414.330000
2023.01.01 07:45,244.000000,244.000000,243.800000,244.000000,1146.530000
2023.01.01 07:46,244.000000,244.000000,243.850000,243.900000,17.130000
2023.01.01 07:47,243.900000,243.900000,243.850000,243.850000,58.440000
2023.01.01 07:48,243.850000,243.950000,243.850000,243.900000,161.980000
2023.01.01 07:49,243.900000,243.900000,243.800000,243.850000,73.240000
2023.01.01 07:50,243.850000,244.100000,243.800000,244.050000,123.830000
2023.01.01 07:51,244.050000,244.100000,244.050000,244.050000,16.930000
2023.01.01 07:52,244.050000,244.150000,243.900000,243.950000,21.820000
2023.01.01 07:53,243.950000,243.950000,243.850000,243.900000,56.950000
2023.01.01 07:54,243.900000,243.900000,243.800000,243.800000,64.630000
2023.01.01 07:55,243.800000,243.850000,243.800000,243.850000,6.400000
2023.01.01 07:56,243.850000,243.850000,243.700000,243.750000,63.740000
2023.01.01 07:57,243.750000,243.750000,243.650000,243.700000,41.740000
2023.01.01 07:58,243.700000,243.700000,243.650000,243.700000,28.390000
2023.01.01 07:59,243.700000,243.700000,243.550000,243.600000,63.590000
2023.01.01 08:00,243.600000,243.650000,243.450000,243.450000,642.840000
2023.01.01 08:01,243.450000,243.500000,243.300000,243.400000,1005.330000
2023.01.01 08:02,243.400000,243.650000,243.400000,243.600000,95.750000
2023.01.01 08:03,243.600000,243.650000,243.600000,243.600000,38.370000
2023.01.01 08:04,243.600000,243.650000,243.600000,243.650000,25.560000
2023.01.01 08:05,243.650000,243.750000,243.650000,243.750000,492.430000
2023.01.01 08:06,243.750000,243.750000,243.700000,243.700000,286.050000
2023.01.01 08:07,243.700000,243.850000,243.700000,243.750000,52.530000
2023.01.01 08:08,243.750000,243.750000,243.700000,243.700000,65.290000
2023.01.01 08:09,243.700000,243.800000,243.700000,243.800000,5.860000
2023.01.01 08:10,243.800000,243.800000,243.700000,243.700000,26.190000
2023.01.01 08:11,243.700000,243.750000,243.650000,243.650000,138.580000
2023.01.01 08:12,243.650000,243.700000,243.650000,243.700000,9.660000
2023.01.01 08:13,243.700000,243.700000,243.650000,243.650000,5.630000
2023.01.01 08:14,243.650000,243.700000,243.650000,243.700000,9.310000
2023.01.01 08:15,243.700000,243.700000,243.650000,243.650000,92.060000
2023.01.01 08:16,243.650000,243.700000,243.650000,243.650000,61.760000
2023.01.01 08:17,243.650000,243.800000,243.650000,243.750000,19.350000
2023.01.01 08:18,243.750000,243.800000,243.750000,243.750000,5.720000
2023.01.01 08:19,243.750000,243.750000,243.650000,243.700000,407.260000
2023.01.01 08:20,243.700000,243.700000,243.650000,243.700000,94.840000
2023.01.01 08:21,243.700000,243.750000,243.650000,243.750000,227.140000
2023.01.01 08:22,243.750000,243.800000,243.750000,243.800000,19.360000
2023.01.01 08:23,243.800000,243.800000,243.750000,243.750000,206.680000
2023.01.01 08:24,243.750000,244.000000,243.750000,243.950000,44.010000
2023.01.01 08:25,243.950000,244.000000,243.950000,243.950000,93.160000
2023.01.01 08:26,243.950000,244.050000,243.950000,244.050000,5.000000
2023.01.01 08:27,244.050000,244.150000,244.000000,244.150000,313.090000
2023.01.01 08:28,244.150000,244.200000,244.150000,244.200000,125.570000
2023.01.01 08:29,244.200000,244.200000,244.150000,244.150000,0.110000
2023.01.01 08:30,244.150000,244.200000,244.150000,244.200000,77.940000
2023.01.01 08:31,244.200000,244.200000,244.000000,244.000000,177.380000
2023.01.01 08:32,244.000000,244.000000,243.950000,244.000000,73.920000
2023.01.01 08:33,244.000000,244.000000,243.900000,243.900000,94.180000
2023.01.01 08:34,243.900000,243.950000,243.900000,243.950000,17.750000
2023.01.01 08:35,243.950000,243.950000,243.900000,243.950000,5.580000
2023.01.01 08:36,243.950000,244.000000,243.950000,244.000000,10.470000
2023.01.01 08:37,244.000000,244.100000,243.950000,244.100000,132.560000
2023.01.01 08:38,244.100000,244.100000,244.050000,244.050000,0.320000
2023.01.01 08:39,244.050000,244.100000,243.950000,244.000000,22.240000
2023.01.01 08:40,244.000000,244.000000,243.800000,243.900000,211.650000
2023.01.01 08:41,243.900000,243.900000,243.850000,243.850000,10.730000
2023.01.01 08:42,243.850000,243.850000,243.800000,243.800000,18.790000
2023.01.01 08:43,243.800000,243.850000,243.800000,243.850000,179.320000
2023.01.01 08:44,243.850000,243.900000,243.800000,243.900000,32.300000
2023.01.01 08:45,243.900000,243.950000,243.900000,243.950000,52.510000
2023.01.01 08:46,243.950000,244.000000,243.900000,244.000000,99.960000
2023.01.01 08:47,244.000000,244.050000,244.000000,244.050000,0.560000
2023.01.01 08:48,244.050000,244.050000,244.050000,244.050000,10.970000
2023.01.01 08:49,244.050000,244.050000,243.900000,243.950000,276.920000
2023.01.01 08:50,243.950000,243.950000,243.900000,243.950000,4.180000
2023.01.01 08:51,243.950000,243.950000,243.900000,243.950000,113.650000
2023.01.01 08:52,243.950000,243.950000,243.850000,243.850000,253.520000
2023.01.01 08:53,243.850000,243.850000,243.700000,243.750000,26.590000
2023.01.01 08:54,243.750000,243.800000,243.700000,243.750000,4.420000
2023.01.01 08:55,243.750000,243.850000,243.750000,243.800000,2.230000
2023.01.01 08:56,243.800000,243.850000,243.800000,243.850000,0.170000
2023.01.01 08:57,243.850000,244.000000,243.850000,243.950000,4.860000
2023.01.01 08:58,243.950000,244.000000,243.950000,244.000000,0.480000
2023.01.01 08:59,244.000000,244.000000,244.000000,244.000000,16.960000
2023.01.01 09:00,244.000000,244.000000,243.950000,243.950000,56.600000
2023.01.01 09:01,243.950000,244.000000,243.950000,244.000000,25.800000
2023.01.01 09:02,244.000000,244.150000,244.000000,244.050000,41.840000
2023.01.01 09:03,244.050000,244.150000,244.050000,244.150000,42.110000
2023.01.01 09:04,244.150000,244.150000,244.100000,244.100000,4.280000
2023.01.01 09:05,244.100000,244.150000,244.100000,244.150000,33.240000
2023.01.01 09:06,244.150000,244.150000,244.150000,244.150000,11.560000
2023.01.01 09:07,244.150000,244.150000,243.900000,243.900000,148.120000
2023.01.01 09:08,243.900000,243.900000,243.850000,243.900000,11.760000
2023.01.01 09:09,243.900000,244.050000,243.900000,244.000000,24.720000
2023.01.01 09:10,244.000000,244.050000,244.000000,244.050000,7.030000
2023.01.01 09:11,244.050000,244.050000,244.050000,244.050000,15.530000
2023.01.01 09:12,244.050000,244.050000,244.000000,244.050000,16.290000
2023.01.01 09:13,244.050000,244.050000,244.000000,244.050000,6.930000
2023.01.01 09:14,244.050000,244.050000,244.000000,244.050000,0.280000
2023.01.01 09:15,244.050000,244.100000,244.050000,244.050000,6.120000
2023.01.01 09:16,244.050000,244.200000,244.050000,244.200000,8.680000
2023.01.01 09:17,244.200000,244.200000,244.150000,244.150000,0.530000
2023.01.01 09:18,244.150000,244.200000,244.150000,244.150000,1.180000
2023.01.01 09:19,244.150000,244.250000,244.150000,244.250000,93.300000
2023.01.01 09:20,244.250000,244.250000,244.100000,244.100000,133.270000
2023.01.01 09:21,244.100000,244.150000,244.100000,244.100000,2.190000
2023.01.01 09:22,244.100000,244.150000,244.050000,244.100000,44.880000
2023.01.01 09:23,244.100000,244.200000,244.100000,244.150000,19.930000
2023.01.01 09:24,244.150000,244.250000,244.150000,244.150000,0.530000
2023.01.01 09:25,244.150000,244.250000,244.150000,244.250000,10.740000
2023.01.01 09:26,244.250000,244.250000,244.150000,244.200000,81.030000
2023.01.01 09:27,244.200000,244.200000,244.150000,244.150000,0.020000
2023.01.01 09:28,244.150000,244.250000,244.100000,244.250000,14.030000
2023.01.01 09:29,244.250000,244.250000,244.200000,244.250000,4.710000
2023.01.01 09:30,244.250000,244.250000,244.250000,244.250000,0.010000
2023.01.01 09:31,244.250000,244.250000,244.250000,244.250000,37.570000
2023.01.01 09:32,244.250000,244.250000,244.250000,244.250000,15.560000
2023.01.01 09:33,244.250000,244.250000,244.000000,244.050000,45.470000
2023.01.01 09:34,244.050000,244.050000,244.050000,244.050000,0.480000
2023.01.01 09:35,244.050000,244.050000,244.050000,244.050000,30.310000
2023.01.01 09:36,244.050000,244.050000,243.950000,243.950000,267.620000
2023.01.01 09:37,243.950000,244.000000,243.950000,244.000000,0.010000
2023.01.01 09:38,244.000000,244.000000,244.000000,244.000000,16.290000
2023.01.01 09:39,244.000000,244.000000,243.850000,243.900000,296.180000
2023.01.01 09:40,243.900000,243.900000,243.850000,243.850000,43.030000
2023.01.01 09:41,243.850000,243.900000,243.800000,243.900000,112.640000
2023.01.01 09:42,243.900000,244.000000,243.900000,243.950000,14.060000
2023.01.01 09:43,243.950000,244.000000,243.950000,243.950000,7.960000
2023.01.01 09:44,243.950000,244.000000,243.950000,244.000000,0.010000
2023.01.01 09:45,244.000000,244.000000,244.000000,244.000000,5.540000
2023.01.01 09:46,244.000000,244.000000,243.950000,244.000000,0.020000
2023.01.01 09:47,244.000000,244.000000,244.000000,244.000000,0.010000
2023.01.01 09:48,244.000000,244.000000,244.000000,244.000000,12.390000
2023.01.01 09:49,244.000000,244.000000,243.950000,243.950000,0.030000
2023.01.01 09:50,243.950000,244.000000,243.950000,244.000000,15.540000
2023.01.01 09:51,244.000000,244.000000,243.850000,243.850000,19.720000
2023.01.01 09:52,243.850000,243.850000,243.800000,243.800000,300.010000
2023.01.01 09:53,243.800000,243.850000,243.800000,243.850000,0.010000
2023.01.01 09:54,243.850000,243.850000,243.850000,243.850000,18.820000
2023.01.01 09:55,243.850000,243.850000,243.850000,243.850000,6.010000
2023.01.01 09:56,243.850000,243.850000,243.800000,243.800000,601.110000
2023.01.01 09:57,243.800000,243.850000,243.800000,243.850000,0.960000
2023.01.01 09:58,243.850000,243.850000,243.800000,243.850000,4.140000
2023.01.01 09:59,243.850000,243.850000,243.800000,243.800000,1.410000
2023.01.01 10:00,243.800000,243.850000,243.800000,243.850000,0.150000
2023.01.01 10:01,243.850000,243.950000,243.850000,243.950000,53.150000
2023.01.01 10:02,243.950000,243.950000,243.900000,243.900000,1.030000
2023.01.01 10:03,243.900000,243.950000,243.800000,243.850000,130.660000
2023.01.01 10:04,243.850000,243.850000,243.800000,243.800000,2.190000
2023.01.01 10:05,243.800000,243.800000,243.650000,243.650000,344.790000
2023.01.01 10:06,243.650000,243.650000,243.650000,243.650000,30.130000
2023.01.01 10:07,243.650000,243.700000,243.650000,243.700000,5.550000
2023.01.01 10:08,243.700000,243.800000,243.650000,243.750000,21.460000
2023.01.01 10:09,243.750000,243.850000,243.750000,243.800000,20.240000
2023.01.01 10:10,243.800000,243.850000,243.800000,243.800000,4.080000
2023.01.01 10:11,243.800000,243.850000,243.650000,243.750000,34.610000
2023.01.01 10:12,243.750000,243.800000,243.700000,243.700000,3.260000
2023.01.01 10:13,243.700000,243.750000,243.700000,243.700000,11.280000
2023.01.01 10:14,243.700000,243.750000,243.700000,243.700000,14.950000
2023.01.01 10:15,243.700000,243.750000,243.700000,243.700000,0.640000
2023.01.01 10:16,243.700000,243.700000,243.650000,243.700000,143.260000
2023.01.01 10:17,243.700000,243.750000,243.600000,243.750000,37.110000
2023.01.01 10:18,243.750000,243.750000,243.700000,243.750000,208.190000
2023.01.01 10:19,243.750000,243.750000,243.750000,243.750000,21.660000
2023.01.01 10:20,243.750000,243.800000,243.650000,243.650000,17.940000
2023.01.01 10:21,243.650000,243.650000,243.650000,243.650000,0.000000
2023.01.01 10:22,243.650000,243.700000,243.650000,243.700000,22.110000
2023.01.01 10:23,243.700000,243.700000,243.650000,243.650000,3.450000
2023.01.01 10:24,243.650000,243.650000,243.650000,243.650000,2.560000
2023.01.01 10:25,243.650000,243.650000,243.600000,243.600000,4.200000
2023.01.01 10:26,243.600000,243.600000,243.600000,243.600000,0.000000
2023.01.01 10:27,243.600000,243.650000,243.600000,243.650000,14.750000
2023.01.01 10:28,243.650000,243.750000,243.600000,243.750000,187.620000
2023.01.01 10:29,243.750000,243.850000,243.750000,243.800000,5.720000
2023.01.01 10:30,243.800000,243.850000,243.750000,243.750000,25.160000
2023.01.01 10:31,243.750000,243.800000,243.750000,243.800000,0.010000
2023.01.01 10:32,243.800000,243.800000,243.800000,243.800000,4.280000
2023.01.01 10:33,243.800000,243.850000,243.750000,243.850000,6.470000
2023.01.01 10:34,243.850000,243.850000,243.850000,243.850000,0.010000
2023.01.01 10:35,243.850000,243.850000,243.750000,243.750000,34.120000
2023.01.01 10:36,243.750000,243.850000,243.750000,243.800000,7.780000
2023.01.01 10:37,243.800000,244.050000,243.800000,244.050000,66.350000
2023.01.01 10:38,244.050000,244.050000,244.000000,244.000000,32.450000
2023.01.01 10:39,244.000000,244.050000,244.000000,244.000000,10.140000
2023.01.01 10:40,244.000000,244.050000,244.000000,244.000000,0.500000
2023.01.01 10:41,244.000000,244.050000,244.000000,244.050000,3.740000
2023.01.01 10:42,244.050000,244.050000,244.000000,244.000000,43.770000
2023.01.01 10:43,244.000000,244.050000,244.000000,244.000000,0.400000
2023.01.01 10:44,244.000000,244.100000,244.000000,244.050000,26.500000
2023.01.01 10:45,244.050000,244.100000,244.000000,244.100000,1.720000
2023.01.01 10:46,244.100000,244.100000,243.850000,243.900000,830.650000
2023.01.01 10:47,243.900000,243.900000,243.850000,243.850000,18.660000
2023.01.01 10:48,243.850000,243.850000,243.850000,243.850000,1.420000
2023.01.01 10:49,243.850000,243.850000,243.850000,243.850000,2.870000
2023.01.01 10:50,243.850000,243.900000,243.850000,243.850000,12.000000
2023.01.01 10:51,243.850000,243.900000,243.850000,243.900000,8.270000
2023.01.01 10:52,243.900000,243.900000,243.850000,243.850000,63.990000
2023.01.01 10:53,243.850000,243.900000,243.850000,243.900000,96.320000
2023.01.01 10:54,243.900000,243.900000,243.850000,243.900000,44.310000
2023.01.01 10:55,243.900000,243.950000,243.850000,243.950000,62.000000
2023.01.01 10:56,243.950000,244.050000,243.900000,244.050000,12.750000
2023.01.01 10:57,244.050000,244.050000,244.000000,244.000000,45.320000
2023.01.01 10:58,244.000000,244.050000,244.000000,244.050000,4.240000
2023.01.01 10:59,244.050000,244.050000,243.950000,243.950000,2.350000
2023.01.01 11:00,243.950000,243.950000,243.750000,243.800000,189.570000
2023.01.01 11:01,243.800000,243.900000,243.750000,243.900000,43.220000
2023.01.01 11:02,243.900000,243.950000,243.850000,243.950000,12.650000
2023.01.01 11:03,243.950000,243.950000,243.900000,243.900000,101.220000
2023.01.01 11:04,243.900000,243.950000,243.900000,243.900000,4.930000
2023.01.01 11:05,243.900000,243.950000,243.900000,243.950000,7.870000
2023.01.01 11:06,243.950000,243.950000,243.750000,243.750000,122.410000
2023.01.01 11:07,243.750000,243.800000,243.750000,243.800000,0.020000
2023.01.01 11:08,243.800000,243.800000,243.700000,243.700000,0.020000
2023.01.01 11:09,243.700000,243.750000,243.700000,243.750000,5.640000
2023.01.01 11:10,243.750000,243.750000,243.700000,243.700000,8.000000
2023.01.01 11:11,243.700000,243.750000,243.700000,243.750000,15.810000
2023.01.01 11:12,243.750000,243.750000,243.700000,243.750000,20.600000
2023.01.01 11:13,243.750000,243.750000,243.700000,243.750000,0.030000
2023.01.01 11:14,243.750000,243.750000,243.650000,243.700000,72.990000
2023.01.01 11:15,243.700000,243.700000,243.700000,243.700000,100.010000
2023.01.01 11:16,243.700000,243.700000,243.650000,243.700000,7.200000
2023.01.01 11:17,243.700000,243.700000,243.600000,243.600000,542.950000
2023.01.01 11:18,243.600000,243.750000,243.600000,243.700000,299.640000
2023.01.01 11:19,243.700000,243.850000,243.700000,243.850000,6.920000
2023.01.01 11:20,243.850000,243.850000,243.750000,243.800000,1.630000
2023.01.01 11:21,243.800000,243.800000,243.700000,243.700000,8.560000
2023.01.01 11:22,243.700000,243.700000,243.600000,243.600000,15.910000
2023.01.01 11:23,243.600000,243.650000,243.600000,243.650000,9.510000
2023.01.01 11:24,243.650000,243.800000,243.550000,243.800000,355.590000
2023.01.01 11:25,243.800000,243.800000,243.750000,243.800000,0.110000
2023.01.01 11:26,243.800000,243.800000,243.800000,243.800000,0.010000
2023.01.01 11:27,243.800000,243.800000,243.800000,243.800000,0.130000
2023.01.01 11:28,243.800000,243.800000,243.750000,243.750000,2.020000
2023.01.01 11:29,243.750000,243.900000,243.750000,243.900000,220.040000
2023.01.01 11:30,243.900000,243.900000,243.850000,243.850000,16.320000
2023.01.01 11:31,243.850000,243.850000,243.700000,243.750000,634.110000
2023.01.01 11:32,243.750000,243.750000,243.700000,243.750000,6.550000
2023.01.01 11:33,243.750000,243.800000,243.750000,243.800000,405.040000
2023.01.01 11:34,243.800000,243.800000,243.750000,243.750000,0.040000
2023.01.01 11:35,243.750000,243.800000,243.700000,243.750000,359.740000
2023.01.01 11:36,243.750000,243.750000,243.650000,243.650000,500.550000
2023.01.01 11:37,243.650000,243.700000,243.650000,243.650000,138.230000
2023.01.01 11:38,243.650000,243.700000,243.650000,243.700000,239.210000
2023.01.01 11:39,243.700000,243.750000,243.700000,243.750000,1.330000
2023.01.01 11:40,243.750000,243.750000,243.750000,243.750000,3.480000
2023.01.01 11:41,243.750000,243.750000,243.700000,243.700000,0.060000
2023.01.01 11:42,243.700000,243.750000,243.700000,243.750000,17.360000
2023.01.01 11:43,243.750000,243.750000,243.650000,243.700000,223.320000
2023.01.01 11:44,243.700000,243.700000,243.550000,243.550000,199.930000
2023.01.01 11:45,243.550000,243.550000,243.550000,243.550000,2.420000
2023.01.01 11:46,243.550000,243.600000,243.550000,243.600000,174.660000
2023.01.01 11:47,243.600000,243.700000,243.600000,243.650000,116.240000
2023.01.01 11:48,243.650000,243.700000,243.650000,243.700000,5.080000
2023.01.01 11:49,243.700000,243.700000,243.650000,243.700000,18.530000
2023.01.01 11:50,243.700000,243.700000,243.650000,243.650000,11.780000
2023.01.01 11:51,243.650000,243.650000,243.550000,243.600000,0.520000
2023.01.01 11:52,243.600000,243.600000,243.000000,243.250000,4454.240000
2023.01.01 11:53,243.250000,243.350000,243.250000,243.300000,78.560000
2023.01.01 11:54,243.300000,243.550000,243.300000,243.550000,146.210000
2023.01.01 11:55,243.550000,243.550000,243.450000,243.500000,4.330000
2023.01.01 11:56,243.500000,243.550000,243.500000,243.550000,255.400000
2023.01.01 11:57,243.550000,243.550000,243.500000,243.550000,11.140000
2023.01.01 11:58,243.550000,243.550000,243.400000,243.400000,2.110000
2023.01.01 11:59,243.400000,243.450000,243.300000,243.350000,235.450000
2023.01.01 12:00,243.350000,243.400000,243.300000,243.350000,120.890000
2023.01.01 12:01,243.350000,243.350000,243.350000,243.350000,54.560000
2023.01.01 12:02,243.350000,243.350000,243.300000,243.350000,6.000000
2023.01.01 12:03,243.350000,243.400000,243.300000,243.400000,93.190000
2023.01.01 12:04,243.400000,243.400000,243.350000,243.400000,36.930000
2023.01.01 12:05,243.400000,243.400000,243.350000,243.400000,0.850000
2023.01.01 12:06,243.400000,243.400000,243.400000,243.400000,1.220000
2023.01.01 12:07,243.400000,243.400000,243.300000,243.300000,1.040000
2023.01.01 12:08,243.300000,243.350000,243.300000,243.300000,40.080000
2023.01.01 12:09,243.300000,243.350000,243.300000,243.300000,3.200000
2023.01.01 12:10,243.300000,243.350000,243.300000,243.350000,152.890000
2023.01.01 12:11,243.350000,243.350000,243.300000,243.300000,13.910000
2023.01.01 12:12,243.300000,243.350000,243.300000,243.350000,27.470000
2023.01.01 12:13,243.350000,243.350000,243.300000,243.350000,3.670000
2023.01.01 12:14,243.350000,243.400000,243.350000,243.400000,4.230000
2023.01.01 12:15,243.400000,243.500000,243.350000,243.500000,199.270000
2023.01.01 12:16,243.500000,243.500000,243.450000,243.500000,34.400000
2023.01.01 12:17,243.500000,243.500000,243.500000,243.500000,3.610000
2023.01.01 12:18,243.500000,243.500000,243.450000,243.500000,2.470000
2023.01.01 12:19,243.500000,243.500000,243.500000,243.500000,15.210000
2023.01.01 12:20,243.500000,243.500000,243.450000,243.450000,5.770000
2023.01.01 12:21,243.450000,243.600000,243.450000,243.600000,68.370000
2023.01.01 12:22,243.600000,243.650000,243.600000,243.600000,212.210000
2023.01.01 12:23,243.600000,243.650000,243.600000,243.650000,57.750000
2023.01.01 12:24,243.650000,243.700000,243.600000,243.650000,12.500000
2023.01.01 12:25,243.650000,243.700000,243.650000,243.700000,72.370000
2023.01.01 12:26,243.700000,243.700000,243.650000,243.650000,40.590000
2023.01.01 12:27,243.650000,243.750000,243.650000,243.700000,90.030000
2023.01.01 12:28,243.700000,243.750000,243.600000,243.650000,37.090000
2023.01.01 12:29,243.650000,243.650000,243.600000,243.600000,0.270000
2023.01.01 12:30,243.600000,243.650000,243.600000,243.600000,84.250000
2023.01.01 12:31,243.600000,243.700000,243.600000,243.700000,252.020000
2023.01.01 12:32,243.700000,243.750000,243.700000,243.700000,5.590000
2023.01.01 12:33,243.700000,243.900000,243.700000,243.900000,268.880000
2023.01.01 12:34,243.900000,243.950000,243.900000,243.950000,63.110000
2023.01.01 12:35,243.950000,243.950000,243.900000,243.950000,81.850000
2023.01.01 12:36,243.950000,243.950000,243.900000,243.900000,41.290000
2023.01.01 12:37,243.900000,244.050000,243.900000,244.050000,282.730000
2023.01.01 12:38,244.050000,244.050000,244.000000,244.050000,11.150000
2023.01.01 12:39,244.050000,244.050000,243.900000,243.900000,69.020000
2023.01.01 12:40,243.900000,243.950000,243.900000,243.950000,17.980000
2023.01.01 12:41,243.950000,243.950000,243.900000,243.950000,20.340000
2023.01.01 12:42,243.950000,243.950000,243.900000,243.900000,81.600000
2023.01.01 12:43,243.900000,244.000000,243.850000,244.000000,41.270000
2023.01.01 12:44,244.000000,244.050000,243.950000,244.050000,101.080000
2023.01.01 12:45,244.050000,244.050000,244.000000,244.000000,11.920000
2023.01.01 12:46,244.000000,244.050000,244.000000,244.050000,48.780000
2023.01.01 12:47,244.050000,244.050000,243.950000,243.950000,6.210000
2023.01.01 12:48,243.950000,244.000000,243.950000,244.000000,5.100000
2023.01.01 12:49,244.000000,244.000000,243.950000,243.950000,9.710000
2023.01.01 12:50,243.950000,244.150000,243.950000,244.150000,245.490000
2023.01.01 12:51,244.150000,244.200000,244.150000,244.200000,154.680000
2023.01.01 12:52,244.200000,244.200000,244.150000,244.200000,26.970000
2023.01.01 12:53,244.200000,244.250000,244.150000,244.250000,63.410000
2023.01.01 12:54,244.250000,244.300000,244.200000,244.300000,4.080000
2023.01.01 12:55,244.300000,244.300000,244.300000,244.300000,45.770000
2023.01.01 12:56,244.300000,244.300000,244.250000,244.250000,120.490000
2023.01.01 12:57,244.250000,244.300000,244.250000,244.300000,67.390000
2023.01.01 12:58,244.300000,244.300000,244.250000,244.250000,2.020000
2023.01.01 12:59,244.250000,244.350000,244.250000,244.300000,229.570000
2023.01.01 13:00,244.300000,244.350000,244.250000,244.250000,171.400000
2023.01.01 13:01,244.250000,244.250000,244.150000,244.200000,242.960000
2023.01.01 13:02,244.200000,244.200000,244.150000,244.200000,7.180000
2023.01.01 13:03,244.200000,244.200000,244.100000,244.100000,0.850000
2023.01.01 13:04,244.100000,244.100000,244.100000,244.100000,0.630000
2023.01.01 13:05,244.100000,244.150000,244.100000,244.150000,0.020000
2023.01.01 13:06,244.150000,244.150000,244.050000,244.100000,176.730000
2023.01.01 13:07,244.100000,244.100000,244.050000,244.050000,216.980000
2023.01.01 13:08,244.050000,244.050000,244.000000,244.000000,60.240000
2023.01.01 13:09,244.000000,244.050000,243.950000,243.950000,0.210000
2023.01.01 13:10,243.950000,244.000000,243.950000,243.950000,5.190000
2023.01.01 13:11,243.950000,244.000000,243.950000,244.000000,1.190000
2023.01.01 13:12,244.000000,244.050000,243.950000,244.050000,26.300000
2023.01.01 13:13,244.050000,244.100000,244.050000,244.100000,6.680000
2023.01.01 13:14,244.100000,244.100000,244.050000,244.050000,0.020000
2023.01.01 13:15,244.050000,244.150000,244.050000,244.150000,8.670000
2023.01.01 13:16,244.150000,244.150000,244.150000,244.150000,3.150000
2023.01.01 13:17,244.150000,244.200000,244.150000,244.200000,3.430000
2023.01.01 13:18,244.200000,244.200000,244.000000,244.000000,28.150000
2023.01.01 13:19,244.000000,244.050000,244.000000,244.000000,359.680000
2023.01.01 13:20,244.000000,244.150000,244.000000,244.150000,465.600000
2023.01.01 13:21,244.150000,244.200000,244.100000,244.150000,913.270000
2023.01.01 13:22,244.150000,244.150000,244.100000,244.100000,478.680000
2023.01.01 13:23,244.100000,244.150000,244.100000,244.150000,2.490000
2023.01.01 13:24,244.150000,244.150000,244.100000,244.100000,0.600000
2023.01.01 13:25,244.100000,244.200000,244.100000,244.200000,198.130000
2023.01.01 13:26,244.200000,244.200000,244.150000,244.150000,7.210000
2023.01.01 13:27,244.150000,244.200000,244.150000,244.200000,20.970000
2023.01.01 13:28,244.200000,244.200000,244.150000,244.150000,8.530000
2023.01.01 13:29,244.150000,244.200000,244.150000,244.150000,41.980000
2023.01.01 13:30,244.150000,244.200000,244.150000,244.200000,2.290000
2023.01.01 13:31,244.200000,244.200000,244.200000,244.200000,0.090000
2023.01.01 13:32,244.200000,244.200000,244.100000,244.100000,73.850000
2023.01.01 13:33,244.100000,244.150000,244.050000,244.050000,353.390000
2023.01.01 13:34,244.050000,244.100000,244.050000,244.100000,10.010000
2023.01.01 13:35,244.100000,244.100000,244.000000,244.050000,64.280000
2023.01.01 13:36,244.050000,244.050000,244.050000,244.050000,0.130000
2023.01.01 13:37,244.050000,244.050000,244.000000,244.000000,16.530000
2023.01.01 13:38,244.000000,244.050000,244.000000,244.050000,4.490000
2023.01.01 13:39,244.050000,244.050000,244.000000,244.050000,9.750000
2023.01.01 13:40,244.050000,244.050000,243.950000,243.950000,15.960000
2023.01.01 13:41,243.950000,243.950000,243.900000,243.900000,347.440000
2023.01.01 13:42,243.900000,243.950000,243.900000,243.950000,7.970000
2023.01.01 13:43,243.950000,244.000000,243.950000,244.000000,2.150000
2023.01.01 13:44,244.000000,244.000000,243.950000,243.950000,12.240000
2023.01.01 13:45,243.950000,244.000000,243.950000,244.000000,6.330000
2023.01.01 13:46,244.000000,244.000000,244.000000,244.000000,0.410000
2023.01.01 13:47,244.000000,244.000000,244.000000,244.000000,3.630000
2023.01.01 13:48,244.000000,244.000000,243.950000,243.950000,319.390000
2023.01.01 13:49,243.950000,243.950000,243.900000,243.900000,5.030000
2023.01.01 13:50,243.900000,243.950000,243.900000,243.950000,105.010000
2023.01.01 13:51,243.950000,243.950000,243.900000,243.900000,18.700000
2023.01.01 13:52,243.900000,243.950000,243.900000,243.950000,2.000000
2023.01.01 13:53,243.950000,243.950000,243.900000,243.900000,0.270000
2023.01.01 13:54,243.900000,243.900000,243.900000,243.900000,0.010000
2023.01.01 13:55,243.900000,244.050000,243.900000,243.950000,231.210000
2023.01.01 13:56,243.950000,243.950000,243.950000,243.950000,0.000000
2023.01.01 13:57,243.950000,244.000000,243.950000,243.950000,30.010000
2023.01.01 13:58,243.950000,244.100000,243.950000,244.100000,139.510000
2023.01.01 13:59,244.100000,244.200000,244.100000,244.150000,18.570000
2023.01.01 14:00,244.150000,244.200000,244.150000,244.200000,100.460000
2023.01.01 14:01,244.200000,244.200000,244.150000,244.150000,46.110000
2023.01.01 14:02,244.150000,244.150000,244.150000,244.150000,3.010000
2023.01.01 14:03,244.150000,244.150000,244.150000,244.150000,0.010000
2023.01.01 14:04,244.150000,244.150000,244.150000,244.150000,12.530000
2023.01.01 14:05,244.150000,244.150000,244.100000,244.100000,3.590000
2023.01.01 14:06,244.100000,244.150000,244.050000,244.150000,51.490000
2023.01.01 14:07,244.150000,244.200000,244.150000,244.200000,21.000000
2023.01.01 14:08,244.200000,244.200000,244.200000,244.200000,14.780000
2023.01.01 14:09,244.200000,244.250000,244.150000,244.250000,273.380000
2023.01.01 14:10,244.250000,244.300000,244.250000,244.250000,0.810000
2023.01.01 14:11,244.250000,244.350000,244.250000,244.300000,526.160000
2023.01.01 14:12,244.300000,244.450000,244.300000,244.400000,54.600000
2023.01.01 14:13,244.400000,244.450000,244.400000,244.400000,10.480000
2023.01.01 14:14,244.400000,244.450000,244.400000,244.450000,34.980000
2023.01.01 14:15,244.450000,244.450000,244.400000,244.450000,187.480000
2023.01.01 14:16,244.450000,244.450000,244.250000,244.300000,140.920000
2023.01.01 14:17,244.300000,244.300000,244.250000,244.250000,12.080000
2023.01.01 14:18,244.250000,244.300000,244.150000,244.150000,92.940000
2023.01.01 14:19,244.150000,244.200000,244.150000,244.200000,7.360000
2023.01.01 14:20,244.200000,244.200000,244.150000,244.200000,2.330000
2023.01.01 14:21,244.200000,244.250000,244.150000,244.250000,16.650000
2023.01.01 14:22,244.250000,244.250000,244.200000,244.250000,1.170000
2023.01.01 14:23,244.250000,244.250000,244.250000,244.250000,3.000000
2023.01.01 14:24,244.250000,244.250000,244.200000,244.250000,0.060000
2023.01.01 14:25,244.250000,244.250000,244.200000,244.250000,13.310000
2023.01.01 14:26,244.250000,244.250000,244.250000,244.250000,0.050000
2023.01.01 14:27,244.250000,244.250000,244.200000,244.200000,5.340000
2023.01.01 14:28,244.200000,244.200000,244.100000,244.100000,32.810000
2023.01.01 14:29,244.100000,244.150000,244.100000,244.150000,56.510000
2023.01.01 14:30,244.150000,244.150000,244.150000,244.150000,2.580000
2023.01.01 14:31,244.150000,244.150000,244.100000,244.100000,20.000000
2023.01.01 14:32,244.100000,244.200000,244.100000,244.200000,27.250000
2023.01.01 14:33,244.200000,244.250000,244.200000,244.250000,1.510000
2023.01.01 14:34,244.250000,244.250000,244.250000,244.250000,0.000000
2023.01.01 14:35,244.250000,244.250000,244.200000,244.250000,0.340000
2023.01.01 14:36,244.250000,244.250000,244.250000,244.250000,0.110000
2023.01.01 14:37,244.250000,244.250000,244.250000,244.250000,19.310000
2023.01.01 14:38,244.250000,244.250000,244.200000,244.200000,0.010000
2023.01.01 14:39,244.200000,244.200000,244.200000,244.200000,8.570000
2023.01.01 14:40,244.200000,244.250000,244.200000,244.250000,0.260000
2023.01.01 14:41,244.250000,244.250000,244.200000,244.200000,12.100000
2023.01.01 14:42,244.200000,244.250000,244.200000,244.250000,0.450000
2023.01.01 14:43,244.250000,244.250000,244.250000,244.250000,0.110000
2023.01.01 14:44,244.250000,244.250000,244.250000,244.250000,0.000000
2023.01.01 14:45,244.250000,244.250000,244.200000,244.200000,37.960000
2023.01.01 14:46,244.200000,244.250000,244.200000,244.250000,3.390000
2023.01.01 14:47,244.250000,244.250000,244.250000,244.250000,5.930000
2023.01.01 14:48,244.250000,244.250000,244.200000,244.250000,63.940000
2023.01.01 14:49,244.250000,244.250000,244.200000,244.200000,1.620000
2023.01.01 14:50,244.200000,244.200000,244.200000,244.200000,0.010000
2023.01.01 14:51,244.200000,244.200000,244.150000,244.150000,53.670000
2023.01.01 14:52,244.150000,244.150000,244.100000,244.100000,0.500000
2023.01.01 14:53,244.100000,244.150000,244.100000,244.150000,9.590000
2023.01.01 14:54,244.150000,244.150000,244.100000,244.100000,11.370000
2023.01.01 14:55,244.100000,244.150000,244.100000,244.150000,2.920000
2023.01.01 14:56,244.150000,244.250000,244.150000,244.200000,180.380000
2023.01.01 14:57,244.200000,244.250000,244.200000,244.200000,4.670000
2023.01.01 14:58,244.200000,244.250000,244.200000,244.200000,24.700000
2023.01.01 14:59,244.200000,244.250000,244.200000,244.200000,24.300000
2023.01.01 15:00,244.200000,244.250000,244.200000,244.250000,2.370000
2023.01.01 15:01,244.250000,244.250000,244.250000,244.250000,0.000000
2023.01.01 15:02,244.250000,244.250000,244.150000,244.150000,24.590000
2023.01.01 15:03,244.150000,244.150000,244.150000,244.150000,0.000000
2023.01.01 15:04,244.150000,244.200000,244.150000,244.150000,8.770000
2023.01.01 15:05,244.150000,244.200000,244.100000,244.100000,410.210000
2023.01.01 15:06,244.100000,244.100000,244.050000,244.050000,28.870000
2023.01.01 15:07,244.050000,244.050000,244.050000,244.050000,4.020000
2023.01.01 15:08,244.050000,244.050000,244.050000,244.050000,11.790000
2023.01.01 15:09,244.050000,244.100000,244.000000,244.000000,448.350000
2023.01.01 15:10,244.000000,244.050000,244.000000,244.000000,39.980000
2023.01.01 15:11,244.000000,244.000000,244.000000,244.000000,0.000000
2023.01.01 15:12,244.000000,244.050000,244.000000,244.000000,24.590000
2023.01.01 15:13,244.000000,244.200000,244.000000,244.200000,304.630000
2023.01.01 15:14,244.200000,244.300000,244.150000,244.300000,306.280000
2023.01.01 15:15,244.300000,244.300000,244.300000,244.300000,0.000000
2023.01.01 15:16,244.300000,244.300000,244.300000,244.300000,0.010000
2023.01.01 15:17,244.300000,244.300000,244.250000,244.250000,6.720000
2023.01.01 15:18,244.250000,244.300000,244.250000,244.300000,0.010000
2023.01.01 15:19,244.300000,244.300000,244.250000,244.250000,324.050000
2023.01.01 15:20,244.250000,244.300000,244.250000,244.250000,0.190000
2023.01.01 15:21,244.250000,244.300000,244.250000,244.250000,4.160000
2023.01.01 15:22,244.250000,244.300000,244.250000,244.250000,52.770000
2023.01.01 15:23,244.250000,244.300000,244.250000,244.250000,85.020000
2023.01.01 15:24,244.250000,244.300000,244.250000,244.250000,20.080000
2023.01.01 15:25,244.250000,244.350000,244.250000,244.350000,16.540000
2023.01.01 15:26,244.350000,244.400000,244.350000,244.350000,14.460000
2023.01.01 15:27,244.350000,244.400000,244.350000,244.400000,21.360000
2023.01.01 15:28,244.400000,244.450000,244.400000,244.450000,148.400000
2023.01.01 15:29,244.450000,244.450000,244.450000,244.450000,8.150000
2023.01.01 15:30,244.450000,244.450000,244.400000,244.400000,32.090000
2023.01.01 15:31,244.400000,244.450000,244.400000,244.400000,33.550000
2023.01.01 15:32,244.400000,244.400000,244.300000,244.350000,45.970000
2023.01.01 15:33,244.350000,244.350000,244.250000,244.250000,38.560000
2023.01.01 15:34,244.250000,244.300000,244.250000,244.300000,5.310000
2023.01.01 15:35,244.300000,244.300000,244.300000,244.300000,23.020000
2023.01.01 15:36,244.300000,244.300000,244.200000,244.200000,412.710000
2023.01.01 15:37,244.200000,244.250000,244.200000,244.250000,12.320000
2023.01.01 15:38,244.250000,244.250000,244.200000,244.200000,1105.530000
2023.01.01 15:39,244.200000,244.250000,244.200000,244.250000,337.140000
2023.01.01 15:40,244.250000,244.250000,244.200000,244.200000,6.670000
2023.01.01 15:41,244.200000,244.250000,244.200000,244.250000,0.010000
2023.01.01 15:42,244.250000,244.250000,244.200000,244.200000,20.240000
2023.01.01 15:43,244.200000,244.300000,244.200000,244.300000,286.880000
2023.01.01 15:44,244.300000,244.300000,244.300000,244.300000,0.000000
2023.01.01 15:45,244.300000,244.350000,244.250000,244.350000,561.310000
2023.01.01 15:46,244.350000,244.350000,244.350000,244.350000,8.770000
2023.01.01 15:47,244.350000,244.350000,244.350000,244.350000,0.000000
2023.01.01 15:48,244.350000,244.350000,244.300000,244.350000,4.460000
2023.01.01 15:49,244.350000,244.350000,244.300000,244.300000,10.060000
2023.01.01 15:50,244.300000,244.350000,244.300000,244.350000,0.010000
2023.01.01 15:51,244.350000,244.350000,244.300000,244.300000,1.590000
2023.01.01 15:52,244.300000,244.350000,244.300000,244.300000,9.260000
2023.01.01 15:53,244.300000,244.450000,244.300000,244.450000,539.620000
2023.01.01 15:54,244.450000,244.450000,244.400000,244.450000,73.280000
2023.01.01 15:55,244.450000,244.450000,244.400000,244.450000,0.960000
2023.01.01 15:56,244.450000,244.450000,244.400000,244.400000,1.210000
2023.01.01 15:57,244.400000,244.400000,244.250000,244.250000,313.090000
2023.01.01 15:58,244.250000,244.250000,244.050000,244.050000,285.830000
2023.01.01 15:59,244.050000,244.050000,244.050000,244.050000,6.290000
2023.01.01 16:00,244.050000,244.150000,244.050000,244.100000,40.240000
2023.01.01 16:01,244.100000,244.150000,244.100000,244.100000,2.060000
2023.01.01 16:02,244.100000,244.100000,244.100000,244.100000,0.000000
2023.01.01 16:03,244.100000,244.250000,244.100000,244.200000,206.370000
2023.01.01 16:04,244.200000,244.250000,244.200000,244.200000,10.630000
2023.01.01 16:05,244.200000,244.350000,244.200000,244.350000,557.630000
2023.01.01 16:06,244.350000,244.350000,244.300000,244.350000,3.630000
2023.01.01 16:07,244.350000,244.350000,244.300000,244.350000,0.380000
2023.01.01 16:08,244.350000,244.350000,244.300000,244.350000,0.290000
2023.01.01 16:09,244.350000,244.350000,244.300000,244.350000,15.890000
2023.01.01 16:10,244.350000,244.350000,244.300000,244.300000,0.450000
2023.01.01 16:11,244.300000,244.350000,244.300000,244.300000,29.090000
2023.01.01 16:12,244.300000,244.350000,244.300000,244.350000,5.500000
2023.01.01 16:13,244.350000,244.350000,244.300000,244.350000,20.430000
2023.01.01 16:14,244.350000,244.350000,244.300000,244.300000,28.150000
2023.01.01 16:15,244.300000,244.350000,244.300000,244.350000,59.410000
2023.01.01 16:16,244.350000,244.350000,244.300000,244.300000,10.030000
2023.01.01 16:17,244.300000,244.300000,244.250000,244.300000,0.200000
2023.01.01 16:18,244.300000,244.300000,244.250000,244.250000,4.820000
2023.01.01 16:19,244.250000,244.300000,244.250000,244.300000,4.310000
2023.01.01 16:20,244.300000,244.300000,244.250000,244.300000,0.020000
2023.01.01 16:21,244.300000,244.300000,244.250000,244.250000,30.000000
2023.01.01 16:22,244.250000,244.300000,244.250000,244.300000,7.330000
2023.01.01 16:23,244.300000,244.300000,244.100000,244.100000,132.740000
2023.01.01 16:24,244.100000,244.150000,244.000000,244.000000,85.420000
2023.01.01 16:25,244.000000,244.050000,244.000000,244.050000,29.140000
2023.01.01 16:26,244.050000,244.050000,244.050000,244.050000,0.000000
2023.01.01 16:27,244.050000,244.050000,244.050000,244.050000,27.990000
2023.01.01 16:28,244.050000,244.100000,244.050000,244.100000,19.240000
2023.01.01 16:29,244.100000,244.100000,244.050000,244.050000,61.030000
2023.01.01 16:30,244.050000,244.150000,244.050000,244.150000,93.630000
2023.01.01 16:31,244.150000,244.150000,244.100000,244.150000,469.000000
2023.01.01 16:32,244.150000,244.150000,244.100000,244.100000,1.730000
2023.01.01 16:33,244.100000,244.150000,244.100000,244.150000,0.110000
2023.01.01 16:34,244.150000,244.150000,244.000000,244.050000,26.340000
2023.01.01 16:35,244.050000,244.050000,243.950000,244.000000,78.680000
2023.01.01 16:36,244.000000,244.000000,243.850000,244.000000,264.180000
2023.01.01 16:37,244.000000,244.000000,243.950000,243.950000,6.630000
2023.01.01 16:38,243.950000,243.950000,243.950000,243.950000,21.000000
2023.01.01 16:39,243.950000,244.000000,243.900000,243.950000,0.150000
2023.01.01 16:40,243.950000,243.950000,243.850000,243.850000,47.080000
2023.01.01 16:41,243.850000,243.900000,243.850000,243.850000,203.600000
2023.01.01 16:42,243.850000,243.900000,243.850000,243.850000,51.450000
2023.01.01 16:43,243.850000,243.900000,243.850000,243.850000,17.740000
2023.01.01 16:44,243.850000,243.850000,243.800000,243.800000,131.280000
2023.01.01 16:45,243.800000,243.900000,243.800000,243.900000,360.130000
2023.01.01 16:46,243.900000,243.900000,243.850000,243.850000,152.150000
2023.01.01 16:47,243.850000,243.900000,243.850000,243.900000,18.270000
2023.01.01 16:48,243.900000,243.950000,243.900000,243.950000,3.400000
2023.01.01 16:49,243.950000,243.950000,243.900000,243.900000,24.980000
2023.01.01 16:50,243.900000,243.900000,243.900000,243.900000,23.660000
2023.01.01 16:51,243.900000,243.950000,243.900000,243.900000,220.440000
2023.01.01 16:52,243.900000,243.950000,243.900000,243.900000,75.800000
2023.01.01 16:53,243.900000,243.950000,243.900000,243.950000,0.610000
2023.01.01 16:54,243.950000,244.000000,243.950000,243.950000,363.480000
2023.01.01 16:55,243.950000,244.000000,243.950000,243.950000,3.980000
2023.01.01 16:56,243.950000,244.000000,243.950000,244.000000,6.670000
2023.01.01 16:57,244.000000,244.000000,243.950000,244.000000,126.950000
2023.01.01 16:58,244.000000,244.050000,244.000000,244.000000,10.000000
2023.01.01 16:59,244.000000,244.050000,244.000000,244.050000,2.740000
2023.01.01 17:00,244.050000,244.050000,244.000000,244.050000,19.340000
2023.01.01 17:01,244.050000,244.050000,244.000000,244.050000,1.440000
2023.01.01 17:02,244.050000,244.050000,244.000000,244.000000,20.690000
2023.01.01 17:03,244.000000,244.000000,244.000000,244.000000,1.510000
2023.01.01 17:04,244.000000,244.050000,244.000000,244.050000,138.800000
2023.01.01 17:05,244.050000,244.050000,244.000000,244.000000,1.500000
2023.01.01 17:06,244.000000,244.050000,243.950000,244.000000,27.030000
2023.01.01 17:07,244.000000,244.000000,243.950000,244.000000,7.360000
2023.01.01 17:08,244.000000,244.000000,243.950000,244.000000,31.850000
2023.01.01 17:09,244.000000,244.000000,243.950000,243.950000,33.830000
2023.01.01 17:10,243.950000,244.050000,243.950000,244.050000,22.720000
2023.01.01 17:11,244.050000,244.100000,244.050000,244.100000,0.050000
2023.01.01 17:12,244.100000,244.100000,244.100000,244.100000,10.780000
2023.01.01 17:13,244.100000,244.100000,244.100000,244.100000,0.000000
2023.01.01 17:14,244.100000,244.100000,244.100000,244.100000,0.750000
2023.01.01 17:15,244.100000,244.100000,244.100000,244.100000,1.120000
2023.01.01 17:16,244.100000,244.100000,244.050000,244.100000,16.520000
2023.01.01 17:17,244.100000,244.100000,244.050000,244.050000,1.070000
2023.01.01 17:18,244.050000,244.100000,244.050000,244.050000,17.070000
2023.01.01 17:19,244.050000,244.050000,244.050000,244.050000,25.400000
2023.01.01 17:20,244.050000,244.100000,244.050000,244.100000,2.100000
2023.01.01 17:21,244.100000,244.100000,244.050000,244.050000,1.210000
2023.01.01 17:22,244.050000,244.050000,244.050000,244.050000,0.000000
2023.01.01 17:23,244.050000,244.100000,244.050000,244.050000,4.050000
2023.01.01 17:24,244.050000,244.100000,244.050000,244.100000,0.030000
2023.01.01 17:25,244.100000,244.100000,244.100000,244.100000,0.010000
2023.01.01 17:26,244.100000,244.100000,244.050000,244.100000,7.860000
2023.01.01 17:27,244.100000,244.100000,244.050000,244.050000,17.840000
2023.01.01 17:28,244.050000,244.200000,244.050000,244.150000,693.370000
2023.01.01 17:29,244.150000,244.150000,244.150000,244.150000,0.000000
2023.01.01 17:30,244.150000,244.200000,244.150000,244.200000,3.850000
2023.01.01 17:31,244.200000,244.200000,244.200000,244.200000,2.570000
2023.01.01 17:32,244.200000,244.200000,244.150000,244.200000,151.600000
2023.01.01 17:33,244.200000,244.200000,244.150000,244.150000,32.500000
2023.01.01 17:34,244.150000,244.250000,244.150000,244.250000,9.960000
2023.01.01 17:35,244.250000,244.250000,244.200000,244.250000,44.750000
2023.01.01 17:36,244.250000,244.250000,244.200000,244.250000,17.790000
2023.01.01 17:37,244.250000,244.250000,244.200000,244.200000,10.150000
2023.01.01 17:38,244.200000,244.250000,244.100000,244.150000,75.030000
2023.01.01 17:39,244.150000,244.150000,244.100000,244.100000,1.340000
2023.01.01 17:40,244.100000,244.150000,244.100000,244.150000,0.090000
2023.01.01 17:41,244.150000,244.150000,244.100000,244.100000,26.770000
2023.01.01 17:42,244.100000,244.150000,244.050000,244.050000,11.800000
2023.01.01 17:43,244.050000,244.100000,244.050000,244.100000,0.290000
2023.01.01 17:44,244.100000,244.100000,244.100000,244.100000,2.010000
2023.01.01 17:45,244.100000,244.100000,244.100000,244.100000,0.000000
2023.01.01 17:46,244.100000,244.100000,244.050000,244.050000,2.090000
2023.01.01 17:47,244.050000,244.050000,244.000000,244.000000,20.520000
2023.01.01 17:48,244.000000,244.050000,244.000000,244.000000,21.530000
2023.01.01 17:49,244.000000,244.100000,244.000000,244.050000,11.260000
2023.01.01 17:50,244.050000,244.050000,244.050000,244.050000,1.130000
2023.01.01 17:51,244.050000,244.050000,244.050000,244.050000,0.000000
2023.01.01 17:52,244.050000,244.100000,244.050000,244.100000,191.710000
2023.01.01 17:53,244.100000,244.100000,244.050000,244.050000,2.500000
2023.01.01 17:54,244.050000,244.100000,244.050000,244.050000,0.300000
2023.01.01 17:55,244.050000,244.100000,244.050000,244.100000,0.140000
2023.01.01 17:56,244.100000,244.100000,244.050000,244.100000,25.020000
2023.01.01 17:57,244.100000,244.100000,243.900000,243.900000,67.860000
2023.01.01 17:58,243.900000,243.950000,243.900000,243.950000,49.770000
2023.01.01 17:59,243.950000,243.950000,243.900000,243.900000,0.560000
2023.01.01 18:00,243.900000,244.050000,243.900000,244.000000,69.190000
2023.01.01 18:01,244.000000,244.050000,244.000000,244.000000,8.150000
2023.01.01 18:02,244.000000,244.100000,244.000000,244.050000,146.260000
2023.01.01 18:03,244.050000,244.100000,244.050000,244.050000,1.110000
2023.01.01 18:04,244.050000,244.050000,244.050000,244.050000,3.760000
2023.01.01 18:05,244.050000,244.100000,244.050000,244.100000,1.350000
2023.01.01 18:06,244.100000,244.100000,244.050000,244.050000,1.970000
2023.01.01 18:07,244.050000,244.100000,244.050000,244.100000,4.980000
2023.01.01 18:08,244.100000,244.100000,244.050000,244.050000,25.350000
2023.01.01 18:09,244.050000,244.050000,244.050000,244.050000,0.000000
2023.01.01 18:10,244.050000,244.100000,244.050000,244.100000,0.010000
2023.01.01 18:11,244.100000,244.100000,244.050000,244.100000,10.170000
2023.01.01 18:12,244.100000,244.100000,244.100000,244.100000,31.520000
2023.01.01 18:13,244.100000,244.150000,244.100000,244.150000,75.180000
2023.01.01 18:14,244.150000,244.200000,244.150000,244.200000,53.560000
2023.01.01 18:15,244.200000,244.200000,244.200000,244.200000,2.510000
2023.01.01 18:16,244.200000,244.200000,244.150000,244.150000,0.010000
2023.01.01 18:17,244.150000,244.150000,244.150000,244.150000,0.010000
2023.01.01 18:18,244.150000,244.200000,244.150000,244.200000,37.320000
2023.01.01 18:19,244.200000,244.200000,244.150000,244.200000,21.190000
2023.01.01 18:20,244.200000,244.200000,244.100000,244.100000,95.800000
2023.01.01 18:21,244.100000,244.150000,243.950000,243.950000,144.890000
2023.01.01 18:22,243.950000,243.950000,243.950000,243.950000,0.000000
2023.01.01 18:23,243.950000,243.950000,243.950000,243.950000,0.010000
2023.01.01 18:24,243.950000,244.000000,243.950000,243.950000,153.660000
2023.01.01 18:25,243.950000,243.950000,243.950000,243.950000,2.020000
2023.01.01 18:26,243.950000,244.000000,243.950000,243.950000,56.110000
2023.01.01 18:27,243.950000,244.000000,243.950000,243.950000,3.240000
2023.01.01 18:28,243.950000,244.150000,243.950000,244.150000,7.110000
2023.01.01 18:29,244.150000,244.150000,244.100000,244.150000,4.030000
2023.01.01 18:30,244.150000,244.150000,244.100000,244.100000,0.230000
2023.01.01 18:31,244.100000,244.200000,244.100000,244.200000,33.000000
2023.01.01 18:32,244.200000,244.200000,244.150000,244.200000,13.670000
2023.01.01 18:33,244.200000,244.200000,244.150000,244.150000,17.400000
2023.01.01 18:34,244.150000,244.200000,244.150000,244.200000,21.420000
2023.01.01 18:35,244.200000,244.200000,244.150000,244.200000,0.320000
2023.01.01 18:36,244.200000,244.200000,244.150000,244.150000,222.430000
2023.01.01 18:37,244.150000,244.150000,244.150000,244.150000,15.590000
2023.01.01 18:38,244.150000,244.200000,244.150000,244.200000,0.010000
2023.01.01 18:39,244.200000,244.200000,244.150000,244.150000,12.430000
2023.01.01 18:40,244.150000,244.200000,244.150000,244.200000,0.040000
2023.01.01 18:41,244.200000,244.200000,244.150000,244.200000,12.950000
2023.01.01 18:42,244.200000,244.200000,244.150000,244.200000,13.420000
2023.01.01 18:43,244.200000,244.200000,244.200000,244.200000,0.500000
2023.01.01 18:44,244.200000,244.250000,244.200000,244.200000,9.680000
2023.01.01 18:45,244.200000,244.200000,244.200000,244.200000,0.000000
2023.01.01 18:46,244.200000,244.250000,244.200000,244.200000,9.880000
2023.01.01 18:47,244.200000,244.250000,244.200000,244.250000,6.030000
2023.01.01 18:48,244.250000,244.250000,244.100000,244.150000,4.940000
2023.01.01 18:49,244.150000,244.150000,244.100000,244.100000,0.010000
2023.01.01 18:50,244.100000,244.150000,244.100000,244.150000,0.310000
2023.01.01 18:51,244.150000,244.150000,244.100000,244.100000,2.190000
2023.01.01 18:52,244.100000,244.100000,244.050000,244.050000,94.780000
2023.01.01 18:53,244.050000,244.100000,244.050000,244.050000,14.580000
2023.01.01 18:54,244.050000,244.050000,244.050000,244.050000,0.120000
2023.01.01 18:55,244.050000,244.250000,244.050000,244.200000,18.920000
2023.01.01 18:56,244.200000,244.650000,244.200000,244.550000,1188.160000
2023.01.01 18:57,244.550000,244.600000,244.550000,244.550000,166.240000
2023.01.01 18:58,244.550000,244.600000,244.550000,244.600000,52.560000
2023.01.01 18:59,244.600000,244.600000,244.450000,244.450000,13.510000
2023.01.01 19:00,244.450000,244.500000,244.450000,244.500000,39.010000
2023.01.01 19:01,244.500000,244.550000,244.450000,244.450000,116.930000
2023.01.01 19:02,244.450000,244.650000,244.450000,244.550000,94.140000
2023.01.01 19:03,244.550000,244.600000,244.400000,244.400000,160.860000
2023.01.01 19:04,244.400000,244.450000,244.200000,244.250000,222.050000
2023.01.01 19:05,244.250000,244.300000,244.200000,244.300000,130.100000
2023.01.01 19:06,244.300000,244.500000,244.250000,244.400000,275.360000
2023.01.01 19:07,244.400000,244.450000,244.400000,244.450000,12.990000
2023.01.01 19:08,244.450000,244.500000,244.400000,244.500000,21.150000
2023.01.01 19:09,244.500000,244.500000,244.450000,244.450000,10.110000
2023.01.01 19:10,244.450000,244.500000,244.350000,244.350000,32.270000
2023.01.01 19:11,244.350000,244.400000,244.350000,244.350000,1.960000
2023.01.01 19:12,244.350000,244.400000,244.350000,244.400000,2.180000
2023.01.01 19:13,244.400000,244.400000,244.350000,244.350000,12.300000
2023.01.01 19:14,244.350000,244.400000,244.350000,244.400000,150.300000
2023.01.01 19:15,244.400000,244.450000,244.400000,244.450000,2.780000
2023.01.01 19:16,244.450000,244.450000,244.400000,244.450000,23.200000
2023.01.01 19:17,244.450000,244.700000,244.450000,244.700000,1141.050000
2023.01.01 19:18,244.700000,244.700000,244.650000,244.650000,89.380000
2023.01.01 19:19,244.650000,244.650000,244.600000,244.650000,0.580000
2023.01.01 19:20,244.650000,244.750000,244.600000,244.600000,46.080000
2023.01.01 19:21,244.600000,244.650000,244.600000,244.600000,98.310000
2023.01.01 19:22,244.600000,244.650000,244.600000,244.600000,54.280000
2023.01.01 19:23,244.600000,244.650000,244.600000,244.650000,21.440000
2023.01.01 19:24,244.650000,244.650000,244.600000,244.600000,25.990000
2023.01.01 19:25,244.600000,244.700000,244.600000,244.700000,20.550000
2023.01.01 19:26,244.700000,244.700000,244.650000,244.650000,23.310000
2023.01.01 19:27,244.650000,244.700000,244.650000,244.650000,1.170000
2023.01.01 19:28,244.650000,244.700000,244.650000,244.650000,14.840000
2023.01.01 19:29,244.650000,244.700000,244.650000,244.700000,13.610000
2023.01.01 19:30,244.700000,244.700000,244.650000,244.650000,4.920000
2023.01.01 19:31,244.650000,244.700000,244.650000,244.650000,1.510000
2023.01.01 19:32,244.650000,244.700000,244.600000,244.650000,99.310000
2023.01.01 19:33,244.650000,244.650000,244.600000,244.600000,49.190000
2023.01.01 19:34,244.600000,244.950000,244.600000,244.900000,1110.890000
2023.01.01 19:35,244.900000,244.900000,244.850000,244.850000,456.440000
2023.01.01 19:36,244.850000,244.850000,244.700000,244.700000,73.460000
2023.01.01 19:37,244.700000,244.750000,244.700000,244.750000,1.820000
2023.01.01 19:38,244.750000,244.750000,244.700000,244.700000,0.750000
2023.01.01 19:39,244.700000,244.750000,244.700000,244.750000,43.180000
2023.01.01 19:40,244.750000,244.750000,244.700000,244.750000,20.180000
2023.01.01 19:41,244.750000,244.750000,244.700000,244.700000,5.510000
2023.01.01 19:42,244.700000,244.750000,244.600000,244.650000,91.080000
2023.01.01 19:43,244.650000,244.650000,244.600000,244.600000,3.890000
2023.01.01 19:44,244.600000,244.650000,244.600000,244.600000,1.280000
2023.01.01 19:45,244.600000,244.600000,244.550000,244.600000,158.310000
2023.01.01 19:46,244.600000,244.700000,244.500000,244.700000,133.040000
2023.01.01 19:47,244.700000,244.750000,244.650000,244.750000,10.930000
2023.01.01 19:48,244.750000,244.750000,244.700000,244.750000,304.780000
2023.01.01 19:49,244.750000,244.750000,244.750000,244.750000,10.370000
2023.01.01 19:50,244.750000,244.750000,244.600000,244.650000,67.820000
2023.01.01 19:51,244.650000,244.650000,244.600000,244.650000,215.360000
2023.01.01 19:52,244.650000,244.650000,244.600000,244.600000,0.020000
2023.01.01 19:53,244.600000,244.650000,244.600000,244.650000,5.130000
2023.01.01 19:54,244.650000,244.650000,244.600000,244.650000,52.940000
2023.01.01 19:55,244.650000,244.650000,244.650000,244.650000,0.000000
2023.01.01 19:56,244.650000,244.800000,244.600000,244.800000,74.810000
2023.01.01 19:57,244.800000,244.800000,244.800000,244.800000,0.010000
2023.01.01 19:58,244.800000,244.850000,244.750000,244.750000,29.680000
2023.01.01 19:59,244.750000,244.800000,244.750000,244.800000,17.190000
2023.01.01 20:00,244.800000,244.850000,244.750000,244.850000,27.950000
2023.01.01 20:01,244.850000,244.850000,244.700000,244.700000,45.870000
2023.01.01 20:02,244.700000,244.750000,244.700000,244.700000,0.420000
2023.01.01 20:03,244.700000,244.700000,244.700000,244.700000,0.100000
2023.01.01 20:04,244.700000,244.750000,244.700000,244.700000,0.680000
2023.01.01 20:05,244.700000,244.750000,244.700000,244.700000,3.740000
2023.01.01 20:06,244.700000,244.750000,244.700000,244.700000,5.000000
2023.01.01 20:07,244.700000,244.800000,244.700000,244.800000,30.080000
2023.01.01 20:08,244.800000,244.800000,244.750000,244.750000,0.520000
2023.01.01 20:09,244.750000,245.000000,244.750000,244.950000,242.940000
2023.01.01 20:10,244.950000,245.000000,244.850000,244.900000,39.250000
2023.01.01 20:11,244.900000,244.900000,244.850000,244.850000,55.970000
2023.01.01 20:12,244.850000,244.850000,244.850000,244.850000,0.840000
2023.01.01 20:13,244.850000,244.900000,244.850000,244.850000,17.690000
2023.01.01 20:14,244.850000,244.900000,244.850000,244.850000,0.510000
2023.01.01 20:15,244.850000,244.900000,244.850000,244.900000,66.250000
2023.01.01 20:16,244.900000,244.900000,244.850000,244.900000,43.370000
2023.01.01 20:17,244.900000,244.900000,244.850000,244.850000,17.900000
2023.01.01 20:18,244.850000,245.000000,244.850000,245.000000,55.400000
2023.01.01 20:19,245.000000,245.050000,244.950000,245.050000,60.660000
2023.01.01 20:20,245.050000,245.100000,245.000000,245.050000,288.330000
2023.01.01 20:21,245.050000,245.100000,245.050000,245.100000,29.580000
2023.01.01 20:22,245.100000,245.100000,245.050000,245.100000,31.020000
2023.01.01 20:23,245.100000,245.300000,245.100000,245.200000,869.200000
2023.01.01 20:24,245.200000,245.300000,245.150000,245.300000,256.310000
2023.01.01 20:25,245.300000,245.300000,245.250000,245.250000,33.920000
2023.01.01 20:26,245.250000,245.400000,245.200000,245.350000,543.680000
2023.01.01 20:27,245.350000,245.350000,245.100000,245.100000,638.750000
2023.01.01 20:28,245.100000,245.150000,245.050000,245.050000,10.770000
2023.01.01 20:29,245.050000,245.100000,245.000000,245.000000,25.240000
2023.01.01 20:30,245.000000,245.050000,245.000000,245.000000,4.470000
2023.01.01 20:31,245.000000,245.100000,245.000000,245.050000,154.170000
2023.01.01 20:32,245.050000,245.100000,245.050000,245.050000,17.180000
2023.01.01 20:33,245.050000,245.100000,244.950000,245.000000,67.930000
2023.01.01 20:34,245.000000,245.000000,244.950000,244.950000,127.970000
2023.01.01 20:35,244.950000,245.000000,244.950000,244.950000,5.580000
2023.01.01 20:36,244.950000,244.950000,244.950000,244.950000,32.890000
2023.01.01 20:37,244.950000,245.000000,244.950000,244.950000,0.880000
2023.01.01 20:38,244.950000,245.000000,244.950000,245.000000,2.370000
2023.01.01 20:39,245.000000,245.050000,244.950000,244.950000,958.360000
2023.01.01 20:40,244.950000,244.950000,244.950000,244.950000,0.000000
2023.01.01 20:41,244.950000,245.000000,244.950000,245.000000,1.000000
2023.01.01 20:42,245.000000,245.000000,244.850000,244.900000,1113.550000
2023.01.01 20:43,244.900000,244.950000,244.900000,244.950000,3.210000
2023.01.01 20:44,244.950000,244.950000,244.900000,244.950000,14.810000
2023.01.01 20:45,244.950000,244.950000,244.950000,244.950000,5.690000
2023.01.01 20:46,244.950000,244.950000,244.900000,244.950000,48.560000
2023.01.01 20:47,244.950000,244.950000,244.950000,244.950000,0.000000
2023.01.01 20:48,244.950000,244.950000,244.900000,244.950000,6.120000
2023.01.01 20:49,244.950000,245.150000,244.900000,245.100000,57.130000
2023.01.01 20:50,245.100000,245.100000,245.100000,245.100000,0.610000
2023.01.01 20:51,245.100000,245.150000,245.100000,245.100000,16.730000
2023.01.01 20:52,245.100000,245.150000,245.100000,245.150000,0.020000
2023.01.01 20:53,245.150000,245.150000,245.100000,245.100000,0.050000
2023.01.01 20:54,245.100000,245.150000,245.100000,245.100000,6.110000
2023.01.01 20:55,245.100000,245.150000,245.100000,245.150000,0.020000
2023.01.01 20:56,245.150000,245.150000,245.150000,245.150000,8.440000
2023.01.01 20:57,245.150000,245.150000,245.100000,245.150000,8.050000
2023.01.01 20:58,245.150000,245.300000,245.100000,245.250000,231.250000
2023.01.01 20:59,245.250000,245.350000,245.250000,245.350000,16.010000
2023.01.01 21:00,245.350000,245.400000,245.300000,245.350000,260.270000
2023.01.01 21:01,245.350000,245.400000,245.350000,245.350000,0.560000
2023.01.01 21:02,245.350000,245.400000,245.350000,245.350000,26.430000
2023.01.01 21:03,245.350000,245.400000,245.350000,245.400000,31.010000
2023.01.01 21:04,245.400000,245.400000,245.350000,245.400000,17.250000
2023.01.01 21:05,245.400000,245.400000,245.350000,245.400000,389.780000
2023.01.01 21:06,245.400000,245.400000,245.350000,245.350000,158.110000
2023.01.01 21:07,245.350000,245.400000,245.350000,245.350000,2.010000
2023.01.01 21:08,245.350000,245.550000,245.350000,245.500000,194.450000
2023.01.01 21:09,245.500000,245.600000,245.500000,245.500000,436.300000
2023.01.01 21:10,245.500000,245.500000,245.400000,245.450000,156.750000
2023.01.01 21:11,245.450000,245.600000,245.400000,245.600000,168.320000
2023.01.01 21:12,245.600000,245.600000,245.400000,245.400000,151.040000
2023.01.01 21:13,245.400000,245.450000,245.350000,245.400000,61.750000
2023.01.01 21:14,245.400000,245.400000,245.350000,245.350000,4.820000
2023.01.01 21:15,245.350000,245.350000,245.350000,245.350000,0.110000
2023.01.01 21:16,245.350000,245.400000,245.350000,245.400000,334.190000
2023.01.01 21:17,245.400000,245.400000,245.350000,245.400000,40.420000
2023.01.01 21:18,245.400000,245.400000,245.400000,245.400000,8.120000
2023.01.01 21:19,245.400000,245.400000,245.300000,245.300000,236.770000
2023.01.01 21:20,245.300000,245.300000,245.250000,245.300000,27.640000
2023.01.01 21:21,245.300000,245.300000,245.200000,245.250000,29.430000
2023.01.01 21:22,245.250000,245.300000,245.200000,245.300000,5.900000
2023.01.01 21:23,245.300000,245.300000,245.150000,245.150000,625.620000
2023.01.01 21:24,245.150000,245.200000,245.150000,245.150000,15.920000
2023.01.01 21:25,245.150000,245.200000,245.150000,245.200000,2.700000
2023.01.01 21:26,245.200000,245.200000,245.100000,245.150000,949.260000
2023.01.01 21:27,245.150000,245.200000,245.150000,245.150000,4.050000
2023.01.01 21:28,245.150000,245.250000,245.150000,245.250000,3.570000
2023.01.01 21:29,245.250000,245.250000,245.200000,245.200000,53.660000
2023.01.01 21:30,245.200000,245.250000,245.200000,245.250000,7.880000
2023.01.01 21:31,245.250000,245.250000,245.100000,245.150000,223.570000
2023.01.01 21:32,245.150000,245.150000,245.100000,245.150000,390.390000
2023.01.01 21:33,245.150000,245.150000,245.100000,245.150000,12.240000
2023.01.01 21:34,245.150000,245.300000,245.100000,245.300000,244.530000
2023.01.01 21:35,245.300000,245.350000,245.250000,245.350000,7.270000
2023.01.01 21:36,245.350000,245.350000,245.200000,245.250000,49.430000
2023.01.01 21:37,245.250000,245.250000,245.200000,245.200000,3.420000
2023.01.01 21:38,245.200000,245.300000,245.200000,245.300000,112.730000
2023.01.01 21:39,245.300000,245.300000,245.250000,245.250000,0.490000
2023.01.01 21:40,245.250000,245.250000,245.200000,245.250000,79.780000
2023.01.01 21:41,245.250000,245.250000,245.200000,245.200000,14.630000
2023.01.01 21:42,245.200000,245.250000,245.200000,245.250000,99.810000
2023.01.01 21:43,245.250000,245.250000,245.250000,245.250000,57.040000
2023.01.01 21:44,245.250000,245.250000,245.250000,245.250000,0.000000
2023.01.01 21:45,245.250000,245.250000,245.100000,245.150000,197.550000
2023.01.01 21:46,245.150000,245.150000,244.900000,244.950000,441.640000
2023.01.01 21:47,244.950000,244.950000,244.800000,244.850000,107.990000
2023.01.01 21:48,244.850000,244.900000,244.850000,244.850000,11.450000
2023.01.01 21:49,244.850000,244.900000,244.850000,244.900000,3.120000
2023.01.01 21:50,244.900000,244.900000,244.850000,244.850000,0.980000
2023.01.01 21:51,244.850000,244.850000,244.850000,244.850000,0.960000
2023.01.01 21:52,244.850000,244.900000,244.850000,244.900000,0.840000
2023.01.01 21:53,244.900000,244.900000,244.850000,244.900000,127.160000
2023.01.01 21:54,244.900000,244.900000,244.850000,244.900000,5.410000
2023.01.01 21:55,244.900000,244.900000,244.600000,244.700000,740.320000
2023.01.01 21:56,244.700000,244.700000,244.650000,244.650000,9.980000
2023.01.01 21:57,244.650000,244.700000,244.650000,244.650000,8.230000
2023.01.01 21:58,244.650000,244.800000,244.650000,244.800000,244.570000
2023.01.01 21:59,244.800000,244.800000,244.750000,244.750000,10.830000
2023.01.01 22:00,244.750000,244.850000,244.700000,244.800000,45.580000
2023.01.01 22:01,244.800000,244.900000,244.800000,244.900000,16.880000
2023.01.01 22:02,244.900000,244.900000,244.900000,244.900000,200.570000
2023.01.01 22:03,244.900000,244.900000,244.900000,244.900000,16.010000
2023.01.01 22:04,244.900000,244.900000,244.900000,244.900000,1.230000
2023.01.01 22:05,244.900000,244.950000,244.850000,244.950000,41.050000
2023.01.01 22:06,244.950000,244.950000,244.950000,244.950000,0.000000
2023.01.01 22:07,244.950000,244.950000,244.900000,244.950000,54.140000
2023.01.01 22:08,244.950000,244.950000,244.950000,244.950000,0.010000
2023.01.01 22:09,244.950000,244.950000,244.950000,244.950000,0.000000
2023.01.01 22:10,244.950000,244.950000,244.900000,244.900000,8.930000
2023.01.01 22:11,244.900000,244.950000,244.900000,244.950000,0.970000
2023.01.01 22:12,244.950000,244.950000,244.900000,244.950000,6.980000
2023.01.01 22:13,244.950000,244.950000,244.900000,244.900000,11.340000
2023.01.01 22:14,244.900000,244.950000,244.900000,244.950000,28.610000
2023.01.01 22:15,244.950000,245.150000,244.950000,245.150000,97.800000
2023.01.01 22:16,245.150000,245.300000,245.100000,245.250000,159.720000
2023.01.01 22:17,245.250000,245.400000,245.250000,245.350000,545.310000
2023.01.01 22:18,245.350000,245.500000,245.350000,245.450000,559.230000
2023.01.01 22:19,245.450000,245.500000,245.450000,245.500000,422.820000
2023.01.01 22:20,245.500000,245.500000,245.400000,245.400000,34.300000
2023.01.01 22:21,245.400000,245.400000,245.300000,245.300000,167.710000
2023.01.01 22:22,245.300000,245.300000,245.300000,245.300000,1.000000
2023.01.01 22:23,245.300000,245.300000,245.300000,245.300000,0.360000
2023.01.01 22:24,245.300000,245.350000,245.300000,245.350000,24.000000
2023.01.01 22:25,245.350000,245.350000,245.300000,245.350000,10.130000
2023.01.01 22:26,245.350000,245.350000,245.300000,245.300000,5.190000
2023.01.01 22:27,245.300000,245.450000,245.300000,245.450000,46.770000
2023.01.01 22:28,245.450000,245.450000,245.400000,245.400000,74.760000
2023.01.01 22:29,245.400000,245.450000,245.400000,245.400000,8.560000
2023.01.01 22:30,245.400000,245.450000,245.400000,245.400000,29.370000
2023.01.01 22:31,245.400000,245.550000,245.350000,245.400000,62.880000
2023.01.01 22:32,245.400000,245.400000,245.250000,245.250000,1.920000
2023.01.01 22:33,245.250000,245.350000,245.250000,245.350000,53.220000
2023.01.01 22:34,245.350000,245.350000,245.250000,245.250000,20.010000
2023.01.01 22:35,245.250000,245.300000,245.250000,245.250000,9.140000
2023.01.01 22:36,245.250000,245.300000,245.250000,245.250000,5.800000
2023.01.01 22:37,245.250000,245.400000,245.250000,245.350000,42.330000
2023.01.01 22:38,245.350000,245.450000,245.350000,245.400000,180.880000
2023.01.01 22:39,245.400000,245.400000,245.400000,245.400000,0.000000
2023.01.01 22:40,245.400000,245.400000,245.350000,245.350000,3.100000
2023.01.01 22:41,245.350000,245.350000,245.350000,245.350000,0.020000
2023.01.01 22:42,245.350000,245.350000,245.350000,245.350000,0.680000
2023.01.01 22:43,245.350000,245.350000,245.350000,245.350000,0.600000
2023.01.01 22:44,245.350000,245.400000,245.200000,245.250000,75.830000
2023.01.01 22:45,245.250000,245.250000,245.200000,245.200000,27.610000
2023.01.01 22:46,245.200000,245.250000,245.200000,245.250000,17.440000
2023.01.01 22:47,245.250000,245.250000,245.200000,245.200000,1.230000
2023.01.01 22:48,245.200000,245.200000,245.150000,245.150000,28.570000
2023.01.01 22:49,245.150000,245.200000,245.150000,245.150000,197.380000
2023.01.01 22:50,245.150000,245.150000,245.150000,245.150000,9.510000
2023.01.01 22:51,245.150000,245.200000,245.150000,245.200000,2.430000
2023.01.01 22:52,245.200000,245.200000,245.150000,245.150000,12.660000
2023.01.01 22:53,245.150000,245.200000,245.150000,245.200000,4.280000
2023.01.01 22:54,245.200000,245.200000,245.100000,245.150000,28.720000
2023.01.01 22:55,245.150000,245.150000,245.050000,245.050000,49.470000
2023.01.01 22:56,245.050000,245.100000,245.050000,245.050000,71.740000
2023.01.01 22:57,245.050000,245.050000,245.000000,245.000000,2.640000
2023.01.01 22:58,245.000000,245.100000,245.000000,245.100000,37.570000
2023.01.01 22:59,245.100000,245.100000,245.050000,245.050000,1.360000
2023.01.01 23:00,245.050000,245.100000,245.050000,245.100000,59.500000
2023.01.01 23:01,245.100000,245.200000,245.100000,245.150000,6.990000
2023.01.01 23:02,245.150000,245.200000,245.150000,245.200000,74.330000
2023.01.01 23:03,245.200000,245.200000,245.150000,245.150000,0.040000
2023.01.01 23:04,245.150000,245.150000,245.150000,245.150000,1.880000
2023.01.01 23:05,245.150000,245.250000,245.150000,245.250000,253.820000
2023.01.01 23:06,245.250000,245.250000,245.200000,245.200000,51.500000
2023.01.01 23:07,245.200000,245.200000,245.150000,245.150000,137.890000
2023.01.01 23:08,245.150000,245.200000,245.150000,245.200000,10.300000
2023.01.01 23:09,245.200000,245.200000,245.150000,245.200000,44.370000
2023.01.01 23:10,245.200000,245.200000,245.150000,245.200000,15.780000
2023.01.01 23:11,245.200000,245.250000,245.200000,245.200000,0.230000
2023.01.01 23:12,245.200000,245.250000,245.200000,245.200000,14.050000
2023.01.01 23:13,245.200000,245.200000,245.200000,245.200000,0.010000
2023.01.01 23:14,245.200000,245.200000,245.200000,245.200000,6.320000
2023.01.01 23:15,245.200000,245.250000,245.200000,245.250000,45.340000
2023.01.01 23:16,245.250000,245.350000,245.250000,245.300000,171.830000
2023.01.01 23:17,245.300000,245.350000,245.300000,245.300000,2.000000
2023.01.01 23:18,245.300000,245.400000,245.300000,245.350000,103.680000
2023.01.01 23:19,245.350000,245.350000,245.350000,245.350000,0.010000
