2023.01.01 00:00,16581.000000,16584.000000,16580.500000,16584.000000,46.285000
2023.01.01 00:05,16584.000000,16584.000000,16583.500000,16584.000000,30.234000
2023.01.01 00:10,16584.000000,16584.000000,16583.500000,16584.000000,38.108000
2023.01.01 00:15,16584.000000,16584.500000,16582.500000,16583.000000,31.046000
2023.01.01 00:20,16583.000000,16583.000000,16577.000000,16577.500000,89.953000
2023.01.01 00:25,16577.500000,16577.500000,16574.500000,16577.000000,79.666000
2023.01.01 00:30,16577.000000,16577.500000,16574.000000,16574.500000,58.333000
2023.01.01 00:35,16574.500000,16576.000000,16572.500000,16573.000000,116.161000
2023.01.01 00:40,16573.000000,16573.500000,16573.000000,16573.500000,37.658000
2023.01.01 00:45,16573.500000,16573.500000,16565.500000,16567.500000,232.919000
2023.01.01 00:50,16567.500000,16567.500000,16554.500000,16560.000000,298.004000
2023.01.01 00:55,16560.000000,16560.500000,16560.000000,16560.000000,67.555000
2023.01.01 01:00,16560.000000,16560.500000,16558.500000,16559.000000,68.366000
2023.01.01 01:05,16559.000000,16563.500000,16558.500000,16563.000000,278.542000
2023.01.01 01:10,16563.000000,16583.500000,16563.000000,16583.000000,294.451000
2023.01.01 01:15,16583.000000,16583.000000,16508.000000,16546.500000,1751.694000
2023.01.01 01:20,16546.500000,16552.000000,16541.000000,16545.000000,206.063000
2023.01.01 01:25,16545.000000,16568.500000,16544.500000,16557.000000,199.789000
2023.01.01 01:30,16557.000000,16569.000000,16557.000000,16563.000000,265.757000
2023.01.01 01:35,16563.000000,16563.000000,16544.500000,16546.000000,165.466000
2023.01.01 01:40,16546.000000,16552.000000,16528.500000,16551.500000,295.414000
2023.01.01 01:45,16551.500000,16552.000000,16533.000000,16534.000000,78.281000
2023.01.01 01:50,16534.000000,16550.500000,16480.500000,16533.000000,1687.072000
2023.01.01 01:55,16533.000000,16538.000000,16528.000000,16535.500000,151.142000
2023.01.01 02:00,16535.500000,16541.500000,16518.000000,16522.000000,421.825000
2023.01.01 02:05,16522.000000,16530.000000,16508.000000,16508.000000,309.556000
2023.01.01 02:10,16508.000000,16517.500000,16504.500000,16517.000000,330.164000
2023.01.01 02:15,16517.000000,16541.500000,16517.000000,16541.000000,250.217000
2023.01.01 02:20,16541.000000,16544.500000,16539.000000,16544.000000,120.785000
2023.01.01 02:25,16544.000000,16544.500000,16535.500000,16540.500000,103.911000
2023.01.01 02:30,16540.500000,16553.000000,16539.000000,16552.500000,183.054000
2023.01.01 02:35,16552.500000,16564.000000,16552.000000,16563.500000,191.450000
2023.01.01 02:40,16563.500000,16563.500000,16558.500000,16559.000000,99.162000
2023.01.01 02:45,16559.000000,16559.000000,16550.000000,16550.500000,160.632000
2023.01.01 02:50,16550.500000,16550.500000,16548.500000,16548.500000,86.220000
2023.01.01 02:55,16548.500000,16550.000000,16548.000000,16549.500000,55.854000
2023.01.01 03:00,16549.500000,16551.500000,16541.500000,16545.000000,119.659000
2023.01.01 03:05,16545.000000,16549.000000,16534.000000,16535.000000,132.383000
2023.01.01 03:10,16535.000000,16540.500000,16534.000000,16534.000000,88.343000
2023.01.01 03:15,16534.000000,16548.000000,16531.500000,16548.000000,91.410000
2023.01.01 03:20,16548.000000,16550.500000,16546.000000,16547.000000,89.489000
2023.01.01 03:25,16547.000000,16556.000000,16547.000000,16555.500000,66.991000
2023.01.01 03:30,16555.500000,16556.000000,16537.500000,16537.500000,124.931000
2023.01.01 03:35,16537.500000,16539.500000,16524.000000,16539.000000,304.178000
2023.01.01 03:40,16539.000000,16539.500000,16529.000000,16534.500000,66.260000
2023.01.01 03:45,16534.500000,16547.500000,16534.500000,16547.500000,35.801000
2023.01.01 03:50,16547.500000,16547.500000,16545.000000,16545.500000,23.309000
2023.01.01 03:55,16545.500000,16545.500000,16545.000000,16545.000000,59.271000
2023.01.01 04:00,16545.000000,16552.500000,16544.000000,16548.000000,66.715000
2023.01.01 04:05,16548.000000,16552.500000,16548.000000,16552.000000,22.384000
2023.01.01 04:10,16552.000000,16555.000000,16552.000000,16554.500000,25.103000
2023.01.01 04:15,16554.500000,16555.000000,16551.000000,16551.000000,45.144000
2023.01.01 04:20,16551.000000,16551.500000,16548.000000,16548.000000,25.902000
2023.01.01 04:25,16548.000000,16550.000000,16548.000000,16549.500000,30.776000
2023.01.01 04:30,16549.500000,16550.000000,16549.500000,16549.500000,22.133000
2023.01.01 04:35,16549.500000,16555.000000,16549.500000,16554.500000,35.867000
2023.01.01 04:40,16554.500000,16557.000000,16553.500000,16557.000000,93.871000
2023.01.01 04:45,16557.000000,16561.000000,16556.500000,16560.500000,42.990000
2023.01.01 04:50,16560.500000,16565.500000,16560.500000,16561.500000,54.869000
2023.01.01 04:55,16561.500000,16570.000000,16561.500000,16570.000000,154.594000
2023.01.01 05:00,16570.000000,16570.000000,16563.000000,16563.000000,77.143000
2023.01.01 05:05,16563.000000,16563.500000,16563.000000,16563.500000,26.011000
2023.01.01 05:10,16563.500000,16570.000000,16563.000000,16565.500000,124.753000
2023.01.01 05:15,16565.500000,16571.500000,16565.500000,16571.000000,82.225000
2023.01.01 05:20,16571.000000,16571.500000,16568.500000,16568.500000,66.440000
2023.01.01 05:25,16568.500000,16571.500000,16568.500000,16571.000000,86.583000
2023.01.01 05:30,16571.000000,16577.500000,16571.000000,16577.000000,109.762000
2023.01.01 05:35,16577.000000,16577.500000,16571.000000,16571.500000,89.619000
2023.01.01 05:40,16571.500000,16571.500000,16562.000000,16562.500000,68.171000
2023.01.01 05:45,16562.500000,16564.000000,16562.000000,16563.500000,21.988000
2023.01.01 05:50,16563.500000,16564.000000,16563.500000,16564.000000,15.283000
2023.01.01 05:55,16564.000000,16564.000000,16563.500000,16563.500000,6.658000
2023.01.01 06:00,16563.500000,16564.000000,16541.000000,16549.000000,382.367000
2023.01.01 06:05,16549.000000,16549.000000,16548.500000,16548.500000,35.042000
2023.01.01 06:10,16548.500000,16549.000000,16548.500000,16548.500000,60.191000
2023.01.01 06:15,16548.500000,16549.000000,16540.500000,16540.500000,54.025000
2023.01.01 06:20,16540.500000,16548.500000,16540.500000,16547.500000,63.089000
2023.01.01 06:25,16547.500000,16547.500000,16545.500000,16545.500000,37.773000
2023.01.01 06:30,16545.500000,16548.500000,16545.000000,16548.500000,27.899000
2023.01.01 06:35,16548.500000,16552.000000,16548.000000,16551.500000,26.782000
2023.01.01 06:40,16551.500000,16552.500000,16551.500000,16552.000000,36.998000
2023.01.01 06:45,16552.000000,16552.500000,16549.500000,16550.000000,18.247000
2023.01.01 06:50,16550.000000,16552.500000,16549.500000,16552.000000,37.766000
2023.01.01 06:55,16552.000000,16553.000000,16552.000000,16553.000000,18.307000
2023.01.01 07:00,16553.000000,16553.000000,16552.500000,16553.000000,8.614000
2023.01.01 07:05,16553.000000,16553.000000,16544.500000,16546.500000,88.093000
2023.01.01 07:10,16546.500000,16546.500000,16545.000000,16545.500000,12.912000
2023.01.01 07:15,16545.500000,16545.500000,16543.000000,16543.500000,23.795000
2023.01.01 07:20,16543.500000,16543.500000,16535.000000,16535.500000,148.132000
2023.01.01 07:25,16535.500000,16536.000000,16535.500000,16536.000000,71.540000
2023.01.01 07:30,16536.000000,16536.000000,16535.000000,16535.000000,27.132000
2023.01.01 07:35,16535.000000,16538.500000,16535.000000,16538.000000,62.803000
2023.01.01 07:40,16538.000000,16538.500000,16535.000000,16535.000000,24.321000
2023.01.01 07:45,16535.000000,16535.500000,16535.000000,16535.500000,57.845000
2023.01.01 07:50,16535.500000,16541.500000,16535.000000,16536.000000,67.519000
2023.01.01 07:55,16536.000000,16536.500000,16529.000000,16534.500000,112.266000
2023.01.01 08:00,16534.500000,16537.500000,16534.500000,16537.000000,24.306000
2023.01.01 08:05,16537.000000,16537.500000,16532.500000,16533.000000,29.299000
2023.01.01 08:10,16533.000000,16533.000000,16527.500000,16529.500000,81.631000
2023.01.01 08:15,16529.500000,16534.000000,16529.500000,16534.000000,91.880000
2023.01.01 08:20,16534.000000,16534.000000,16529.000000,16530.500000,33.053000
2023.01.01 08:25,16530.500000,16534.000000,16530.500000,16533.500000,32.765000
2023.01.01 08:30,16533.500000,16534.000000,16532.000000,16532.000000,21.297000
2023.01.01 08:35,16532.000000,16532.500000,16532.000000,16532.000000,10.702000
2023.01.01 08:40,16532.000000,16532.500000,16532.000000,16532.000000,16.434000
2023.01.01 08:45,16532.000000,16535.500000,16532.000000,16535.500000,44.842000
2023.01.01 08:50,16535.500000,16537.500000,16535.500000,16537.000000,71.290000
2023.01.01 08:55,16537.000000,16547.000000,16537.000000,16547.000000,126.755000
2023.01.01 09:00,16547.000000,16556.500000,16546.500000,16556.500000,117.368000
2023.01.01 09:05,16556.500000,16556.500000,16548.000000,16550.500000,87.529000
2023.01.01 09:10,16550.500000,16551.000000,16550.500000,16550.500000,16.375000
2023.01.01 09:15,16550.500000,16559.500000,16550.500000,16559.000000,62.061000
2023.01.01 09:20,16559.000000,16559.500000,16555.000000,16555.000000,47.910000
2023.01.01 09:25,16555.000000,16560.000000,16555.000000,16558.000000,39.882000
2023.01.01 09:30,16558.000000,16558.500000,16553.000000,16553.500000,55.049000
2023.01.01 09:35,16553.500000,16553.500000,16553.000000,16553.000000,13.465000
2023.01.01 09:40,16553.000000,16553.500000,16553.000000,16553.000000,24.156000
2023.01.01 09:45,16553.000000,16556.000000,16553.000000,16556.000000,76.590000
2023.01.01 09:50,16556.000000,16556.000000,16553.500000,16553.500000,16.237000
2023.01.01 09:55,16553.500000,16554.000000,16553.500000,16553.500000,26.812000
2023.01.01 10:00,16553.500000,16554.500000,16553.500000,16554.500000,23.868000
2023.01.01 10:05,16554.500000,16554.500000,16541.500000,16546.000000,189.782000
2023.01.01 10:10,16546.000000,16546.500000,16532.000000,16537.000000,576.078000
2023.01.01 10:15,16537.000000,16537.000000,16511.000000,16517.000000,409.669000
2023.01.01 10:20,16517.000000,16517.500000,16517.000000,16517.500000,79.593000
2023.01.01 10:25,16517.500000,16530.000000,16513.000000,16529.500000,194.428000
2023.01.01 10:30,16529.500000,16530.000000,16526.500000,16527.000000,35.183000
2023.01.01 10:35,16527.000000,16529.000000,16516.500000,16529.000000,190.692000
2023.01.01 10:40,16529.000000,16538.000000,16528.500000,16537.500000,57.671000
2023.01.01 10:45,16537.500000,16538.000000,16537.500000,16538.000000,30.324000
2023.01.01 10:50,16538.000000,16540.000000,16535.000000,16535.500000,85.793000
2023.01.01 10:55,16535.500000,16539.500000,16535.000000,16537.500000,93.004000
2023.01.01 11:00,16537.500000,16538.000000,16537.000000,16537.500000,45.978000
2023.01.01 11:05,16537.500000,16539.000000,16530.000000,16530.000000,169.596000
2023.01.01 11:10,16530.000000,16530.500000,16527.000000,16527.500000,46.464000
2023.01.01 11:15,16527.500000,16532.500000,16523.000000,16532.000000,58.252000
2023.01.01 11:20,16532.000000,16533.500000,16532.000000,16533.000000,27.309000
2023.01.01 11:25,16533.000000,16533.500000,16533.000000,16533.500000,39.457000
2023.01.01 11:30,16533.500000,16535.000000,16532.000000,16534.500000,102.603000
2023.01.01 11:35,16534.500000,16535.000000,16526.000000,16526.500000,65.213000
2023.01.01 11:40,16526.500000,16527.000000,16520.000000,16520.500000,195.506000
2023.01.01 11:45,16520.500000,16520.500000,16520.000000,16520.000000,22.835000
2023.01.01 11:50,16520.000000,16520.500000,16520.000000,16520.000000,56.253000
2023.01.01 11:55,16520.000000,16522.000000,16520.000000,16522.000000,70.997000
2023.01.01 12:00,16522.000000,16522.000000,16521.500000,16521.500000,73.872000
2023.01.01 12:05,16521.500000,16522.000000,16519.000000,16519.000000,82.037000
2023.01.01 12:10,16519.000000,16523.500000,16519.000000,16523.000000,148.576000
2023.01.01 12:15,16523.000000,16528.000000,16523.000000,16528.000000,57.323000
2023.01.01 12:20,16528.000000,16532.500000,16527.500000,16532.500000,66.051000
2023.01.01 12:25,16532.500000,16533.500000,16527.500000,16527.500000,62.655000
2023.01.01 12:30,16527.500000,16531.000000,16527.500000,16530.500000,48.404000
2023.01.01 12:35,16530.500000,16533.500000,16530.500000,16533.500000,29.953000
2023.01.01 12:40,16533.500000,16542.000000,16533.000000,16541.500000,62.516000
2023.01.01 12:45,16541.500000,16543.000000,16539.000000,16541.500000,48.573000
2023.01.01 12:50,16541.500000,16543.000000,16541.500000,16542.500000,79.896000
2023.01.01 12:55,16542.500000,16553.500000,16542.500000,16553.500000,236.398000
2023.01.01 13:00,16553.500000,16553.500000,16549.500000,16549.500000,121.721000
2023.01.01 13:05,16549.500000,16550.000000,16549.500000,16550.000000,27.105000
2023.01.01 13:10,16550.000000,16553.000000,16549.500000,16552.500000,74.658000
2023.01.01 13:15,16552.500000,16559.500000,16552.500000,16557.500000,123.689000
2023.01.01 13:20,16557.500000,16557.500000,16557.000000,16557.000000,53.855000
2023.01.01 13:25,16557.000000,16559.000000,16557.000000,16559.000000,50.636000
2023.01.01 13:30,16559.000000,16559.000000,16557.500000,16557.500000,57.032000
2023.01.01 13:35,16557.500000,16558.000000,16551.500000,16553.500000,111.573000
2023.01.01 13:40,16553.500000,16553.500000,16553.000000,16553.500000,31.309000
2023.01.01 13:45,16553.500000,16553.500000,16553.000000,16553.000000,22.539000
2023.01.01 13:50,16553.000000,16553.500000,16553.000000,16553.500000,14.602000
2023.01.01 13:55,16553.500000,16560.000000,16553.000000,16559.500000,53.931000
2023.01.01 14:00,16559.500000,16564.000000,16559.500000,16562.000000,100.388000
2023.01.01 14:05,16562.000000,16562.500000,16560.000000,16560.000000,117.512000
2023.01.01 14:10,16560.000000,16565.000000,16560.000000,16565.000000,98.444000
2023.01.01 14:15,16565.000000,16565.000000,16555.500000,16556.000000,189.638000
2023.01.01 14:20,16556.000000,16558.000000,16555.500000,16558.000000,42.059000
2023.01.01 14:25,16558.000000,16558.000000,16557.500000,16557.500000,32.245000
2023.01.01 14:30,16557.500000,16558.000000,16557.000000,16557.500000,31.385000
2023.01.01 14:35,16557.500000,16557.500000,16557.000000,16557.500000,33.088000
2023.01.01 14:40,16557.500000,16559.000000,16557.000000,16558.500000,18.844000
2023.01.01 14:45,16558.500000,16563.000000,16558.500000,16562.000000,67.095000
2023.01.01 14:50,16562.000000,16562.000000,16561.500000,16562.000000,38.053000
2023.01.01 14:55,16562.000000,16569.000000,16561.500000,16568.500000,151.611000
2023.01.01 15:00,16568.500000,16571.500000,16568.500000,16571.000000,116.280000
2023.01.01 15:05,16571.000000,16571.500000,16563.500000,16563.500000,160.186000
2023.01.01 15:10,16563.500000,16579.000000,16563.500000,16576.500000,281.050000
2023.01.01 15:15,16576.500000,16579.000000,16574.500000,16575.000000,101.755000
2023.01.01 15:20,16575.000000,16575.000000,16571.500000,16571.500000,94.673000
2023.01.01 15:25,16571.500000,16578.500000,16571.000000,16578.500000,101.596000
2023.01.01 15:30,16578.500000,16582.000000,16570.500000,16571.000000,194.491000
2023.01.01 15:35,16571.000000,16571.000000,16570.500000,16570.500000,41.335000
2023.01.01 15:40,16570.500000,16571.000000,16570.500000,16571.000000,35.651000
2023.01.01 15:45,16571.000000,16573.500000,16570.500000,16573.000000,38.723000
2023.01.01 15:50,16573.000000,16573.500000,16573.000000,16573.500000,29.388000
2023.01.01 15:55,16573.500000,16575.000000,16573.500000,16575.000000,204.861000
2023.01.01 16:00,16575.000000,16575.000000,16574.500000,16575.000000,38.128000
2023.01.01 16:05,16575.000000,16580.000000,16574.500000,16580.000000,213.938000
2023.01.01 16:10,16580.000000,16580.000000,16566.000000,16568.500000,210.643000
2023.01.01 16:15,16568.500000,16569.000000,16559.000000,16559.000000,192.120000
2023.01.01 16:20,16559.000000,16559.500000,16559.000000,16559.500000,29.676000
2023.01.01 16:25,16559.500000,16559.500000,16559.000000,16559.500000,64.720000
2023.01.01 16:30,16559.500000,16561.000000,16559.000000,16560.500000,39.412000
2023.01.01 16:35,16560.500000,16561.000000,16555.500000,16557.500000,120.217000
2023.01.01 16:40,16557.500000,16558.500000,16557.000000,16558.500000,62.937000
2023.01.01 16:45,16558.500000,16558.500000,16555.000000,16555.000000,68.891000
2023.01.01 16:50,16555.000000,16555.500000,16554.000000,16554.000000,123.396000
2023.01.01 16:55,16554.000000,16554.500000,16554.000000,16554.500000,32.739000
2023.01.01 17:00,16554.500000,16560.500000,16554.000000,16560.500000,90.108000
2023.01.01 17:05,16560.500000,16562.000000,16559.000000,16559.500000,65.746000
2023.01.01 17:10,16559.500000,16563.500000,16559.000000,16563.000000,48.065000
2023.01.01 17:15,16563.000000,16563.500000,16563.000000,16563.500000,30.068000
2023.01.01 17:20,16563.500000,16563.500000,16563.000000,16563.000000,16.043000
2023.01.01 17:25,16563.000000,16567.500000,16563.000000,16567.500000,59.485000
2023.01.01 17:30,16567.500000,16569.000000,16567.000000,16568.500000,68.926000
2023.01.01 17:35,16568.500000,16569.000000,16568.500000,16568.500000,61.573000
2023.01.01 17:40,16568.500000,16569.000000,16564.500000,16564.500000,64.651000
2023.01.01 17:45,16564.500000,16565.000000,16560.000000,16560.000000,104.422000
2023.01.01 17:50,16560.000000,16560.500000,16560.000000,16560.000000,13.064000
2023.01.01 17:55,16560.000000,16560.500000,16560.000000,16560.500000,104.191000
2023.01.01 18:00,16560.500000,16560.500000,16560.000000,16560.500000,51.588000
2023.01.01 18:05,16560.500000,16560.500000,16560.000000,16560.500000,17.367000
2023.01.01 18:10,16560.500000,16560.500000,16560.000000,16560.000000,10.023000
2023.01.01 18:15,16560.000000,16560.500000,16560.000000,16560.500000,16.983000
2023.01.01 18:20,16560.500000,16560.500000,16550.500000,16550.500000,82.164000
2023.01.01 18:25,16550.500000,16555.500000,16550.500000,16555.500000,86.072000
2023.01.01 18:30,16555.500000,16556.000000,16555.000000,16556.000000,30.745000
2023.01.01 18:35,16556.000000,16557.000000,16555.500000,16557.000000,37.135000
2023.01.01 18:40,16557.000000,16558.500000,16556.500000,16558.500000,18.520000
2023.01.01 18:45,16558.500000,16560.500000,16558.000000,16560.500000,57.024000
2023.01.01 18:50,16560.500000,16560.500000,16560.000000,16560.000000,22.678000
2023.01.01 18:55,16560.000000,16575.000000,16560.000000,16574.000000,207.313000
2023.01.01 19:00,16574.000000,16592.500000,16573.500000,16575.000000,588.519000
2023.01.01 19:05,16575.000000,16580.000000,16574.500000,16578.000000,79.514000
2023.01.01 19:10,16578.000000,16578.500000,16571.000000,16571.500000,39.298000
2023.01.01 19:15,16571.500000,16583.000000,16571.000000,16582.500000,144.677000
2023.01.01 19:20,16582.500000,16583.000000,16578.500000,16580.000000,55.934000
2023.01.01 19:25,16580.000000,16589.000000,16580.000000,16589.000000,109.202000
2023.01.01 19:30,16589.000000,16592.500000,16584.500000,16592.500000,149.987000
2023.01.01 19:35,16592.500000,16592.500000,16585.500000,16586.000000,53.529000
2023.01.01 19:40,16586.000000,16586.000000,16569.500000,16572.500000,191.538000
2023.01.01 19:45,16572.500000,16581.000000,16572.500000,16581.000000,49.578000
2023.01.01 19:50,16581.000000,16581.000000,16574.000000,16574.500000,41.157000
2023.01.01 19:55,16574.500000,16576.500000,16574.000000,16575.500000,78.547000
2023.01.01 20:00,16575.500000,16582.500000,16575.000000,16576.000000,53.799000
2023.01.01 20:05,16576.000000,16580.000000,16576.000000,16579.500000,32.138000
2023.01.01 20:10,16579.500000,16580.000000,16579.500000,16579.500000,30.043000
2023.01.01 20:15,16579.500000,16589.000000,16579.500000,16587.000000,126.198000
2023.01.01 20:20,16587.000000,16596.000000,16587.000000,16595.000000,299.144000
2023.01.01 20:25,16595.000000,16609.500000,16592.000000,16592.500000,633.129000
2023.01.01 20:30,16592.500000,16592.500000,16587.500000,16588.000000,403.556000
2023.01.01 20:35,16588.000000,16588.000000,16584.500000,16585.000000,32.636000
2023.01.01 20:40,16585.000000,16592.500000,16584.500000,16592.000000,101.649000
2023.01.01 20:45,16592.000000,16593.000000,16588.000000,16588.000000,62.025000
2023.01.01 20:50,16588.000000,16593.000000,16585.000000,16585.000000,101.748000
2023.01.01 20:55,16585.000000,16589.500000,16585.000000,16589.500000,64.588000
2023.01.01 21:00,16589.500000,16607.000000,16589.000000,16602.000000,259.333000
2023.01.01 21:05,16602.000000,16608.000000,16598.000000,16605.000000,203.309000
2023.01.01 21:10,16605.000000,16609.000000,16597.500000,16600.500000,164.786000
2023.01.01 21:15,16600.500000,16601.000000,16600.000000,16600.500000,37.715000
2023.01.01 21:20,16600.500000,16600.500000,16598.000000,16600.500000,92.571000
2023.01.01 21:25,16600.500000,16600.500000,16600.000000,16600.500000,21.102000
2023.01.01 21:30,16600.500000,16602.500000,16597.000000,16602.000000,61.575000
2023.01.01 21:35,16602.000000,16604.000000,16601.500000,16601.500000,118.035000
2023.01.01 21:40,16601.500000,16604.500000,16601.500000,16604.500000,12.710000
2023.01.01 21:45,16604.500000,16604.500000,16594.500000,16594.500000,66.413000
2023.01.01 21:50,16594.500000,16600.000000,16594.500000,16599.000000,53.253000
2023.01.01 21:55,16599.000000,16599.000000,16595.500000,16595.500000,37.193000
2023.01.01 22:00,16595.500000,16607.500000,16595.500000,16607.500000,80.966000
2023.01.01 22:05,16607.500000,16613.000000,16607.000000,16613.000000,194.522000
2023.01.01 22:10,16613.000000,16616.000000,16612.000000,16615.500000,103.468000
2023.01.01 22:15,16615.500000,16626.500000,16614.500000,16621.500000,432.961000
2023.01.01 22:20,16621.500000,16621.500000,16612.500000,16613.000000,90.948000
2023.01.01 22:25,16613.000000,16631.000000,16613.000000,16629.500000,213.014000
2023.01.01 22:30,16629.500000,16629.500000,16620.000000,16620.500000,187.424000
2023.01.01 22:35,16620.500000,16625.500000,16620.000000,16625.500000,101.893000
2023.01.01 22:40,16625.500000,16626.000000,16620.500000,16621.000000,52.117000
2023.01.01 22:45,16621.000000,16621.000000,16611.000000,16611.000000,94.478000
2023.01.01 22:50,16611.000000,16612.500000,16611.000000,16611.500000,127.444000
2023.01.01 22:55,16611.500000,16611.500000,16600.500000,16608.000000,204.250000
2023.01.01 23:00,16608.000000,16613.000000,16607.500000,16612.500000,89.709000
2023.01.01 23:05,16612.500000,16614.500000,16612.500000,16614.500000,50.828000
2023.01.01 23:10,16614.500000,16620.000000,16614.000000,16619.500000,118.608000
2023.01.01 23:15,16619.500000,16620.000000,16619.000000,16620.000000,58.277000
2023.01.01 23:20,16620.000000,16627.000000,16617.500000,16626.500000,101.368000
2023.01.01 23:25,16626.500000,16630.500000,16620.000000,16620.000000,135.928000
2023.01.01 23:30,16620.000000,16626.000000,16620.000000,16625.500000,52.648000
2023.01.01 23:35,16625.500000,16626.000000,16620.500000,16621.000000,55.819000
2023.01.01 23:40,16621.000000,16621.000000,16613.500000,16614.000000,89.478000
2023.01.01 23:45,16614.000000,16614.000000,16610.500000,16611.000000,42.054000
2023.01.01 23:50,16611.000000,16614.000000,16610.500000,16614.000000,53.806000
2023.01.01 23:55,16614.000000,16614.000000,16607.500000,16608.000000,47.899000
2023.01.02 00:00,16608.000000,16608.000000,16602.000000,16602.500000,115.853000
2023.01.02 00:05,16602.500000,16604.000000,16602.000000,16604.000000,56.698000
2023.01.02 00:10,16604.000000,16604.000000,16600.000000,16600.000000,84.039000
2023.01.02 00:15,16600.000000,16608.000000,16600.000000,16608.000000,55.580000
2023.01.02 00:20,16608.000000,16608.000000,16607.500000,16608.000000,33.870000
2023.01.02 00:25,16608.000000,16608.000000,16607.500000,16607.500000,11.233000
2023.01.02 00:30,16607.500000,16608.000000,16606.500000,16607.000000,30.545000
2023.01.02 00:35,16607.000000,16610.000000,16606.500000,16609.500000,75.303000
2023.01.02 00:40,16609.500000,16610.000000,16609.500000,16610.000000,15.182000
2023.01.02 00:45,16610.000000,16610.000000,16608.000000,16608.000000,56.422000
2023.01.02 00:50,16608.000000,16610.000000,16608.000000,16609.500000,30.209000
2023.01.02 00:55,16609.500000,16611.000000,16609.500000,16611.000000,51.181000
2023.01.02 01:00,16611.000000,16614.500000,16610.500000,16614.000000,28.433000
2023.01.02 01:05,16614.000000,16614.500000,16610.500000,16611.000000,59.933000
2023.01.02 01:10,16611.000000,16611.000000,16597.000000,16598.500000,262.489000
2023.01.02 01:15,16598.500000,16599.000000,16587.000000,16594.500000,242.025000
2023.01.02 01:20,16594.500000,16602.000000,16594.500000,16602.000000,66.675000
2023.01.02 01:25,16602.000000,16602.000000,16599.500000,16600.000000,37.818000
2023.01.02 01:30,16600.000000,16600.000000,16595.500000,16596.000000,77.790000
2023.01.02 01:35,16596.000000,16596.000000,16595.500000,16595.500000,26.695000
2023.01.02 01:40,16595.500000,16601.000000,16595.500000,16600.500000,74.902000
2023.01.02 01:45,16600.500000,16601.000000,16600.500000,16600.500000,8.426000
2023.01.02 01:50,16600.500000,16602.000000,16600.500000,16601.000000,63.192000
2023.01.02 01:55,16601.000000,16603.500000,16599.500000,16603.500000,34.924000
2023.01.02 02:00,16603.500000,16604.500000,16603.000000,16604.500000,29.654000
2023.01.02 02:05,16604.500000,16614.000000,16604.000000,16614.000000,132.329000
2023.01.02 02:10,16614.000000,16625.500000,16613.500000,16621.500000,233.099000
2023.01.02 02:15,16621.500000,16622.000000,16617.500000,16617.500000,218.199000
2023.01.02 02:20,16617.500000,16619.000000,16617.500000,16619.000000,69.603000
2023.01.02 02:25,16619.000000,16619.000000,16608.000000,16608.000000,159.181000
2023.01.02 02:30,16608.000000,16616.000000,16608.000000,16616.000000,72.293000
2023.01.02 02:35,16616.000000,16616.000000,16607.000000,16612.000000,67.975000
2023.01.02 02:40,16612.000000,16619.500000,16611.500000,16614.000000,64.521000
2023.01.02 02:45,16614.000000,16614.000000,16608.500000,16609.000000,10.946000
2023.01.02 02:50,16609.000000,16612.500000,16608.500000,16612.000000,32.670000
2023.01.02 02:55,16612.000000,16623.000000,16612.000000,16622.500000,68.365000
2023.01.02 03:00,16622.500000,16625.000000,16622.000000,16625.000000,94.033000
2023.01.02 03:05,16625.000000,16627.000000,16619.500000,16620.000000,182.771000
2023.01.02 03:10,16620.000000,16620.000000,16613.500000,16614.000000,121.639000
2023.01.02 03:15,16614.000000,16614.000000,16599.500000,16600.000000,361.155000
2023.01.02 03:20,16600.000000,16600.000000,16595.000000,16599.500000,181.102000
2023.01.02 03:25,16599.500000,16599.500000,16593.000000,16593.000000,84.686000
2023.01.02 03:30,16593.000000,16598.000000,16593.000000,16597.500000,180.299000
2023.01.02 03:35,16597.500000,16600.000000,16590.000000,16590.500000,111.459000
2023.01.02 03:40,16590.500000,16592.000000,16587.000000,16592.000000,214.956000
2023.01.02 03:45,16592.000000,16592.000000,16591.500000,16592.000000,43.459000
2023.01.02 03:50,16592.000000,16592.000000,16588.500000,16589.000000,37.386000
2023.01.02 03:55,16589.000000,16592.000000,16587.000000,16591.500000,63.491000
2023.01.02 04:00,16591.500000,16592.000000,16579.000000,16579.500000,274.159000
2023.01.02 04:05,16579.500000,16581.000000,16557.000000,16562.500000,950.768000
2023.01.02 04:10,16562.500000,16572.000000,16562.000000,16571.500000,205.454000
2023.01.02 04:15,16571.500000,16571.500000,16552.000000,16563.500000,409.736000
2023.01.02 04:20,16563.500000,16563.500000,16555.000000,16563.500000,200.052000
2023.01.02 04:25,16563.500000,16572.500000,16563.000000,16570.000000,337.019000
2023.01.02 04:30,16570.000000,16570.000000,16568.500000,16570.000000,94.861000
2023.01.02 04:35,16570.000000,16575.000000,16569.500000,16575.000000,177.637000
2023.01.02 04:40,16575.000000,16575.000000,16574.500000,16574.500000,63.437000
2023.01.02 04:45,16574.500000,16575.000000,16574.500000,16575.000000,31.423000
2023.01.02 04:50,16575.000000,16575.000000,16574.500000,16574.500000,28.395000
2023.01.02 04:55,16574.500000,16575.000000,16572.500000,16573.000000,62.921000
2023.01.02 05:00,16573.000000,16575.000000,16562.500000,16575.000000,102.635000
2023.01.02 05:05,16575.000000,16575.000000,16574.500000,16574.500000,19.247000
2023.01.02 05:10,16574.500000,16576.500000,16574.500000,16576.500000,51.148000
2023.01.02 05:15,16576.500000,16576.500000,16576.000000,16576.500000,37.558000
2023.01.02 05:20,16576.500000,16576.500000,16576.000000,16576.000000,29.010000
2023.01.02 05:25,16576.000000,16579.000000,16576.000000,16578.500000,77.857000
2023.01.02 05:30,16578.500000,16579.500000,16578.500000,16579.500000,137.490000
2023.01.02 05:35,16579.500000,16580.000000,16579.500000,16580.000000,52.078000
2023.01.02 05:40,16580.000000,16583.000000,16579.500000,16582.500000,46.284000
2023.01.02 05:45,16582.500000,16590.000000,16582.500000,16590.000000,84.882000
2023.01.02 05:50,16590.000000,16593.000000,16589.500000,16593.000000,81.171000
2023.01.02 05:55,16593.000000,16595.000000,16592.500000,16593.000000,84.398000
2023.01.02 06:00,16593.000000,16593.000000,16592.500000,16593.000000,34.680000
2023.01.02 06:05,16593.000000,16593.000000,16592.500000,16593.000000,34.904000
2023.01.02 06:10,16593.000000,16593.000000,16592.500000,16593.000000,55.835000
2023.01.02 06:15,16593.000000,16593.000000,16592.500000,16592.500000,16.361000
2023.01.02 06:20,16592.500000,16593.000000,16591.000000,16591.000000,46.145000
2023.01.02 06:25,16591.000000,16591.000000,16588.000000,16588.000000,79.561000
2023.01.02 06:30,16588.000000,16598.500000,16588.000000,16598.000000,133.221000
2023.01.02 06:35,16598.000000,16613.500000,16598.000000,16610.500000,234.370000
2023.01.02 06:40,16610.500000,16610.500000,16610.000000,16610.500000,69.494000
2023.01.02 06:45,16610.500000,16623.500000,16606.500000,16623.000000,324.205000
2023.01.02 06:50,16623.000000,16709.500000,16621.500000,16698.000000,4093.167000
2023.01.02 06:55,16698.000000,16698.500000,16657.000000,16664.500000,956.486000
2023.01.02 07:00,16664.500000,16671.500000,16664.500000,16671.500000,558.645000
2023.01.02 07:05,16671.500000,16676.500000,16657.500000,16658.000000,517.383000
2023.01.02 07:10,16658.000000,16658.000000,16650.000000,16650.500000,266.056000
2023.01.02 07:15,16650.500000,16656.500000,16640.000000,16643.500000,480.432000
2023.01.02 07:20,16643.500000,16655.000000,16640.000000,16640.000000,340.208000
2023.01.02 07:25,16640.000000,16645.000000,16637.000000,16645.000000,138.168000
2023.01.02 07:30,16645.000000,16651.500000,16643.000000,16651.500000,194.103000
2023.01.02 07:35,16651.500000,16651.500000,16629.500000,16635.000000,298.468000
2023.01.02 07:40,16635.000000,16640.000000,16635.000000,16639.000000,98.595000
2023.01.02 07:45,16639.000000,16644.000000,16638.500000,16644.000000,56.234000
2023.01.02 07:50,16644.000000,16647.000000,16643.500000,16644.000000,130.522000
2023.01.02 07:55,16644.000000,16644.000000,16642.000000,16643.500000,203.198000
2023.01.02 08:00,16643.500000,16646.500000,16642.000000,16646.000000,106.203000
2023.01.02 08:05,16646.000000,16648.500000,16626.500000,16630.500000,336.168000
2023.01.02 08:10,16630.500000,16633.000000,16630.500000,16633.000000,55.782000
2023.01.02 08:15,16633.000000,16633.000000,16623.000000,16626.000000,132.117000
2023.01.02 08:20,16626.000000,16632.500000,16625.000000,16632.000000,79.956000
2023.01.02 08:25,16632.000000,16635.500000,16632.000000,16635.500000,45.434000
2023.01.02 08:30,16635.500000,16635.500000,16628.000000,16628.000000,85.074000
2023.01.02 08:35,16628.000000,16643.500000,16628.000000,16643.500000,72.796000
2023.01.02 08:40,16643.500000,16655.000000,16643.000000,16654.500000,150.399000
2023.01.02 08:45,16654.500000,16655.000000,16654.500000,16654.500000,82.152000
2023.01.02 08:50,16654.500000,16661.000000,16649.000000,16649.500000,169.805000
2023.01.02 08:55,16649.500000,16649.500000,16646.000000,16646.000000,108.651000
2023.01.02 09:00,16646.000000,16646.500000,16646.000000,16646.000000,41.896000
2023.01.02 09:05,16646.000000,16654.000000,16646.000000,16654.000000,49.982000
2023.01.02 09:10,16654.000000,16659.500000,16650.000000,16650.500000,126.994000
2023.01.02 09:15,16650.500000,16650.500000,16649.000000,16649.000000,57.204000
2023.01.02 09:20,16649.000000,16657.000000,16649.000000,16655.500000,55.699000
2023.01.02 09:25,16655.500000,16655.500000,16650.000000,16650.500000,65.750000
2023.01.02 09:30,16650.500000,16650.500000,16642.000000,16642.000000,59.057000
2023.01.02 09:35,16642.000000,16642.500000,16633.500000,16636.000000,164.247000
2023.01.02 09:40,16636.000000,16640.000000,16634.500000,16640.000000,71.438000
2023.01.02 09:45,16640.000000,16640.000000,16638.500000,16639.000000,39.930000
2023.01.02 09:50,16639.000000,16639.500000,16637.000000,16639.500000,44.381000
2023.01.02 09:55,16639.500000,16639.500000,16639.000000,16639.000000,19.075000
2023.01.02 10:00,16639.000000,16639.500000,16639.000000,16639.500000,31.891000
2023.01.02 10:05,16639.500000,16644.500000,16639.000000,16644.500000,113.615000
2023.01.02 10:10,16644.500000,16698.500000,16640.000000,16698.000000,650.914000
2023.01.02 10:15,16698.000000,16774.000000,16679.500000,16723.000000,4832.243000
2023.01.02 10:20,16723.000000,16747.000000,16715.500000,16719.000000,842.881000
2023.01.02 10:25,16719.000000,16740.000000,16712.500000,16733.500000,538.468000
2023.01.02 10:30,16733.500000,16745.000000,16719.500000,16720.000000,503.339000
2023.01.02 10:35,16720.000000,16753.000000,16717.000000,16753.000000,589.883000
2023.01.02 10:40,16753.000000,16755.500000,16734.000000,16735.500000,502.285000
2023.01.02 10:45,16735.500000,16742.000000,16719.000000,16722.500000,232.592000
2023.01.02 10:50,16722.500000,16723.500000,16721.000000,16723.000000,152.963000
2023.01.02 10:55,16723.000000,16732.500000,16717.000000,16717.500000,195.519000
2023.01.02 11:00,16717.500000,16724.000000,16707.500000,16723.000000,398.926000
2023.01.02 11:05,16723.000000,16735.500000,16722.500000,16735.000000,420.354000
2023.01.02 11:10,16735.000000,16751.000000,16735.000000,16744.000000,457.570000
2023.01.02 11:15,16744.000000,16768.500000,16734.500000,16734.500000,796.397000
2023.01.02 11:20,16734.500000,16739.000000,16730.500000,16734.500000,295.190000
2023.01.02 11:25,16734.500000,16748.000000,16732.500000,16735.500000,386.115000
2023.01.02 11:30,16735.500000,16749.000000,16729.500000,16749.000000,238.830000
2023.01.02 11:35,16749.000000,16752.000000,16746.000000,16750.500000,206.382000
2023.01.02 11:40,16750.500000,16752.000000,16740.000000,16740.500000,254.547000
2023.01.02 11:45,16740.500000,16745.500000,16736.500000,16737.000000,229.077000
2023.01.02 11:50,16737.000000,16737.000000,16723.500000,16731.500000,337.723000
2023.01.02 11:55,16731.500000,16732.000000,16724.000000,16730.000000,223.278000
2023.01.02 12:00,16730.000000,16730.000000,16716.000000,16725.500000,500.962000
2023.01.02 12:05,16725.500000,16740.000000,16725.500000,16726.500000,383.484000
2023.01.02 12:10,16726.500000,16726.500000,16718.500000,16718.500000,169.028000
2023.01.02 12:15,16718.500000,16730.000000,16718.000000,16729.500000,89.457000
2023.01.02 12:20,16729.500000,16737.500000,16727.000000,16727.500000,301.504000
2023.01.02 12:25,16727.500000,16727.500000,16727.000000,16727.000000,68.413000
2023.01.02 12:30,16727.000000,16727.500000,16713.000000,16727.500000,426.691000
2023.01.02 12:35,16727.500000,16733.000000,16727.000000,16733.000000,149.585000
2023.01.02 12:40,16733.000000,16733.000000,16718.000000,16722.000000,130.315000
2023.01.02 12:45,16722.000000,16722.000000,16710.500000,16717.500000,423.794000
2023.01.02 12:50,16717.500000,16717.500000,16711.000000,16714.500000,167.583000
2023.01.02 12:55,16714.500000,16716.000000,16714.000000,16715.500000,78.910000
2023.01.02 13:00,16715.500000,16723.000000,16709.500000,16723.000000,367.898000
2023.01.02 13:05,16723.000000,16756.000000,16722.500000,16732.500000,559.752000
2023.01.02 13:10,16732.500000,16736.500000,16725.000000,16736.000000,198.173000
2023.01.02 13:15,16736.000000,16738.500000,16731.000000,16731.500000,108.666000
2023.01.02 13:20,16731.500000,16731.500000,16720.000000,16722.000000,157.622000
2023.01.02 13:25,16722.000000,16733.000000,16722.000000,16728.500000,137.080000
2023.01.02 13:30,16728.500000,16737.000000,16728.000000,16728.000000,88.410000
2023.01.02 13:35,16728.000000,16729.000000,16720.000000,16720.000000,96.045000
2023.01.02 13:40,16720.000000,16720.500000,16719.500000,16719.500000,123.666000
2023.01.02 13:45,16719.500000,16727.500000,16719.000000,16724.500000,79.641000
2023.01.02 13:50,16724.500000,16724.500000,16719.500000,16719.500000,127.120000
2023.01.02 13:55,16719.500000,16722.500000,16719.500000,16722.500000,55.639000
2023.01.02 14:00,16722.500000,16726.500000,16721.500000,16721.500000,168.877000
2023.01.02 14:05,16721.500000,16722.000000,16721.500000,16721.500000,78.028000
2023.01.02 14:10,16721.500000,16724.500000,16721.500000,16724.500000,41.542000
2023.01.02 14:15,16724.500000,16724.500000,16718.000000,16718.500000,52.097000
2023.01.02 14:20,16718.500000,16718.500000,16718.000000,16718.000000,50.114000
2023.01.02 14:25,16718.000000,16718.500000,16717.000000,16717.000000,39.635000
2023.01.02 14:30,16717.000000,16717.500000,16710.000000,16710.000000,102.727000
2023.01.02 14:35,16710.000000,16724.000000,16702.000000,16720.000000,295.449000
2023.01.02 14:40,16720.000000,16729.000000,16720.000000,16724.500000,222.184000
2023.01.02 14:45,16724.500000,16736.000000,16724.500000,16734.500000,129.494000
2023.01.02 14:50,16734.500000,16734.500000,16730.500000,16731.000000,92.432000
2023.01.02 14:55,16731.000000,16731.000000,16730.000000,16731.000000,63.091000
2023.01.02 15:00,16731.000000,16733.500000,16729.000000,16729.000000,79.637000
2023.01.02 15:05,16729.000000,16735.500000,16729.000000,16735.000000,61.896000
2023.01.02 15:10,16735.000000,16736.000000,16730.500000,16730.500000,75.164000
2023.01.02 15:15,16730.500000,16739.000000,16730.500000,16733.500000,95.080000
2023.01.02 15:20,16733.500000,16733.500000,16732.000000,16732.000000,47.434000
2023.01.02 15:25,16732.000000,16735.000000,16732.000000,16734.500000,44.763000
2023.01.02 15:30,16734.500000,16735.000000,16731.000000,16731.500000,71.782000
2023.01.02 15:35,16731.500000,16733.000000,16730.000000,16730.000000,57.761000
2023.01.02 15:40,16730.000000,16730.500000,16725.000000,16725.000000,113.598000
2023.01.02 15:45,16725.000000,16726.000000,16725.000000,16726.000000,104.150000
2023.01.02 15:50,16726.000000,16726.000000,16725.000000,16725.500000,42.243000
2023.01.02 15:55,16725.500000,16725.500000,16721.000000,16721.000000,55.828000
2023.01.02 16:00,16721.000000,16721.500000,16721.000000,16721.000000,59.160000
2023.01.02 16:05,16721.000000,16721.500000,16714.000000,16714.500000,151.280000
2023.01.02 16:10,16714.500000,16716.500000,16714.000000,16716.500000,168.924000
2023.01.02 16:15,16716.500000,16717.500000,16716.000000,16717.500000,208.061000
2023.01.02 16:20,16717.500000,16717.500000,16717.000000,16717.000000,68.367000
2023.01.02 16:25,16717.000000,16717.500000,16717.000000,16717.500000,73.311000
2023.01.02 16:30,16717.500000,16718.000000,16710.000000,16710.000000,150.788000
2023.01.02 16:35,16710.000000,16710.500000,16686.000000,16696.500000,1456.633000
2023.01.02 16:40,16696.500000,16699.000000,16690.500000,16691.000000,298.425000
2023.01.02 16:45,16691.000000,16704.500000,16690.500000,16698.500000,314.721000
2023.01.02 16:50,16698.500000,16698.500000,16698.000000,16698.000000,81.032000
2023.01.02 16:55,16698.000000,16701.500000,16694.000000,16694.000000,158.994000
2023.01.02 17:00,16694.000000,16704.500000,16694.000000,16701.500000,176.596000
2023.01.02 17:05,16701.500000,16701.500000,16694.500000,16700.000000,84.366000
2023.01.02 17:10,16700.000000,16706.500000,16700.000000,16706.500000,111.753000
2023.01.02 17:15,16706.500000,16708.000000,16706.000000,16708.000000,96.335000
2023.01.02 17:20,16708.000000,16708.000000,16702.500000,16703.000000,103.996000
2023.01.02 17:25,16703.000000,16703.500000,16687.500000,16687.500000,273.822000
2023.01.02 17:30,16687.500000,16692.500000,16687.000000,16687.500000,119.758000
2023.01.02 17:35,16687.500000,16687.500000,16666.000000,16683.500000,1073.291000
2023.01.02 17:40,16683.500000,16701.000000,16683.500000,16700.500000,323.621000
2023.01.02 17:45,16700.500000,16702.000000,16700.500000,16702.000000,107.909000
2023.01.02 17:50,16702.000000,16702.000000,16699.500000,16699.500000,109.371000
2023.01.02 17:55,16699.500000,16700.000000,16699.000000,16699.000000,60.727000
2023.01.02 18:00,16699.000000,16708.000000,16696.000000,16696.500000,147.169000
2023.01.02 18:05,16696.500000,16700.000000,16694.500000,16699.500000,88.768000
2023.01.02 18:10,16699.500000,16708.000000,16699.500000,16708.000000,93.598000
2023.01.02 18:15,16708.000000,16725.500000,16707.500000,16712.500000,750.199000
2023.01.02 18:20,16712.500000,16713.000000,16708.500000,16711.000000,105.447000
2023.01.02 18:25,16711.000000,16716.000000,16711.000000,16715.500000,70.998000
2023.01.02 18:30,16715.500000,16726.000000,16715.500000,16725.500000,279.295000
2023.01.02 18:35,16725.500000,16734.000000,16725.000000,16731.000000,279.088000
2023.01.02 18:40,16731.000000,16749.500000,16730.500000,16742.500000,682.600000
2023.01.02 18:45,16742.500000,16743.000000,16738.000000,16741.000000,217.438000
2023.01.02 18:50,16741.000000,16741.000000,16718.000000,16732.500000,1144.267000
2023.01.02 18:55,16732.500000,16732.500000,16728.500000,16731.500000,122.498000
2023.01.02 19:00,16731.500000,16732.500000,16727.500000,16728.000000,273.671000
2023.01.02 19:05,16728.000000,16728.000000,16721.500000,16721.500000,86.269000
2023.01.02 19:10,16721.500000,16734.000000,16721.500000,16733.500000,317.605000
2023.01.02 19:15,16733.500000,16734.000000,16730.000000,16730.000000,74.076000
2023.01.02 19:20,16730.000000,16730.500000,16730.000000,16730.500000,96.485000
2023.01.02 19:25,16730.500000,16730.500000,16730.000000,16730.000000,73.615000
2023.01.02 19:30,16730.000000,16730.500000,16730.000000,16730.500000,23.230000
2023.01.02 19:35,16730.500000,16734.500000,16730.000000,16734.500000,121.155000
2023.01.02 19:40,16734.500000,16734.500000,16734.000000,16734.500000,57.336000
2023.01.02 19:45,16734.500000,16734.500000,16726.000000,16728.000000,244.543000
2023.01.02 19:50,16728.000000,16728.500000,16708.000000,16708.000000,446.078000
2023.01.02 19:55,16708.000000,16711.000000,16707.000000,16707.500000,262.849000
2023.01.02 20:00,16707.500000,16709.500000,16700.500000,16709.500000,254.022000
2023.01.02 20:05,16709.500000,16712.000000,16709.000000,16712.000000,102.161000
2023.01.02 20:10,16712.000000,16712.000000,16707.500000,16711.000000,79.878000
2023.01.02 20:15,16711.000000,16711.000000,16710.500000,16711.000000,35.771000
2023.01.02 20:20,16711.000000,16711.000000,16710.500000,16711.000000,58.620000
2023.01.02 20:25,16711.000000,16716.000000,16710.500000,16715.500000,69.118000
2023.01.02 20:30,16715.500000,16719.500000,16712.500000,16713.000000,63.135000
2023.01.02 20:35,16713.000000,16713.000000,16711.500000,16711.500000,169.018000
2023.01.02 20:40,16711.500000,16715.000000,16711.500000,16712.000000,45.253000
2023.01.02 20:45,16712.000000,16712.000000,16710.000000,16710.000000,62.855000
2023.01.02 20:50,16710.000000,16710.500000,16710.000000,16710.500000,34.578000
2023.01.02 20:55,16710.500000,16710.500000,16710.000000,16710.500000,24.333000
2023.01.02 21:00,16710.500000,16710.500000,16710.000000,16710.000000,15.575000
2023.01.02 21:05,16710.000000,16710.500000,16707.000000,16707.000000,57.587000
2023.01.02 21:10,16707.000000,16707.500000,16707.000000,16707.500000,50.533000
2023.01.02 21:15,16707.500000,16707.500000,16707.000000,16707.000000,36.866000
2023.01.02 21:20,16707.000000,16714.500000,16707.000000,16710.000000,211.213000
2023.01.02 21:25,16710.000000,16712.500000,16708.000000,16712.500000,53.028000
2023.01.02 21:30,16712.500000,16712.500000,16709.000000,16709.000000,29.546000
2023.01.02 21:35,16709.000000,16709.500000,16709.000000,16709.000000,24.533000
2023.01.02 21:40,16709.000000,16709.500000,16709.000000,16709.000000,41.675000
2023.01.02 21:45,16709.000000,16722.000000,16709.000000,16721.500000,147.978000
2023.01.02 21:50,16721.500000,16731.500000,16721.500000,16731.000000,292.523000
2023.01.02 21:55,16731.000000,16731.500000,16721.000000,16721.000000,54.998000
2023.01.02 22:00,16721.000000,16727.000000,16721.000000,16726.500000,100.637000
2023.01.02 22:05,16726.500000,16727.000000,16724.500000,16725.000000,49.010000
2023.01.02 22:10,16725.000000,16725.000000,16724.500000,16725.000000,18.759000
2023.01.02 22:15,16725.000000,16729.000000,16724.500000,16725.500000,55.761000
2023.01.02 22:20,16725.500000,16725.500000,16722.000000,16722.500000,61.214000
2023.01.02 22:25,16722.500000,16722.500000,16720.000000,16720.500000,40.981000
2023.01.02 22:30,16720.500000,16720.500000,16720.000000,16720.500000,16.328000
2023.01.02 22:35,16720.500000,16720.500000,16720.000000,16720.500000,28.500000
2023.01.02 22:40,16720.500000,16724.000000,16720.000000,16724.000000,35.446000
2023.01.02 22:45,16724.000000,16736.000000,16723.500000,16731.000000,167.575000
2023.01.02 22:50,16731.000000,16736.500000,16730.500000,16736.000000,53.326000
2023.01.02 22:55,16736.000000,16736.500000,16732.000000,16734.500000,172.423000
2023.01.02 23:00,16734.500000,16735.000000,16708.500000,16710.000000,276.174000
2023.01.02 23:05,16710.000000,16719.000000,16709.500000,16718.500000,102.043000
2023.01.02 23:10,16718.500000,16723.500000,16718.500000,16723.500000,131.810000
2023.01.02 23:15,16723.500000,16723.500000,16718.500000,16720.500000,50.558000
2023.01.02 23:20,16720.500000,16723.500000,16720.500000,16723.500000,58.723000
2023.01.02 23:25,16723.500000,16728.500000,16723.000000,16728.000000,24.871000
2023.01.02 23:30,16728.000000,16728.500000,16721.000000,16721.000000,49.561000
2023.01.02 23:35,16721.000000,16728.000000,16721.000000,16727.500000,54.873000
2023.01.02 23:40,16727.500000,16733.000000,16727.500000,16732.500000,49.521000
2023.01.02 23:45,16732.500000,16733.000000,16732.500000,16733.000000,63.306000
2023.01.02 23:50,16733.000000,16733.000000,16727.000000,16730.500000,55.085000
2023.01.02 23:55,16730.500000,16730.500000,16727.000000,16728.500000,23.557000
2023.01.03 00:00,16728.500000,16732.500000,16725.500000,16725.500000,73.615000
2023.01.03 00:05,16725.500000,16726.000000,16720.000000,16724.500000,30.193000
2023.01.03 00:10,16724.500000,16725.000000,16724.500000,16725.000000,21.510000
2023.01.03 00:15,16725.000000,16725.000000,16724.500000,16724.500000,14.702000
2023.01.03 00:20,16724.500000,16726.000000,16721.500000,16722.000000,13.178000
2023.01.03 00:25,16722.000000,16722.500000,16721.500000,16722.000000,18.454000
2023.01.03 00:30,16722.000000,16723.000000,16722.000000,16722.500000,41.094000
2023.01.03 00:35,16722.500000,16731.000000,16722.500000,16730.500000,138.850000
2023.01.03 00:40,16730.500000,16731.500000,16727.500000,16731.000000,230.589000
2023.01.03 00:45,16731.000000,16731.000000,16730.500000,16731.000000,49.703000
2023.01.03 00:50,16731.000000,16733.000000,16730.500000,16733.000000,41.817000
2023.01.03 00:55,16733.000000,16799.000000,16732.500000,16752.000000,2667.387000
2023.01.03 01:00,16752.000000,16759.000000,16729.500000,16736.500000,892.218000
2023.01.03 01:05,16736.500000,16744.500000,16729.000000,16732.500000,351.000000
2023.01.03 01:10,16732.500000,16757.000000,16732.500000,16756.500000,333.401000
2023.01.03 01:15,16756.500000,16760.000000,16736.000000,16739.000000,403.783000
2023.01.03 01:20,16739.000000,16739.500000,16734.000000,16737.500000,100.741000
2023.01.03 01:25,16737.500000,16738.000000,16723.000000,16723.000000,185.939000
2023.01.03 01:30,16723.000000,16725.500000,16675.500000,16711.500000,967.425000
2023.01.03 01:35,16711.500000,16714.500000,16709.500000,16714.500000,116.439000
2023.01.03 01:40,16714.500000,16715.500000,16708.000000,16708.500000,136.371000
2023.01.03 01:45,16708.500000,16716.000000,16690.500000,16700.500000,278.523000
2023.01.03 01:50,16700.500000,16706.000000,16690.000000,16695.500000,361.256000
2023.01.03 01:55,16695.500000,16703.500000,16693.000000,16695.000000,344.857000
2023.01.03 02:00,16695.000000,16712.000000,16687.500000,16702.500000,291.005000
2023.01.03 02:05,16702.500000,16721.000000,16702.500000,16710.000000,278.982000
2023.01.03 02:10,16710.000000,16713.500000,16702.500000,16713.000000,138.556000
2023.01.03 02:15,16713.000000,16713.500000,16710.000000,16710.000000,183.763000
2023.01.03 02:20,16710.000000,16710.500000,16706.000000,16706.500000,84.151000
2023.01.03 02:25,16706.500000,16710.000000,16703.500000,16710.000000,92.009000
2023.01.03 02:30,16710.000000,16710.000000,16700.500000,16701.000000,45.759000
2023.01.03 02:35,16701.000000,16701.000000,16692.000000,16697.000000,293.748000
2023.01.03 02:40,16697.000000,16700.500000,16693.500000,16696.500000,107.507000
2023.01.03 02:45,16696.500000,16697.000000,16682.000000,16682.500000,270.063000
2023.01.03 02:50,16682.500000,16682.500000,16670.500000,16672.000000,868.525000
2023.01.03 02:55,16672.000000,16674.000000,16651.000000,16668.000000,1231.324000
2023.01.03 03:00,16668.000000,16668.000000,16644.500000,16659.500000,860.118000
2023.01.03 03:05,16659.500000,16681.000000,16659.500000,16680.000000,622.165000
2023.01.03 03:10,16680.000000,16682.500000,16676.500000,16682.000000,199.365000
2023.01.03 03:15,16682.000000,16690.500000,16682.000000,16688.000000,249.848000
2023.01.03 03:20,16688.000000,16688.000000,16677.000000,16677.000000,231.062000
2023.01.03 03:25,16677.000000,16679.500000,16677.000000,16679.500000,62.297000
2023.01.03 03:30,16679.500000,16701.500000,16679.000000,16700.500000,352.316000
2023.01.03 03:35,16700.500000,16701.500000,16700.500000,16701.500000,147.245000
2023.01.03 03:40,16701.500000,16703.500000,16701.000000,16703.000000,93.827000
2023.01.03 03:45,16703.000000,16703.500000,16703.000000,16703.000000,32.607000
2023.01.03 03:50,16703.000000,16703.500000,16689.500000,16689.500000,233.071000
2023.01.03 03:55,16689.500000,16696.000000,16689.500000,16696.000000,55.270000
2023.01.03 04:00,16696.000000,16696.000000,16683.500000,16683.500000,103.814000
2023.01.03 04:05,16683.500000,16684.000000,16676.000000,16676.000000,107.156000
2023.01.03 04:10,16676.000000,16680.500000,16676.000000,16678.000000,120.095000
2023.01.03 04:15,16678.000000,16678.000000,16661.000000,16661.000000,271.247000
2023.01.03 04:20,16661.000000,16661.500000,16650.000000,16652.500000,647.702000
2023.01.03 04:25,16652.500000,16660.500000,16650.000000,16657.000000,233.586000
2023.01.03 04:30,16657.000000,16680.000000,16656.500000,16678.500000,709.365000
2023.01.03 04:35,16678.500000,16679.000000,16661.000000,16661.500000,214.518000
2023.01.03 04:40,16661.500000,16666.500000,16657.000000,16666.000000,355.959000
2023.01.03 04:45,16666.000000,16668.000000,16663.500000,16664.500000,83.652000
2023.01.03 04:50,16664.500000,16667.500000,16664.000000,16667.500000,59.226000
2023.01.03 04:55,16667.500000,16678.500000,16667.000000,16677.000000,127.677000
2023.01.03 05:00,16677.000000,16682.000000,16671.000000,16682.000000,100.509000
2023.01.03 05:05,16682.000000,16683.500000,16681.000000,16681.500000,71.138000
2023.01.03 05:10,16681.500000,16681.500000,16681.000000,16681.000000,25.815000
2023.01.03 05:15,16681.000000,16681.500000,16678.500000,16679.000000,46.743000
2023.01.03 05:20,16679.000000,16679.500000,16675.000000,16675.500000,50.442000
2023.01.03 05:25,16675.500000,16675.500000,16675.000000,16675.500000,28.809000
2023.01.03 05:30,16675.500000,16683.000000,16675.000000,16682.500000,150.669000
2023.01.03 05:35,16682.500000,16683.000000,16682.500000,16683.000000,21.246000
2023.01.03 05:40,16683.000000,16683.500000,16682.500000,16683.000000,63.207000
2023.01.03 05:45,16683.000000,16683.500000,16674.500000,16674.500000,101.175000
2023.01.03 05:50,16674.500000,16680.500000,16674.500000,16678.500000,82.741000
2023.01.03 05:55,16678.500000,16678.500000,16674.500000,16674.500000,68.723000
2023.01.03 06:00,16674.500000,16675.000000,16669.500000,16669.500000,62.686000
2023.01.03 06:05,16669.500000,16677.000000,16669.500000,16676.500000,39.639000
2023.01.03 06:10,16676.500000,16679.000000,16670.000000,16670.000000,39.886000
2023.01.03 06:15,16670.000000,16672.000000,16670.000000,16671.500000,53.334000
2023.01.03 06:20,16671.500000,16688.000000,16671.500000,16687.500000,108.654000
2023.01.03 06:25,16687.500000,16689.500000,16687.000000,16687.500000,102.019000
2023.01.03 06:30,16687.500000,16697.500000,16687.000000,16696.500000,302.218000
2023.01.03 06:35,16696.500000,16697.000000,16696.500000,16696.500000,31.061000
2023.01.03 06:40,16696.500000,16697.000000,16687.000000,16687.000000,122.954000
2023.01.03 06:45,16687.000000,16688.000000,16687.000000,16687.500000,31.718000
2023.01.03 06:50,16687.500000,16691.000000,16687.500000,16690.000000,43.460000
2023.01.03 06:55,16690.000000,16692.500000,16690.000000,16691.000000,100.605000
2023.01.03 07:00,16691.000000,16691.500000,16690.500000,16691.000000,59.455000
2023.01.03 07:05,16691.000000,16691.500000,16691.000000,16691.000000,13.841000
2023.01.03 07:10,16691.000000,16699.500000,16691.000000,16699.500000,118.721000
2023.01.03 07:15,16699.500000,16699.500000,16695.000000,16695.500000,101.726000
2023.01.03 07:20,16695.500000,16695.500000,16690.000000,16690.000000,94.757000
2023.01.03 07:25,16690.000000,16691.500000,16690.000000,16691.000000,28.555000
2023.01.03 07:30,16691.000000,16691.500000,16690.000000,16690.000000,65.287000
2023.01.03 07:35,16690.000000,16690.500000,16690.000000,16690.000000,53.993000
2023.01.03 07:40,16690.000000,16690.500000,16688.000000,16688.500000,167.537000
2023.01.03 07:45,16688.500000,16688.500000,16684.000000,16684.000000,92.335000
2023.01.03 07:50,16684.000000,16686.500000,16684.000000,16686.000000,40.578000
2023.01.03 07:55,16686.000000,16690.000000,16685.500000,16689.000000,45.715000
2023.01.03 08:00,16689.000000,16689.000000,16686.500000,16686.500000,36.458000
2023.01.03 08:05,16686.500000,16687.000000,16686.500000,16687.000000,21.739000
2023.01.03 08:10,16687.000000,16694.000000,16686.500000,16693.500000,79.647000
2023.01.03 08:15,16693.500000,16700.500000,16693.500000,16697.000000,136.562000
2023.01.03 08:20,16697.000000,16701.000000,16689.500000,16689.500000,246.247000
2023.01.03 08:25,16689.500000,16690.000000,16688.000000,16688.500000,33.019000
2023.01.03 08:30,16688.500000,16689.500000,16688.000000,16689.000000,57.048000
2023.01.03 08:35,16689.000000,16712.000000,16689.000000,16699.000000,603.804000
2023.01.03 08:40,16699.000000,16711.500000,16699.000000,16707.000000,239.493000
2023.01.03 08:45,16707.000000,16718.500000,16707.000000,16711.500000,366.263000
2023.01.03 08:50,16711.500000,16722.000000,16711.500000,16721.500000,334.799000
2023.01.03 08:55,16721.500000,16722.000000,16717.000000,16719.500000,216.028000
2023.01.03 09:00,16719.500000,16753.000000,16719.500000,16746.000000,1752.463000
2023.01.03 09:05,16746.000000,16750.000000,16732.500000,16732.500000,572.382000
2023.01.03 09:10,16732.500000,16735.500000,16730.500000,16731.000000,209.250000
2023.01.03 09:15,16731.000000,16734.000000,16730.500000,16734.000000,79.134000
2023.01.03 09:20,16734.000000,16740.000000,16733.500000,16739.000000,175.336000
2023.01.03 09:25,16739.000000,16754.000000,16738.500000,16753.500000,240.357000
2023.01.03 09:30,16753.500000,16774.000000,16745.500000,16745.500000,1530.674000
2023.01.03 09:35,16745.500000,16746.000000,16726.000000,16726.500000,397.627000
2023.01.03 09:40,16726.500000,16731.000000,16726.000000,16731.000000,168.874000
2023.01.03 09:45,16731.000000,16731.000000,16722.500000,16723.000000,234.360000
2023.01.03 09:50,16723.000000,16723.000000,16720.500000,16721.000000,114.697000
2023.01.03 09:55,16721.000000,16724.000000,16716.500000,16719.000000,381.947000
2023.01.03 10:00,16719.000000,16719.500000,16714.000000,16714.500000,123.343000
2023.01.03 10:05,16714.500000,16721.500000,16713.000000,16721.000000,427.003000
2023.01.03 10:10,16721.000000,16721.500000,16721.000000,16721.000000,30.039000
2023.01.03 10:15,16721.000000,16726.500000,16719.000000,16719.500000,90.155000
2023.01.03 10:20,16719.500000,16719.500000,16708.000000,16708.000000,146.734000
2023.01.03 10:25,16708.000000,16710.000000,16708.000000,16708.000000,127.342000
2023.01.03 10:30,16708.000000,16708.500000,16702.500000,16703.000000,152.637000
2023.01.03 10:35,16703.000000,16708.500000,16702.500000,16707.500000,223.341000
2023.01.03 10:40,16707.500000,16717.500000,16707.500000,16717.500000,188.735000
2023.01.03 10:45,16717.500000,16723.500000,16717.000000,16723.500000,130.190000
2023.01.03 10:50,16723.500000,16729.500000,16723.000000,16726.500000,283.595000
2023.01.03 10:55,16726.500000,16726.500000,16726.000000,16726.000000,110.398000
2023.01.03 11:00,16726.000000,16730.000000,16726.000000,16729.000000,153.855000
2023.01.03 11:05,16729.000000,16729.500000,16715.000000,16715.500000,190.256000
2023.01.03 11:10,16715.500000,16715.500000,16710.000000,16710.000000,124.111000
2023.01.03 11:15,16710.000000,16712.500000,16708.500000,16710.500000,88.616000
2023.01.03 11:20,16710.500000,16715.000000,16708.000000,16708.000000,79.643000
2023.01.03 11:25,16708.000000,16710.500000,16705.000000,16710.000000,126.183000
2023.01.03 11:30,16710.000000,16710.500000,16710.000000,16710.000000,133.229000
2023.01.03 11:35,16710.000000,16710.500000,16707.500000,16710.000000,127.648000
2023.01.03 11:40,16710.000000,16710.500000,16693.000000,16696.000000,504.500000
2023.01.03 11:45,16696.000000,16707.000000,16696.000000,16697.000000,283.466000
2023.01.03 11:50,16697.000000,16699.500000,16697.000000,16699.000000,62.766000
2023.01.03 11:55,16699.000000,16715.000000,16699.000000,16712.000000,455.513000
2023.01.03 12:00,16712.000000,16718.500000,16711.500000,16718.000000,182.056000
2023.01.03 12:05,16718.000000,16720.500000,16714.500000,16714.500000,78.039000
2023.01.03 12:10,16714.500000,16722.000000,16714.500000,16722.000000,93.063000
2023.01.03 12:15,16722.000000,16727.500000,16721.500000,16724.000000,160.053000
2023.01.03 12:20,16724.000000,16727.000000,16723.500000,16727.000000,81.225000
2023.01.03 12:25,16727.000000,16727.000000,16720.000000,16720.000000,79.782000
2023.01.03 12:30,16720.000000,16741.000000,16720.000000,16735.000000,293.075000
2023.01.03 12:35,16735.000000,16735.500000,16732.000000,16732.000000,65.007000
2023.01.03 12:40,16732.000000,16743.500000,16732.000000,16741.500000,152.645000
2023.01.03 12:45,16741.500000,16741.500000,16738.500000,16738.500000,72.290000
2023.01.03 12:50,16738.500000,16739.500000,16738.500000,16739.000000,113.561000
2023.01.03 12:55,16739.000000,16750.000000,16731.000000,16735.500000,517.782000
2023.01.03 13:00,16735.500000,16741.500000,16735.500000,16736.500000,90.703000
2023.01.03 13:05,16736.500000,16737.000000,16736.500000,16737.000000,47.458000
2023.01.03 13:10,16737.000000,16737.000000,16730.000000,16730.500000,83.639000
2023.01.03 13:15,16730.500000,16730.500000,16729.500000,16729.500000,147.974000
2023.01.03 13:20,16729.500000,16730.000000,16726.500000,16728.000000,143.796000
2023.01.03 13:25,16728.000000,16730.000000,16727.500000,16729.500000,135.091000
2023.01.03 13:30,16729.500000,16730.000000,16725.500000,16726.000000,82.272000
2023.01.03 13:35,16726.000000,16730.500000,16725.500000,16730.000000,94.137000
2023.01.03 13:40,16730.000000,16731.500000,16729.500000,16731.500000,102.990000
2023.01.03 13:45,16731.500000,16735.500000,16731.000000,16735.000000,134.593000
2023.01.03 13:50,16735.000000,16735.000000,16726.500000,16727.000000,167.220000
2023.01.03 13:55,16727.000000,16727.000000,16722.000000,16722.500000,137.311000
2023.01.03 14:00,16722.500000,16722.500000,16722.000000,16722.500000,29.589000
2023.01.03 14:05,16722.500000,16723.500000,16719.000000,16722.500000,198.892000
2023.01.03 14:10,16722.500000,16722.500000,16721.000000,16722.000000,86.240000
2023.01.03 14:15,16722.000000,16722.500000,16722.000000,16722.500000,38.353000
2023.01.03 14:20,16722.500000,16722.500000,16722.000000,16722.500000,32.401000
2023.01.03 14:25,16722.500000,16722.500000,16722.000000,16722.000000,55.522000
2023.01.03 14:30,16722.000000,16733.500000,16722.000000,16733.500000,184.864000
2023.01.03 14:35,16733.500000,16733.500000,16731.500000,16731.500000,51.202000
2023.01.03 14:40,16731.500000,16732.000000,16709.500000,16713.500000,258.122000
2023.01.03 14:45,16713.500000,16717.500000,16707.000000,16717.000000,148.861000
2023.01.03 14:50,16717.000000,16719.000000,16717.000000,16719.000000,144.404000
2023.01.03 14:55,16719.000000,16719.000000,16715.000000,16715.500000,84.940000
2023.01.03 15:00,16715.500000,16715.500000,16712.500000,16712.500000,140.043000
2023.01.03 15:05,16712.500000,16714.500000,16712.500000,16714.500000,126.817000
2023.01.03 15:10,16714.500000,16715.500000,16711.000000,16712.000000,197.419000
2023.01.03 15:15,16712.000000,16712.500000,16708.500000,16708.500000,127.050000
2023.01.03 15:20,16708.500000,16720.500000,16703.500000,16720.500000,279.905000
2023.01.03 15:25,16720.500000,16720.500000,16715.000000,16716.000000,60.933000
2023.01.03 15:30,16716.000000,16718.500000,16713.500000,16718.500000,52.629000
2023.01.03 15:35,16718.500000,16718.500000,16714.000000,16714.000000,57.998000
2023.01.03 15:40,16714.000000,16720.500000,16714.000000,16720.500000,71.900000
2023.01.03 15:45,16720.500000,16722.500000,16708.000000,16708.000000,254.857000
2023.01.03 15:50,16708.000000,16708.500000,16701.000000,16701.000000,144.282000
2023.01.03 15:55,16701.000000,16706.500000,16701.000000,16706.000000,138.122000
2023.01.03 16:00,16706.000000,16717.000000,16706.000000,16716.500000,175.386000
2023.01.03 16:05,16716.500000,16730.000000,16716.500000,16722.000000,224.014000
2023.01.03 16:10,16722.000000,16728.000000,16718.500000,16719.000000,90.268000
2023.01.03 16:15,16719.000000,16720.500000,16718.500000,16720.000000,51.930000
2023.01.03 16:20,16720.000000,16728.000000,16720.000000,16723.500000,64.107000
2023.01.03 16:25,16723.500000,16723.500000,16711.500000,16715.000000,51.997000
2023.01.03 16:30,16715.000000,16717.000000,16715.000000,16717.000000,67.797000
2023.01.03 16:35,16717.000000,16724.500000,16716.000000,16724.000000,95.554000
2023.01.03 16:40,16724.000000,16727.500000,16721.000000,16721.500000,181.682000
2023.01.03 16:45,16721.500000,16725.000000,16721.000000,16724.500000,55.813000
2023.01.03 16:50,16724.500000,16735.000000,16719.500000,16723.000000,180.057000
2023.01.03 16:55,16723.000000,16726.000000,16718.000000,16724.000000,184.761000
2023.01.03 17:00,16724.000000,16724.000000,16722.500000,16722.500000,58.340000
2023.01.03 17:05,16722.500000,16737.500000,16722.500000,16737.000000,293.500000
2023.01.03 17:10,16737.000000,16744.000000,16732.000000,16742.000000,302.373000
2023.01.03 17:15,16742.000000,16743.500000,16728.000000,16738.500000,272.473000
2023.01.03 17:20,16738.500000,16738.500000,16732.500000,16734.000000,130.396000
2023.01.03 17:25,16734.000000,16743.000000,16731.500000,16742.500000,202.516000
2023.01.03 17:30,16742.500000,16770.000000,16724.000000,16751.000000,1029.535000
2023.01.03 17:35,16751.000000,16758.000000,16731.000000,16745.000000,699.236000
2023.01.03 17:40,16745.000000,16768.500000,16745.000000,16748.000000,870.257000
2023.01.03 17:45,16748.000000,16758.000000,16716.000000,16718.000000,934.425000
2023.01.03 17:50,16718.000000,16723.000000,16677.500000,16700.000000,1907.817000
2023.01.03 17:55,16700.000000,16705.000000,16631.000000,16658.000000,3567.668000
2023.01.03 18:00,16658.000000,16675.500000,16651.000000,16664.000000,1216.400000
2023.01.03 18:05,16664.000000,16680.000000,16663.500000,16677.000000,529.488000
2023.01.03 18:10,16677.000000,16677.000000,16650.000000,16658.500000,876.025000
2023.01.03 18:15,16658.500000,16666.000000,16616.000000,16626.500000,1896.939000
2023.01.03 18:20,16626.500000,16649.000000,16623.500000,16648.500000,967.008000
2023.01.03 18:25,16648.500000,16654.500000,16636.000000,16644.500000,400.511000
2023.01.03 18:30,16644.500000,16644.500000,16619.000000,16631.500000,779.824000
2023.01.03 18:35,16631.500000,16640.000000,16631.000000,16640.000000,325.998000
2023.01.03 18:40,16640.000000,16654.500000,16639.500000,16653.000000,379.227000
2023.01.03 18:45,16653.000000,16663.000000,16647.500000,16660.500000,404.276000
2023.01.03 18:50,16660.500000,16662.000000,16650.000000,16661.000000,272.395000
2023.01.03 18:55,16661.000000,16679.500000,16655.500000,16679.500000,453.337000
2023.01.03 19:00,16679.500000,16679.500000,16660.000000,16661.500000,370.015000
2023.01.03 19:05,16661.500000,16686.000000,16661.000000,16671.000000,541.174000
2023.01.03 19:10,16671.000000,16671.500000,16648.000000,16648.000000,244.938000
2023.01.03 19:15,16648.000000,16658.500000,16644.000000,16655.000000,252.070000
2023.01.03 19:20,16655.000000,16665.000000,16644.000000,16656.000000,262.614000
2023.01.03 19:25,16656.000000,16656.000000,16633.000000,16651.000000,389.513000
2023.01.03 19:30,16651.000000,16651.000000,16625.500000,16641.500000,515.481000
2023.01.03 19:35,16641.500000,16655.500000,16641.500000,16655.000000,463.532000
2023.01.03 19:40,16655.000000,16667.000000,16653.000000,16654.000000,286.624000
2023.01.03 19:45,16654.000000,16654.000000,16632.000000,16637.500000,235.831000
2023.01.03 19:50,16637.500000,16641.000000,16628.000000,16634.000000,249.080000
2023.01.03 19:55,16634.000000,16634.000000,16606.000000,16621.500000,1188.365000
2023.01.03 20:00,16621.500000,16629.000000,16614.000000,16628.500000,379.817000
2023.01.03 20:05,16628.500000,16641.500000,16628.500000,16637.500000,233.798000
2023.01.03 20:10,16637.500000,16641.000000,16637.500000,16640.000000,145.149000
2023.01.03 20:15,16640.000000,16640.000000,16633.500000,16633.500000,105.522000
2023.01.03 20:20,16633.500000,16634.000000,16618.000000,16622.500000,363.717000
2023.01.03 20:25,16622.500000,16628.500000,16622.000000,16624.000000,179.033000
2023.01.03 20:30,16624.000000,16635.000000,16624.000000,16634.500000,271.436000
2023.01.03 20:35,16634.500000,16635.500000,16631.000000,16631.000000,81.146000
2023.01.03 20:40,16631.000000,16631.500000,16620.000000,16620.500000,116.439000
2023.01.03 20:45,16620.500000,16622.000000,16605.000000,16620.500000,624.845000
2023.01.03 20:50,16620.500000,16627.000000,16620.500000,16624.500000,137.878000
2023.01.03 20:55,16624.500000,16635.500000,16616.000000,16630.500000,192.806000
2023.01.03 21:00,16630.500000,16639.500000,16630.500000,16639.500000,224.737000
2023.01.03 21:05,16639.500000,16639.500000,16630.500000,16633.500000,136.025000
2023.01.03 21:10,16633.500000,16640.000000,16631.000000,16631.000000,171.048000
2023.01.03 21:15,16631.000000,16638.000000,16631.000000,16636.500000,88.767000
2023.01.03 21:20,16636.500000,16636.500000,16630.500000,16630.500000,76.758000
2023.01.03 21:25,16630.500000,16648.000000,16630.500000,16648.000000,235.392000
2023.01.03 21:30,16648.000000,16650.000000,16642.500000,16643.500000,95.991000
2023.01.03 21:35,16643.500000,16653.000000,16643.500000,16648.500000,196.179000
2023.01.03 21:40,16648.500000,16649.000000,16645.500000,16645.500000,46.706000
2023.01.03 21:45,16645.500000,16646.000000,16636.500000,16640.500000,82.162000
2023.01.03 21:50,16640.500000,16649.000000,16640.500000,16644.500000,259.404000
2023.01.03 21:55,16644.500000,16644.500000,16641.000000,16642.000000,189.205000
2023.01.03 22:00,16642.000000,16644.500000,16635.500000,16636.000000,106.920000
2023.01.03 22:05,16636.000000,16636.000000,16635.500000,16635.500000,67.172000
2023.01.03 22:10,16635.500000,16636.000000,16620.500000,16632.000000,211.335000
2023.01.03 22:15,16632.000000,16643.500000,16631.500000,16638.000000,118.741000
2023.01.03 22:20,16638.000000,16640.500000,16627.000000,16627.000000,64.593000
2023.01.03 22:25,16627.000000,16631.500000,16627.000000,16631.000000,32.623000
2023.01.03 22:30,16631.000000,16631.500000,16624.000000,16626.000000,151.913000
2023.01.03 22:35,16626.000000,16626.500000,16626.000000,16626.500000,49.916000
2023.01.03 22:40,16626.500000,16641.000000,16626.000000,16640.500000,102.331000
2023.01.03 22:45,16640.500000,16656.500000,16640.500000,16649.000000,454.927000
2023.01.03 22:50,16649.000000,16651.500000,16643.500000,16646.500000,202.182000
2023.01.03 22:55,16646.500000,16652.000000,16639.500000,16645.000000,103.456000
2023.01.03 23:00,16645.000000,16649.500000,16642.000000,16649.500000,75.812000
2023.01.03 23:05,16649.500000,16653.500000,16647.000000,16647.000000,80.196000
2023.01.03 23:10,16647.000000,16665.000000,16647.000000,16663.500000,561.173000
2023.01.03 23:15,16663.500000,16668.000000,16653.500000,16653.500000,449.299000
2023.01.03 23:20,16653.500000,16654.000000,16648.500000,16649.000000,212.727000
2023.01.03 23:25,16649.000000,16655.000000,16648.500000,16654.500000,44.652000
2023.01.03 23:30,16654.500000,16665.500000,16654.500000,16665.000000,131.881000
2023.01.03 23:35,16665.000000,16667.000000,16656.000000,16658.500000,136.177000
2023.01.03 23:40,16658.500000,16661.000000,16655.000000,16655.500000,81.678000
2023.01.03 23:45,16655.500000,16658.000000,16647.000000,16654.500000,224.209000
2023.01.03 23:50,16654.500000,16660.000000,16654.000000,16655.500000,37.649000
2023.01.03 23:55,16655.500000,16662.000000,16655.500000,16661.500000,31.405000
2023.01.04 00:00,16661.500000,16662.000000,16658.500000,16658.500000,42.752000
2023.01.04 00:05,16658.500000,16659.000000,16658.500000,16659.000000,33.385000
2023.01.04 00:10,16659.000000,16660.500000,16658.500000,16660.500000,35.402000
2023.01.04 00:15,16660.500000,16665.000000,16660.500000,16664.500000,60.617000
2023.01.04 00:20,16664.500000,16669.000000,16664.500000,16665.500000,106.975000
2023.01.04 00:25,16665.500000,16670.000000,16665.000000,16669.000000,224.441000
2023.01.04 00:30,16669.000000,16669.500000,16664.000000,16664.500000,68.302000
2023.01.04 00:35,16664.500000,16672.500000,16662.500000,16667.500000,318.175000
2023.01.04 00:40,16667.500000,16670.000000,16666.500000,16669.500000,38.213000
2023.01.04 00:45,16669.500000,16670.000000,16664.000000,16664.000000,27.457000
2023.01.04 00:50,16664.000000,16669.500000,16664.000000,16668.000000,25.960000
2023.01.04 00:55,16668.000000,16669.000000,16662.000000,16662.000000,178.680000
2023.01.04 01:00,16662.000000,16662.500000,16662.000000,16662.500000,51.946000
2023.01.04 01:05,16662.500000,16662.500000,16662.000000,16662.000000,66.033000
2023.01.04 01:10,16662.000000,16662.500000,16642.000000,16647.500000,475.297000
2023.01.04 01:15,16647.500000,16650.000000,16647.000000,16649.500000,62.707000
2023.01.04 01:20,16649.500000,16658.500000,16649.500000,16654.000000,199.097000
2023.01.04 01:25,16654.000000,16659.500000,16653.500000,16659.500000,29.459000
2023.01.04 01:30,16659.500000,16662.000000,16659.500000,16661.500000,30.224000
2023.01.04 01:35,16661.500000,16664.500000,16661.500000,16663.500000,70.798000
2023.01.04 01:40,16663.500000,16666.500000,16651.500000,16656.000000,185.343000
2023.01.04 01:45,16656.000000,16661.500000,16656.000000,16661.000000,62.052000
2023.01.04 01:50,16661.000000,16663.000000,16661.000000,16662.500000,27.901000
2023.01.04 01:55,16662.500000,16675.500000,16662.500000,16672.500000,146.900000
2023.01.04 02:00,16672.500000,16693.500000,16669.000000,16670.000000,700.422000
2023.01.04 02:05,16670.000000,16686.000000,16670.000000,16685.000000,161.778000
2023.01.04 02:10,16685.000000,16687.500000,16675.000000,16675.000000,145.317000
2023.01.04 02:15,16675.000000,16680.000000,16675.000000,16677.500000,96.381000
2023.01.04 02:20,16677.500000,16677.500000,16672.000000,16672.500000,41.196000
2023.01.04 02:25,16672.500000,16677.500000,16670.500000,16675.000000,69.617000
2023.01.04 02:30,16675.000000,16675.000000,16664.500000,16667.000000,105.629000
2023.01.04 02:35,16667.000000,16667.500000,16667.000000,16667.000000,19.837000
2023.01.04 02:40,16667.000000,16667.500000,16667.000000,16667.000000,34.801000
2023.01.04 02:45,16667.000000,16673.500000,16667.000000,16673.000000,38.153000
2023.01.04 02:50,16673.000000,16674.000000,16670.000000,16670.500000,46.387000
2023.01.04 02:55,16670.500000,16670.500000,16670.000000,16670.000000,10.058000
2023.01.04 03:00,16670.000000,16670.500000,16667.000000,16667.000000,64.085000
2023.01.04 03:05,16667.000000,16667.500000,16662.000000,16662.000000,184.989000
2023.01.04 03:10,16662.000000,16664.500000,16662.000000,16664.500000,92.590000
2023.01.04 03:15,16664.500000,16670.500000,16662.000000,16670.000000,102.544000
2023.01.04 03:20,16670.000000,16670.500000,16665.000000,16668.500000,104.093000
2023.01.04 03:25,16668.500000,16671.000000,16668.500000,16671.000000,35.299000
2023.01.04 03:30,16671.000000,16671.000000,16668.500000,16668.500000,53.126000
2023.01.04 03:35,16668.500000,16668.500000,16655.000000,16655.500000,130.754000
2023.01.04 03:40,16655.500000,16657.500000,16655.000000,16657.000000,129.172000
2023.01.04 03:45,16657.000000,16657.500000,16652.000000,16654.500000,90.750000
2023.01.04 03:50,16654.500000,16657.000000,16654.000000,16656.500000,35.240000
2023.01.04 03:55,16656.500000,16657.000000,16656.500000,16656.500000,33.640000
2023.01.04 04:00,16656.500000,16665.000000,16656.500000,16665.000000,85.682000
2023.01.04 04:05,16665.000000,16679.500000,16664.500000,16679.000000,155.825000
2023.01.04 04:10,16679.000000,16715.000000,16679.000000,16692.000000,1096.246000
2023.01.04 04:15,16692.000000,16726.000000,16690.000000,16726.000000,582.908000
2023.01.04 04:20,16726.000000,16728.500000,16696.500000,16701.500000,678.381000
2023.01.04 04:25,16701.500000,16713.000000,16700.000000,16708.000000,205.062000
2023.01.04 04:30,16708.000000,16719.000000,16707.500000,16708.500000,373.031000
2023.01.04 04:35,16708.500000,16709.000000,16708.500000,16709.000000,58.661000
2023.01.04 04:40,16709.000000,16709.000000,16692.000000,16696.000000,284.055000
2023.01.04 04:45,16696.000000,16707.000000,16695.500000,16707.000000,306.382000
2023.01.04 04:50,16707.000000,16707.000000,16697.500000,16697.500000,123.465000
2023.01.04 04:55,16697.500000,16702.500000,16697.500000,16698.500000,126.165000
2023.01.04 05:00,16698.500000,16705.500000,16698.500000,16700.000000,74.429000
2023.01.04 05:05,16700.000000,16721.000000,16700.000000,16715.000000,247.546000
2023.01.04 05:10,16715.000000,16715.500000,16706.500000,16707.500000,120.609000
2023.01.04 05:15,16707.500000,16715.500000,16707.500000,16715.000000,80.072000
2023.01.04 05:20,16715.000000,16715.500000,16707.000000,16707.000000,66.589000
2023.01.04 05:25,16707.000000,16714.500000,16704.500000,16714.500000,119.764000
2023.01.04 05:30,16714.500000,16734.500000,16714.000000,16734.000000,444.302000
2023.01.04 05:35,16734.000000,16748.000000,16722.000000,16725.000000,920.976000
2023.01.04 05:40,16725.000000,16739.000000,16724.000000,16739.000000,135.153000
2023.01.04 05:45,16739.000000,16746.000000,16728.500000,16729.000000,327.042000
2023.01.04 05:50,16729.000000,16731.500000,16728.500000,16730.000000,215.252000
2023.01.04 05:55,16730.000000,16737.000000,16729.500000,16732.000000,244.177000
2023.01.04 06:00,16732.000000,16759.000000,16732.000000,16740.500000,620.713000
2023.01.04 06:05,16740.500000,16832.500000,16740.500000,16802.500000,6141.967000
2023.01.04 06:10,16802.500000,16839.000000,16790.500000,16831.500000,1425.877000
2023.01.04 06:15,16831.500000,16843.500000,16804.000000,16809.000000,1031.635000
2023.01.04 06:20,16809.000000,16814.500000,16792.000000,16792.000000,474.314000
2023.01.04 06:25,16792.000000,16804.000000,16784.500000,16796.500000,650.654000
2023.01.04 06:30,16796.500000,16811.500000,16796.000000,16811.500000,406.813000
2023.01.04 06:35,16811.500000,16821.000000,16799.500000,16799.500000,543.931000
2023.01.04 06:40,16799.500000,16809.000000,16799.500000,16806.500000,334.257000
2023.01.04 06:45,16806.500000,16809.000000,16806.500000,16808.500000,103.328000
2023.01.04 06:50,16808.500000,16828.500000,16808.500000,16822.500000,374.118000
2023.01.04 06:55,16822.500000,16869.500000,16822.500000,16853.500000,2063.379000
2023.01.04 07:00,16853.500000,16898.500000,16853.500000,16876.500000,3181.263000
2023.01.04 07:05,16876.500000,16880.000000,16864.500000,16864.500000,920.282000
2023.01.04 07:10,16864.500000,16865.000000,16844.500000,16847.000000,856.923000
2023.01.04 07:15,16847.000000,16867.000000,16847.000000,16849.500000,360.205000
2023.01.04 07:20,16849.500000,16859.000000,16844.000000,16844.000000,263.181000
2023.01.04 07:25,16844.000000,16858.000000,16844.000000,16844.500000,364.629000
2023.01.04 07:30,16844.500000,16860.000000,16844.500000,16859.500000,266.513000
2023.01.04 07:35,16859.500000,16868.000000,16859.000000,16863.500000,208.399000
2023.01.04 07:40,16863.500000,16867.500000,16862.000000,16862.500000,134.596000
2023.01.04 07:45,16862.500000,16865.500000,16861.500000,16865.500000,107.464000
2023.01.04 07:50,16865.500000,16866.500000,16850.000000,16850.000000,167.849000
2023.01.04 07:55,16850.000000,16853.500000,16850.000000,16851.000000,98.303000
2023.01.04 08:00,16851.000000,16852.500000,16841.000000,16841.000000,316.124000
2023.01.04 08:05,16841.000000,16843.500000,16837.500000,16838.500000,450.224000
2023.01.04 08:10,16838.500000,16838.500000,16832.500000,16833.000000,194.214000
2023.01.04 08:15,16833.000000,16841.000000,16832.500000,16841.000000,97.354000
2023.01.04 08:20,16841.000000,16843.500000,16840.500000,16841.000000,89.882000
2023.01.04 08:25,16841.000000,16845.000000,16840.500000,16844.500000,116.289000
2023.01.04 08:30,16844.500000,16845.000000,16843.500000,16843.500000,114.529000
2023.01.04 08:35,16843.500000,16844.000000,16840.000000,16840.500000,74.468000
2023.01.04 08:40,16840.500000,16840.500000,16837.500000,16838.000000,201.103000
2023.01.04 08:45,16838.000000,16839.500000,16836.000000,16839.000000,89.426000
2023.01.04 08:50,16839.000000,16845.000000,16839.000000,16845.000000,95.168000
2023.01.04 08:55,16845.000000,16850.000000,16844.500000,16849.500000,121.316000
2023.01.04 09:00,16849.500000,16856.000000,16849.500000,16855.500000,183.391000
2023.01.04 09:05,16855.500000,16856.000000,16846.000000,16846.500000,89.161000
2023.01.04 09:10,16846.500000,16849.000000,16846.500000,16847.000000,60.494000
2023.01.04 09:15,16847.000000,16854.000000,16846.500000,16854.000000,53.637000
2023.01.04 09:20,16854.000000,16858.500000,16851.000000,16857.500000,153.005000
2023.01.04 09:25,16857.500000,16858.500000,16857.500000,16858.000000,171.897000
2023.01.04 09:30,16858.000000,16858.000000,16850.000000,16850.000000,145.692000
2023.01.04 09:35,16850.000000,16853.500000,16847.500000,16847.500000,59.736000
2023.01.04 09:40,16847.500000,16853.500000,16847.500000,16853.000000,102.112000
2023.01.04 09:45,16853.000000,16862.500000,16853.000000,16861.500000,253.148000
2023.01.04 09:50,16861.500000,16863.500000,16859.500000,16863.500000,103.795000
2023.01.04 09:55,16863.500000,16875.000000,16863.500000,16875.000000,373.861000
2023.01.04 10:00,16875.000000,16889.500000,16864.000000,16864.500000,595.176000
2023.01.04 10:05,16864.500000,16864.500000,16846.000000,16857.000000,393.882000
2023.01.04 10:10,16857.000000,16876.000000,16857.000000,16867.000000,184.564000
2023.01.04 10:15,16867.000000,16867.000000,16853.500000,16854.000000,211.887000
2023.01.04 10:20,16854.000000,16854.000000,16848.000000,16848.500000,112.360000
2023.01.04 10:25,16848.500000,16848.500000,16848.000000,16848.000000,60.777000
2023.01.04 10:30,16848.000000,16848.500000,16846.000000,16846.000000,46.644000
2023.01.04 10:35,16846.000000,16865.500000,16846.000000,16865.500000,119.324000
2023.01.04 10:40,16865.500000,16867.500000,16865.000000,16867.500000,104.962000
2023.01.04 10:45,16867.500000,16872.500000,16867.500000,16869.000000,182.932000
2023.01.04 10:50,16869.000000,16869.000000,16850.000000,16850.000000,155.233000
2023.01.04 10:55,16850.000000,16865.000000,16850.000000,16864.500000,177.693000
2023.01.04 11:00,16864.500000,16867.000000,16864.000000,16866.500000,82.986000
2023.01.04 11:05,16866.500000,16867.000000,16865.500000,16866.000000,57.780000
2023.01.04 11:10,16866.000000,16885.500000,16865.500000,16872.500000,687.643000
2023.01.04 11:15,16872.500000,16885.500000,16870.500000,16883.500000,476.871000
2023.01.04 11:20,16883.500000,16903.000000,16848.500000,16853.500000,1927.267000
2023.01.04 11:25,16853.500000,16864.500000,16834.500000,16841.000000,680.805000
2023.01.04 11:30,16841.000000,16851.500000,16831.000000,16831.500000,605.513000
2023.01.04 11:35,16831.500000,16857.000000,16831.000000,16856.500000,393.784000
2023.01.04 11:40,16856.500000,16862.500000,16849.000000,16849.500000,187.432000
2023.01.04 11:45,16849.500000,16857.500000,16849.000000,16852.000000,105.668000
2023.01.04 11:50,16852.000000,16858.000000,16851.500000,16858.000000,61.628000
2023.01.04 11:55,16858.000000,16864.000000,16858.000000,16859.000000,230.695000
2023.01.04 12:00,16859.000000,16859.000000,16853.000000,16858.500000,153.288000
2023.01.04 12:05,16858.500000,16859.000000,16854.000000,16854.500000,87.653000
2023.01.04 12:10,16854.500000,16854.500000,16848.000000,16848.500000,138.883000
2023.01.04 12:15,16848.500000,16848.500000,16846.500000,16846.500000,88.455000
2023.01.04 12:20,16846.500000,16852.000000,16846.500000,16851.500000,91.144000
2023.01.04 12:25,16851.500000,16852.000000,16841.000000,16847.000000,236.449000
2023.01.04 12:30,16847.000000,16847.000000,16843.000000,16843.500000,137.398000
2023.01.04 12:35,16843.500000,16848.500000,16841.500000,16848.000000,249.985000
2023.01.04 12:40,16848.000000,16850.500000,16845.000000,16850.000000,116.257000
2023.01.04 12:45,16850.000000,16854.500000,16850.000000,16854.000000,123.505000
2023.01.04 12:50,16854.000000,16854.500000,16830.000000,16830.000000,501.633000
2023.01.04 12:55,16830.000000,16843.500000,16830.000000,16842.000000,245.721000
2023.01.04 13:00,16842.000000,16842.000000,16833.000000,16836.000000,116.639000
2023.01.04 13:05,16836.000000,16836.000000,16835.500000,16835.500000,152.741000
2023.01.04 13:10,16835.500000,16836.000000,16835.000000,16835.500000,54.962000
2023.01.04 13:15,16835.500000,16841.500000,16833.500000,16841.000000,145.295000
2023.01.04 13:20,16841.000000,16841.500000,16839.000000,16839.000000,210.163000
2023.01.04 13:25,16839.000000,16839.500000,16839.000000,16839.500000,83.765000
2023.01.04 13:30,16839.500000,16839.500000,16836.000000,16836.500000,85.752000
2023.01.04 13:35,16836.500000,16836.500000,16834.000000,16834.500000,68.313000
2023.01.04 13:40,16834.500000,16834.500000,16826.500000,16826.500000,182.892000
2023.01.04 13:45,16826.500000,16831.000000,16826.500000,16831.000000,140.446000
2023.01.04 13:50,16831.000000,16838.000000,16830.500000,16837.500000,99.312000
2023.01.04 13:55,16837.500000,16838.000000,16837.500000,16838.000000,79.911000
2023.01.04 14:00,16838.000000,16838.500000,16837.500000,16838.500000,118.815000
2023.01.04 14:05,16838.500000,16839.000000,16837.000000,16838.500000,250.561000
2023.01.04 14:10,16838.500000,16847.000000,16838.500000,16846.500000,167.059000
2023.01.04 14:15,16846.500000,16849.000000,16844.500000,16845.500000,102.827000
2023.01.04 14:20,16845.500000,16846.000000,16844.500000,16844.500000,42.812000
2023.01.04 14:25,16844.500000,16845.000000,16844.500000,16844.500000,32.353000
2023.01.04 14:30,16844.500000,16845.000000,16844.500000,16844.500000,26.105000
2023.01.04 14:35,16844.500000,16848.000000,16844.000000,16846.500000,112.869000
2023.01.04 14:40,16846.500000,16849.000000,16846.500000,16848.000000,99.284000
2023.01.04 14:45,16848.000000,16848.000000,16841.000000,16841.000000,111.853000
2023.01.04 14:50,16841.000000,16844.500000,16840.000000,16840.000000,137.761000
2023.01.04 14:55,16840.000000,16840.500000,16831.500000,16832.000000,255.119000
2023.01.04 15:00,16832.000000,16834.000000,16822.000000,16829.500000,387.643000
2023.01.04 15:05,16829.500000,16832.500000,16829.500000,16832.500000,146.733000
2023.01.04 15:10,16832.500000,16840.000000,16832.000000,16840.000000,220.736000
2023.01.04 15:15,16840.000000,16840.000000,16829.500000,16830.000000,151.090000
2023.01.04 15:20,16830.000000,16834.000000,16826.000000,16832.500000,100.944000
2023.01.04 15:25,16832.500000,16837.500000,16831.000000,16836.500000,91.836000
2023.01.04 15:30,16836.500000,16841.000000,16830.000000,16832.000000,163.961000
2023.01.04 15:35,16832.000000,16832.000000,16811.000000,16812.500000,502.934000
2023.01.04 15:40,16812.500000,16829.000000,16812.000000,16826.000000,444.842000
2023.01.04 15:45,16826.000000,16826.000000,16807.000000,16812.000000,436.879000
2023.01.04 15:50,16812.000000,16812.000000,16808.000000,16810.000000,414.481000
2023.01.04 15:55,16810.000000,16811.500000,16809.500000,16811.500000,207.208000
2023.01.04 16:00,16811.500000,16824.000000,16811.000000,16823.500000,384.329000
2023.01.04 16:05,16823.500000,16824.000000,16822.000000,16823.000000,232.147000
2023.01.04 16:10,16823.000000,16823.000000,16819.500000,16819.500000,110.588000
2023.01.04 16:15,16819.500000,16820.000000,16819.500000,16820.000000,112.825000
2023.01.04 16:20,16820.000000,16835.500000,16819.500000,16833.000000,330.042000
2023.01.04 16:25,16833.000000,16834.000000,16820.000000,16822.500000,180.461000
2023.01.04 16:30,16822.500000,16826.500000,16822.500000,16826.000000,76.082000
2023.01.04 16:35,16826.000000,16826.500000,16824.000000,16824.000000,63.758000
2023.01.04 16:40,16824.000000,16825.500000,16824.000000,16825.500000,48.930000
2023.01.04 16:45,16825.500000,16825.500000,16822.500000,16823.500000,125.030000
2023.01.04 16:50,16823.500000,16824.000000,16823.500000,16823.500000,82.803000
2023.01.04 16:55,16823.500000,16824.000000,16821.500000,16823.500000,110.747000
2023.01.04 17:00,16823.500000,16824.500000,16819.500000,16820.000000,117.442000
2023.01.04 17:05,16820.000000,16820.000000,16819.000000,16819.500000,110.523000
2023.01.04 17:10,16819.500000,16819.500000,16805.000000,16805.000000,387.154000
2023.01.04 17:15,16805.000000,16812.000000,16805.000000,16806.000000,217.435000
2023.01.04 17:20,16806.000000,16806.000000,16805.500000,16805.500000,91.030000
2023.01.04 17:25,16805.500000,16820.500000,16805.500000,16816.000000,222.150000
2023.01.04 17:30,16816.000000,16817.000000,16797.000000,16809.000000,632.514000
2023.01.04 17:35,16809.000000,16844.500000,16809.000000,16833.000000,778.612000
2023.01.04 17:40,16833.000000,16850.000000,16833.000000,16834.000000,1439.291000
2023.01.04 17:45,16834.000000,16842.000000,16820.000000,16820.000000,407.167000
2023.01.04 17:50,16820.000000,16834.500000,16817.500000,16822.000000,285.132000
2023.01.04 17:55,16822.000000,16827.000000,16810.500000,16827.000000,183.767000
2023.01.04 18:00,16827.000000,16844.500000,16760.500000,16801.000000,3114.722000
2023.01.04 18:05,16801.000000,16809.500000,16761.500000,16780.000000,1272.843000
2023.01.04 18:10,16780.000000,16789.000000,16764.000000,16788.500000,650.585000
2023.01.04 18:15,16788.500000,16812.000000,16788.500000,16805.000000,465.048000
2023.01.04 18:20,16805.000000,16810.500000,16800.000000,16809.000000,312.877000
2023.01.04 18:25,16809.000000,16816.000000,16800.000000,16815.500000,208.254000
2023.01.04 18:30,16815.500000,16822.000000,16803.500000,16821.500000,308.099000
2023.01.04 18:35,16821.500000,16832.000000,16814.500000,16815.000000,282.951000
2023.01.04 18:40,16815.000000,16830.000000,16807.000000,16830.000000,188.041000
2023.01.04 18:45,16830.000000,16845.000000,16829.500000,16838.500000,771.999000
2023.01.04 18:50,16838.500000,16850.000000,16835.500000,16847.500000,495.261000
2023.01.04 18:55,16847.500000,16850.000000,16841.000000,16850.000000,259.446000
2023.01.04 19:00,16850.000000,16850.000000,16839.500000,16839.500000,559.472000
2023.01.04 19:05,16839.500000,16847.000000,16825.500000,16846.500000,298.708000
2023.01.04 19:10,16846.500000,16875.000000,16846.500000,16874.500000,882.827000
2023.01.04 19:15,16874.500000,16891.500000,16859.500000,16860.000000,1544.411000
2023.01.04 19:20,16860.000000,16870.500000,16858.500000,16859.000000,346.272000
2023.01.04 19:25,16859.000000,16865.000000,16847.500000,16859.500000,526.225000
2023.01.04 19:30,16859.500000,16872.500000,16859.000000,16860.000000,435.516000
2023.01.04 19:35,16860.000000,16863.000000,16845.500000,16851.500000,324.172000
2023.01.04 19:40,16851.500000,16855.000000,16841.500000,16844.500000,347.466000
2023.01.04 19:45,16844.500000,16845.000000,16838.000000,16844.500000,242.575000
2023.01.04 19:50,16844.500000,16857.500000,16844.500000,16857.500000,211.010000
2023.01.04 19:55,16857.500000,16859.000000,16850.500000,16850.500000,130.309000
2023.01.04 20:00,16850.500000,16853.500000,16843.500000,16843.500000,193.312000
2023.01.04 20:05,16843.500000,16846.500000,16843.500000,16846.500000,68.210000
2023.01.04 20:10,16846.500000,16846.500000,16844.500000,16844.500000,32.407000
2023.01.04 20:15,16844.500000,16850.000000,16844.500000,16850.000000,84.201000
2023.01.04 20:20,16850.000000,16864.000000,16849.500000,16863.500000,127.736000
2023.01.04 20:25,16863.500000,16870.000000,16862.500000,16866.500000,260.722000
2023.01.04 20:30,16866.500000,16930.000000,16866.500000,16894.000000,3207.074000
2023.01.04 20:35,16894.000000,16906.000000,16888.500000,16894.000000,656.162000
2023.01.04 20:40,16894.000000,16912.000000,16894.000000,16911.500000,500.570000
2023.01.04 20:45,16911.500000,16920.000000,16895.000000,16899.500000,746.927000
2023.01.04 20:50,16899.500000,16908.500000,16895.000000,16895.000000,368.950000
2023.01.04 20:55,16895.000000,16895.500000,16881.000000,16881.000000,410.153000
2023.01.04 21:00,16881.000000,16881.500000,16859.000000,16878.500000,802.430000
2023.01.04 21:05,16878.500000,16900.000000,16878.000000,16893.500000,552.190000
2023.01.04 21:10,16893.500000,16895.000000,16884.000000,16891.500000,185.962000
2023.01.04 21:15,16891.500000,16905.000000,16888.000000,16899.000000,344.551000
2023.01.04 21:20,16899.000000,16915.000000,16899.000000,16910.500000,384.319000
2023.01.04 21:25,16910.500000,16917.000000,16903.500000,16908.000000,267.191000
2023.01.04 21:30,16908.000000,16927.500000,16907.500000,16925.000000,473.489000
2023.01.04 21:35,16925.000000,16945.500000,16922.000000,16938.500000,1313.997000
2023.01.04 21:40,16938.500000,16939.000000,16924.500000,16928.000000,541.399000
2023.01.04 21:45,16928.000000,16977.000000,16928.000000,16962.000000,1417.856000
2023.01.04 21:50,16962.000000,16982.000000,16952.500000,16966.500000,1008.490000
2023.01.04 21:55,16966.500000,16967.000000,16940.500000,16943.500000,810.791000
2023.01.04 22:00,16943.500000,16988.000000,16866.500000,16905.500000,3682.927000
2023.01.04 22:05,16905.500000,16917.000000,16872.000000,16872.500000,817.149000
2023.01.04 22:10,16872.500000,16888.000000,16856.000000,16871.000000,840.217000
2023.01.04 22:15,16871.000000,16895.000000,16866.500000,16889.500000,767.529000
2023.01.04 22:20,16889.500000,16897.000000,16845.000000,16854.000000,912.122000
2023.01.04 22:25,16854.000000,16854.000000,16776.500000,16801.500000,2786.635000
2023.01.04 22:30,16801.500000,16813.500000,16778.000000,16805.000000,1396.700000
2023.01.04 22:35,16805.000000,16828.500000,16804.500000,16822.000000,660.500000
2023.01.04 22:40,16822.000000,16836.500000,16813.000000,16827.000000,456.923000
2023.01.04 22:45,16827.000000,16837.000000,16816.000000,16816.000000,371.108000
2023.01.04 22:50,16816.000000,16822.000000,16808.500000,16808.500000,132.585000
2023.01.04 22:55,16808.500000,16835.000000,16803.000000,16835.000000,346.123000
2023.01.04 23:00,16835.000000,16836.000000,16823.500000,16830.500000,227.446000
2023.01.04 23:05,16830.500000,16837.000000,16820.000000,16828.000000,213.088000
2023.01.04 23:10,16828.000000,16829.500000,16818.500000,16818.500000,129.619000
2023.01.04 23:15,16818.500000,16831.500000,16817.000000,16831.000000,119.387000
2023.01.04 23:20,16831.000000,16834.000000,16822.500000,16830.000000,122.138000
2023.01.04 23:25,16830.000000,16842.500000,16828.000000,16832.000000,267.171000
2023.01.04 23:30,16832.000000,16832.000000,16818.500000,16818.500000,135.881000
2023.01.04 23:35,16818.500000,16819.000000,16797.500000,16801.000000,397.715000
2023.01.04 23:40,16801.000000,16801.500000,16767.500000,16789.500000,832.175000
2023.01.04 23:45,16789.500000,16807.000000,16776.000000,16807.000000,423.258000
2023.01.04 23:50,16807.000000,16808.000000,16786.000000,16795.500000,221.025000
2023.01.04 23:55,16795.500000,16802.000000,16773.000000,16801.500000,436.371000
2023.01.05 00:00,16801.500000,16801.500000,16790.500000,16801.000000,270.087000
2023.01.05 00:05,16801.000000,16806.500000,16798.000000,16800.000000,133.979000
2023.01.05 00:10,16800.000000,16808.000000,16800.000000,16808.000000,92.272000
2023.01.05 00:15,16808.000000,16808.000000,16806.000000,16808.000000,113.021000
2023.01.05 00:20,16808.000000,16816.500000,16807.500000,16816.500000,141.904000
2023.01.05 00:25,16816.500000,16820.000000,16815.000000,16819.500000,236.999000
2023.01.05 00:30,16819.500000,16821.000000,16815.000000,16817.000000,124.658000
2023.01.05 00:35,16817.000000,16819.000000,16805.000000,16813.500000,352.233000
2023.01.05 00:40,16813.500000,16814.000000,16813.500000,16813.500000,45.070000
2023.01.05 00:45,16813.500000,16814.000000,16812.000000,16812.000000,45.977000
2023.01.05 00:50,16812.000000,16812.500000,16812.000000,16812.500000,42.849000
2023.01.05 00:55,16812.500000,16817.000000,16812.000000,16816.500000,44.135000
2023.01.05 01:00,16816.500000,16821.500000,16816.500000,16821.000000,89.136000
2023.01.05 01:05,16821.000000,16821.500000,16821.000000,16821.500000,67.141000
2023.01.05 01:10,16821.500000,16821.500000,16815.500000,16815.500000,198.129000
2023.01.05 01:15,16815.500000,16816.000000,16803.500000,16810.500000,154.515000
2023.01.05 01:20,16810.500000,16818.500000,16810.000000,16818.500000,104.677000
2023.01.05 01:25,16818.500000,16825.000000,16818.500000,16824.000000,99.624000
2023.01.05 01:30,16824.000000,16824.000000,16818.500000,16818.500000,42.496000
2023.01.05 01:35,16818.500000,16836.500000,16818.500000,16828.500000,470.849000
2023.01.05 01:40,16828.500000,16838.000000,16828.000000,16833.000000,237.297000
2023.01.05 01:45,16833.000000,16833.000000,16824.500000,16824.500000,85.830000
2023.01.05 01:50,16824.500000,16825.000000,16824.500000,16825.000000,35.688000
2023.01.05 01:55,16825.000000,16825.000000,16817.500000,16817.500000,105.030000
2023.01.05 02:00,16817.500000,16828.000000,16812.000000,16817.500000,277.535000
2023.01.05 02:05,16817.500000,16826.500000,16817.000000,16824.000000,100.903000
2023.01.05 02:10,16824.000000,16836.000000,16824.000000,16836.000000,164.417000
2023.01.05 02:15,16836.000000,16836.000000,16828.000000,16835.500000,106.305000
2023.01.05 02:20,16835.500000,16846.500000,16835.500000,16846.000000,325.080000
2023.01.05 02:25,16846.000000,16846.500000,16835.500000,16843.500000,133.923000
2023.01.05 02:30,16843.500000,16861.500000,16843.500000,16857.000000,557.656000
2023.01.05 02:35,16857.000000,16859.500000,16855.000000,16859.500000,189.482000
2023.01.05 02:40,16859.500000,16859.500000,16853.500000,16853.500000,107.594000
2023.01.05 02:45,16853.500000,16854.000000,16847.000000,16847.000000,140.506000
2023.01.05 02:50,16847.000000,16854.000000,16847.000000,16853.500000,79.523000
2023.01.05 02:55,16853.500000,16854.000000,16847.500000,16847.500000,76.687000
2023.01.05 03:00,16847.500000,16857.000000,16847.500000,16852.000000,329.658000
2023.01.05 03:05,16852.000000,16853.000000,16851.500000,16852.500000,100.757000
2023.01.05 03:10,16852.500000,16858.500000,16849.000000,16858.000000,128.382000
2023.01.05 03:15,16858.000000,16873.500000,16858.000000,16872.000000,217.357000
2023.01.05 03:20,16872.000000,16872.000000,16861.000000,16863.000000,153.974000
2023.01.05 03:25,16863.000000,16865.000000,16860.500000,16860.500000,77.331000
2023.01.05 03:30,16860.500000,16861.000000,16858.000000,16858.500000,70.619000
2023.01.05 03:35,16858.500000,16858.500000,16854.000000,16854.500000,54.138000
2023.01.05 03:40,16854.500000,16854.500000,16842.500000,16842.500000,129.137000
2023.01.05 03:45,16842.500000,16844.500000,16833.000000,16833.500000,243.172000
2023.01.05 03:50,16833.500000,16838.500000,16833.000000,16834.500000,127.570000
2023.01.05 03:55,16834.500000,16834.500000,16821.500000,16821.500000,157.320000
