2023.01.01 00:00,15.825000,15.835000,15.825000,15.835000,1130.800000
2023.01.01 00:05,15.835000,15.845000,15.830000,15.835000,1408.200000
2023.01.01 00:10,15.835000,15.865000,15.830000,15.855000,1529.700000
2023.01.01 00:15,15.855000,15.860000,15.830000,15.845000,2159.800000
2023.01.01 00:20,15.845000,15.845000,15.820000,15.825000,312.000000
2023.01.01 00:25,15.825000,15.825000,15.820000,15.820000,0.700000
2023.01.01 00:30,15.820000,15.830000,15.805000,15.805000,169.500000
2023.01.01 00:35,15.805000,15.815000,15.795000,15.795000,1104.100000
2023.01.01 00:40,15.795000,15.800000,15.775000,15.775000,1310.300000
2023.01.01 00:45,15.775000,15.780000,15.770000,15.780000,1351.100000
2023.01.01 00:50,15.780000,15.780000,15.750000,15.755000,212.600000
2023.01.01 00:55,15.755000,15.765000,15.750000,15.750000,1463.100000
2023.01.01 01:00,15.750000,15.750000,15.745000,15.750000,477.000000
2023.01.01 01:05,15.750000,15.750000,15.725000,15.735000,5683.500000
2023.01.01 01:10,15.735000,15.750000,15.725000,15.745000,37843.600000
2023.01.01 01:15,15.745000,15.760000,15.725000,15.725000,4203.400000
2023.01.01 01:20,15.725000,15.730000,15.700000,15.700000,1644.500000
2023.01.01 01:25,15.700000,15.715000,15.700000,15.705000,3326.700000
2023.01.01 01:30,15.705000,15.725000,15.705000,15.710000,620.100000
2023.01.01 01:35,15.710000,15.715000,15.585000,15.645000,47152.800000
2023.01.01 01:40,15.645000,15.665000,15.635000,15.665000,5882.200000
2023.01.01 01:45,15.665000,15.670000,15.660000,15.660000,2174.700000
2023.01.01 01:50,15.660000,15.665000,15.595000,15.650000,2755.300000
2023.01.01 01:55,15.650000,15.675000,15.650000,15.670000,497.700000
2023.01.01 02:00,15.670000,15.675000,15.640000,15.645000,6880.000000
2023.01.01 02:05,15.645000,15.655000,15.615000,15.630000,4341.100000
2023.01.01 02:10,15.630000,15.655000,15.620000,15.650000,1794.300000
2023.01.01 02:15,15.650000,15.665000,15.650000,15.655000,1809.300000
2023.01.01 02:20,15.655000,15.660000,15.645000,15.655000,204.700000
2023.01.01 02:25,15.655000,15.675000,15.655000,15.675000,280.900000
2023.01.01 02:30,15.675000,15.695000,15.675000,15.695000,940.600000
2023.01.01 02:35,15.695000,15.720000,15.695000,15.715000,615.100000
2023.01.01 02:40,15.715000,15.720000,15.700000,15.700000,5866.200000
2023.01.01 02:45,15.700000,15.710000,15.690000,15.690000,26546.900000
2023.01.01 02:50,15.690000,15.690000,15.690000,15.690000,8.700000
2023.01.01 02:55,15.690000,15.690000,15.665000,15.680000,1354.800000
2023.01.01 03:00,15.680000,15.710000,15.670000,15.685000,8339.700000
2023.01.01 03:05,15.685000,15.700000,15.645000,15.655000,1956.600000
2023.01.01 03:10,15.655000,15.655000,15.630000,15.640000,697.800000
2023.01.01 03:15,15.640000,15.660000,15.630000,15.660000,7946.100000
2023.01.01 03:20,15.660000,15.675000,15.635000,15.640000,4255.400000
2023.01.01 03:25,15.640000,15.675000,15.640000,15.675000,210.300000
2023.01.01 03:30,15.675000,15.685000,15.645000,15.645000,1025.700000
2023.01.01 03:35,15.645000,15.650000,15.615000,15.640000,7676.400000
2023.01.01 03:40,15.640000,15.645000,15.615000,15.625000,302.300000
2023.01.01 03:45,15.625000,15.645000,15.620000,15.645000,1273.900000
2023.01.01 03:50,15.645000,15.660000,15.630000,15.660000,886.300000
2023.01.01 03:55,15.660000,15.660000,15.650000,15.650000,353.500000
2023.01.01 04:00,15.650000,15.670000,15.640000,15.645000,2114.700000
2023.01.01 04:05,15.645000,15.665000,15.640000,15.665000,231.400000
2023.01.01 04:10,15.665000,15.675000,15.665000,15.665000,104.900000
2023.01.01 04:15,15.665000,15.675000,15.655000,15.670000,1482.500000
2023.01.01 04:20,15.670000,15.685000,15.655000,15.680000,2171.500000
2023.01.01 04:25,15.680000,15.680000,15.680000,15.680000,0.300000
2023.01.01 04:30,15.680000,15.695000,15.675000,15.675000,1374.300000
2023.01.01 04:35,15.675000,15.700000,15.675000,15.700000,647.100000
2023.01.01 04:40,15.700000,15.715000,15.690000,15.695000,669.700000
2023.01.01 04:45,15.695000,15.710000,15.695000,15.710000,915.200000
2023.01.01 04:50,15.710000,15.720000,15.690000,15.695000,1022.400000
2023.01.01 04:55,15.695000,15.735000,15.695000,15.715000,5617.900000
2023.01.01 05:00,15.715000,15.715000,15.690000,15.690000,1021.800000
2023.01.01 05:05,15.690000,15.690000,15.685000,15.685000,0.400000
2023.01.01 05:10,15.685000,15.705000,15.680000,15.705000,458.400000
2023.01.01 05:15,15.705000,15.710000,15.695000,15.700000,127.100000
2023.01.01 05:20,15.700000,15.720000,15.700000,15.720000,1076.200000
2023.01.01 05:25,15.720000,15.735000,15.715000,15.720000,930.600000
2023.01.01 05:30,15.720000,15.755000,15.720000,15.745000,5700.400000
2023.01.01 05:35,15.745000,15.745000,15.725000,15.725000,1103.800000
2023.01.01 05:40,15.725000,15.730000,15.705000,15.705000,912.400000
2023.01.01 05:45,15.705000,15.715000,15.705000,15.705000,83.300000
2023.01.01 05:50,15.705000,15.710000,15.705000,15.710000,0.100000
2023.01.01 05:55,15.710000,15.710000,15.705000,15.705000,0.300000
2023.01.01 06:00,15.705000,15.705000,15.660000,15.660000,830.000000
2023.01.01 06:05,15.660000,15.680000,15.660000,15.675000,2644.400000
2023.01.01 06:10,15.675000,15.680000,15.655000,15.675000,2767.100000
2023.01.01 06:15,15.675000,15.675000,15.645000,15.650000,494.500000
2023.01.01 06:20,15.650000,15.670000,15.645000,15.665000,286.900000
2023.01.01 06:25,15.665000,15.665000,15.665000,15.665000,1.300000
2023.01.01 06:30,15.665000,15.690000,15.665000,15.690000,489.100000
2023.01.01 06:35,15.690000,15.695000,15.685000,15.690000,3065.600000
2023.01.01 06:40,15.690000,15.690000,15.685000,15.690000,1092.500000
2023.01.01 06:45,15.690000,15.705000,15.690000,15.695000,1650.500000
2023.01.01 06:50,15.695000,15.705000,15.685000,15.705000,492.500000
2023.01.01 06:55,15.705000,15.715000,15.705000,15.710000,833.000000
2023.01.01 07:00,15.710000,15.745000,15.705000,15.745000,1586.000000
2023.01.01 07:05,15.745000,15.745000,15.710000,15.710000,1338.400000
2023.01.01 07:10,15.710000,15.710000,15.680000,15.690000,395.800000
2023.01.01 07:15,15.690000,15.695000,15.670000,15.670000,2924.600000
2023.01.01 07:20,15.670000,15.675000,15.655000,15.665000,2091.000000
2023.01.01 07:25,15.665000,15.690000,15.665000,15.670000,454.800000
2023.01.01 07:30,15.670000,15.670000,15.660000,15.665000,12.900000
2023.01.01 07:35,15.665000,15.670000,15.660000,15.670000,12.000000
2023.01.01 07:40,15.670000,15.670000,15.635000,15.635000,3726.800000
2023.01.01 07:45,15.635000,15.635000,15.610000,15.615000,5168.200000
2023.01.01 07:50,15.615000,15.640000,15.610000,15.635000,848.500000
2023.01.01 07:55,15.635000,15.640000,15.615000,15.620000,1989.100000
2023.01.01 08:00,15.620000,15.650000,15.620000,15.650000,626.300000
2023.01.01 08:05,15.650000,15.650000,15.645000,15.645000,59.100000
2023.01.01 08:10,15.645000,15.645000,15.635000,15.645000,1348.000000
2023.01.01 08:15,15.645000,15.645000,15.635000,15.635000,27.700000
2023.01.01 08:20,15.635000,15.635000,15.605000,15.635000,3532.200000
2023.01.01 08:25,15.635000,15.650000,15.635000,15.645000,66.600000
2023.01.01 08:30,15.645000,15.650000,15.645000,15.645000,2690.300000
2023.01.01 08:35,15.645000,15.645000,15.625000,15.625000,1330.100000
2023.01.01 08:40,15.625000,15.635000,15.625000,15.635000,1624.200000
2023.01.01 08:45,15.635000,15.670000,15.635000,15.660000,2613.500000
2023.01.01 08:50,15.660000,15.675000,15.655000,15.655000,824.000000
2023.01.01 08:55,15.655000,15.675000,15.655000,15.665000,665.900000
2023.01.01 09:00,15.665000,15.690000,15.665000,15.685000,1134.900000
2023.01.01 09:05,15.685000,15.695000,15.675000,15.690000,1677.100000
2023.01.01 09:10,15.690000,15.695000,15.675000,15.675000,1891.000000
2023.01.01 09:15,15.675000,15.705000,15.675000,15.700000,691.000000
2023.01.01 09:20,15.700000,15.705000,15.680000,15.695000,1628.100000
2023.01.01 09:25,15.695000,15.710000,15.690000,15.695000,5003.500000
2023.01.01 09:30,15.695000,15.710000,15.685000,15.690000,516.400000
2023.01.01 09:35,15.690000,15.690000,15.680000,15.680000,0.400000
2023.01.01 09:40,15.680000,15.690000,15.665000,15.685000,1558.500000
2023.01.01 09:45,15.685000,15.690000,15.685000,15.690000,0.300000
2023.01.01 09:50,15.690000,15.690000,15.675000,15.675000,800.500000
2023.01.01 09:55,15.675000,15.675000,15.660000,15.665000,925.500000
2023.01.01 10:00,15.665000,15.685000,15.665000,15.670000,3073.000000
2023.01.01 10:05,15.670000,15.670000,15.645000,15.665000,4485.200000
2023.01.01 10:10,15.665000,15.665000,15.650000,15.655000,62.400000
2023.01.01 10:15,15.655000,15.655000,15.635000,15.640000,3398.200000
2023.01.01 10:20,15.640000,15.640000,15.625000,15.640000,2467.600000
2023.01.01 10:25,15.640000,15.645000,15.625000,15.645000,2038.700000
2023.01.01 10:30,15.645000,15.655000,15.645000,15.650000,4177.000000
2023.01.01 10:35,15.650000,15.655000,15.630000,15.645000,6005.100000
2023.01.01 10:40,15.645000,15.675000,15.645000,15.675000,333.500000
2023.01.01 10:45,15.675000,15.675000,15.670000,15.675000,203.200000
2023.01.01 10:50,15.675000,15.675000,15.655000,15.660000,994.500000
2023.01.01 10:55,15.660000,15.665000,15.655000,15.665000,227.400000
2023.01.01 11:00,15.665000,15.670000,15.655000,15.670000,1880.300000
2023.01.01 11:05,15.670000,15.670000,15.635000,15.640000,2547.100000
2023.01.01 11:10,15.640000,15.640000,15.625000,15.625000,1639.400000
2023.01.01 11:15,15.625000,15.645000,15.615000,15.640000,194.800000
2023.01.01 11:20,15.640000,15.640000,15.620000,15.635000,840.100000
2023.01.01 11:25,15.635000,15.640000,15.635000,15.640000,187.400000
2023.01.01 11:30,15.640000,15.660000,15.640000,15.660000,1797.400000
2023.01.01 11:35,15.660000,15.665000,15.650000,15.655000,463.800000
2023.01.01 11:40,15.655000,15.660000,15.650000,15.655000,37.200000
2023.01.01 11:45,15.655000,15.655000,15.645000,15.645000,177.100000
2023.01.01 11:50,15.645000,15.645000,15.630000,15.640000,1834.800000
2023.01.01 11:55,15.640000,15.645000,15.630000,15.635000,165.400000
2023.01.01 12:00,15.635000,15.635000,15.610000,15.615000,1279.600000
2023.01.01 12:05,15.615000,15.615000,15.595000,15.600000,1286.000000
2023.01.01 12:10,15.600000,15.610000,15.590000,15.605000,6547.400000
2023.01.01 12:15,15.605000,15.625000,15.605000,15.625000,747.500000
2023.01.01 12:20,15.625000,15.645000,15.625000,15.640000,3147.900000
2023.01.01 12:25,15.640000,15.645000,15.625000,15.630000,834.300000
2023.01.01 12:30,15.630000,15.655000,15.620000,15.655000,6668.500000
2023.01.01 12:35,15.655000,15.655000,15.645000,15.650000,68.700000
2023.01.01 12:40,15.650000,15.675000,15.640000,15.665000,1514.700000
2023.01.01 12:45,15.665000,15.670000,15.655000,15.655000,334.000000
2023.01.01 12:50,15.655000,15.670000,15.655000,15.665000,107.000000
2023.01.01 12:55,15.665000,15.675000,15.665000,15.665000,871.700000
2023.01.01 13:00,15.665000,15.680000,15.650000,15.660000,2223.800000
2023.01.01 13:05,15.660000,15.660000,15.630000,15.630000,479.400000
2023.01.01 13:10,15.630000,15.665000,15.630000,15.665000,778.100000
2023.01.01 13:15,15.665000,15.670000,15.645000,15.645000,1917.700000
2023.01.01 13:20,15.645000,15.670000,15.645000,15.650000,1368.300000
2023.01.01 13:25,15.650000,15.660000,15.650000,15.655000,1052.500000
2023.01.01 13:30,15.655000,15.655000,15.640000,15.640000,198.200000
2023.01.01 13:35,15.640000,15.655000,15.640000,15.650000,47.400000
2023.01.01 13:40,15.650000,15.655000,15.645000,15.655000,153.600000
2023.01.01 13:45,15.655000,15.665000,15.650000,15.665000,374.300000
2023.01.01 13:50,15.665000,15.675000,15.660000,15.670000,754.300000
2023.01.01 13:55,15.670000,15.685000,15.665000,15.680000,526.700000
2023.01.01 14:00,15.680000,15.705000,15.680000,15.680000,5249.700000
2023.01.01 14:05,15.680000,15.710000,15.675000,15.710000,915.800000
2023.01.01 14:10,15.710000,15.710000,15.680000,15.680000,761.300000
2023.01.01 14:15,15.680000,15.685000,15.665000,15.665000,1039.500000
2023.01.01 14:20,15.665000,15.680000,15.665000,15.675000,326.600000
2023.01.01 14:25,15.675000,15.675000,15.655000,15.660000,1695.000000
2023.01.01 14:30,15.660000,15.660000,15.655000,15.655000,7.400000
2023.01.01 14:35,15.655000,15.655000,15.650000,15.655000,155.900000
2023.01.01 14:40,15.655000,15.655000,15.650000,15.650000,158.400000
2023.01.01 14:45,15.650000,15.660000,15.650000,15.655000,190.600000
2023.01.01 14:50,15.655000,15.655000,15.645000,15.650000,1512.600000
2023.01.01 14:55,15.650000,15.670000,15.650000,15.670000,1556.200000
2023.01.01 15:00,15.670000,15.670000,15.665000,15.665000,151.300000
2023.01.01 15:05,15.665000,15.680000,15.665000,15.675000,1707.600000
2023.01.01 15:10,15.675000,15.705000,15.665000,15.700000,1371.400000
2023.01.01 15:15,15.700000,15.700000,15.685000,15.690000,1096.200000
2023.01.01 15:20,15.690000,15.700000,15.680000,15.680000,836.600000
2023.01.01 15:25,15.680000,15.700000,15.680000,15.700000,549.500000
2023.01.01 15:30,15.700000,15.700000,15.680000,15.680000,5.600000
2023.01.01 15:35,15.680000,15.690000,15.680000,15.685000,509.200000
2023.01.01 15:40,15.685000,15.685000,15.680000,15.685000,305.700000
2023.01.01 15:45,15.685000,15.700000,15.685000,15.700000,465.300000
2023.01.01 15:50,15.700000,15.700000,15.690000,15.700000,280.700000
2023.01.01 15:55,15.700000,15.700000,15.690000,15.690000,208.800000
2023.01.01 16:00,15.690000,15.710000,15.690000,15.710000,433.100000
2023.01.01 16:05,15.710000,15.710000,15.680000,15.680000,181.900000
2023.01.01 16:10,15.680000,15.685000,15.665000,15.665000,366.700000
2023.01.01 16:15,15.665000,15.680000,15.665000,15.665000,591.800000
2023.01.01 16:20,15.665000,15.670000,15.665000,15.665000,1296.400000
2023.01.01 16:25,15.665000,15.665000,15.655000,15.660000,59.500000
2023.01.01 16:30,15.660000,15.675000,15.645000,15.650000,3198.600000
2023.01.01 16:35,15.650000,15.650000,15.630000,15.645000,872.200000
2023.01.01 16:40,15.645000,15.645000,15.630000,15.635000,74.000000
2023.01.01 16:45,15.635000,15.645000,15.630000,15.645000,62.800000
2023.01.01 16:50,15.645000,15.645000,15.630000,15.640000,897.600000
2023.01.01 16:55,15.640000,15.645000,15.630000,15.640000,525.800000
2023.01.01 17:00,15.640000,15.660000,15.640000,15.655000,642.900000
2023.01.01 17:05,15.655000,15.675000,15.650000,15.650000,1666.800000
2023.01.01 17:10,15.650000,15.655000,15.635000,15.650000,3401.700000
2023.01.01 17:15,15.650000,15.655000,15.645000,15.655000,49.600000
2023.01.01 17:20,15.655000,15.660000,15.650000,15.660000,1591.200000
2023.01.01 17:25,15.660000,15.670000,15.655000,15.665000,576.900000
2023.01.01 17:30,15.665000,15.685000,15.665000,15.680000,937.800000
2023.01.01 17:35,15.680000,15.685000,15.665000,15.670000,291.800000
2023.01.01 17:40,15.670000,15.670000,15.650000,15.650000,227.500000
2023.01.01 17:45,15.650000,15.670000,15.650000,15.670000,2865.300000
2023.01.01 17:50,15.670000,15.675000,15.665000,15.665000,1700.300000
2023.01.01 17:55,15.665000,15.675000,15.650000,15.660000,506.400000
2023.01.01 18:00,15.660000,15.670000,15.650000,15.650000,285.300000
2023.01.01 18:05,15.650000,15.665000,15.645000,15.665000,1952.100000
2023.01.01 18:10,15.665000,15.665000,15.645000,15.650000,535.100000
2023.01.01 18:15,15.650000,15.650000,15.640000,15.645000,302.600000
2023.01.01 18:20,15.645000,15.645000,15.630000,15.635000,955.300000
2023.01.01 18:25,15.635000,15.645000,15.620000,15.645000,4996.300000
2023.01.01 18:30,15.645000,15.660000,15.645000,15.660000,114.000000
2023.01.01 18:35,15.660000,15.665000,15.655000,15.665000,575.800000
2023.01.01 18:40,15.665000,15.675000,15.665000,15.675000,16.100000
2023.01.01 18:45,15.675000,15.675000,15.655000,15.655000,94.300000
2023.01.01 18:50,15.655000,15.660000,15.655000,15.655000,1.900000
2023.01.01 18:55,15.655000,15.685000,15.655000,15.685000,1788.200000
2023.01.01 19:00,15.685000,15.700000,15.680000,15.680000,2369.300000
2023.01.01 19:05,15.680000,15.700000,15.675000,15.695000,220.300000
2023.01.01 19:10,15.695000,15.700000,15.670000,15.680000,1099.700000
2023.01.01 19:15,15.680000,15.680000,15.670000,15.680000,973.200000
2023.01.01 19:20,15.680000,15.685000,15.670000,15.675000,178.500000
2023.01.01 19:25,15.675000,15.695000,15.675000,15.690000,2598.800000
2023.01.01 19:30,15.690000,15.700000,15.690000,15.695000,1613.100000
2023.01.01 19:35,15.695000,15.705000,15.690000,15.690000,4280.500000
2023.01.01 19:40,15.690000,15.700000,15.680000,15.680000,1940.000000
2023.01.01 19:45,15.680000,15.695000,15.680000,15.695000,90.900000
2023.01.01 19:50,15.695000,15.695000,15.665000,15.675000,7739.600000
2023.01.01 19:55,15.675000,15.685000,15.670000,15.675000,1243.200000
2023.01.01 20:00,15.675000,15.685000,15.670000,15.670000,320.200000
2023.01.01 20:05,15.670000,15.680000,15.670000,15.680000,258.100000
2023.01.01 20:10,15.680000,15.690000,15.680000,15.690000,21.700000
2023.01.01 20:15,15.690000,15.715000,15.690000,15.710000,3903.500000
2023.01.01 20:20,15.710000,15.735000,15.710000,15.735000,3753.400000
2023.01.01 20:25,15.735000,15.750000,15.710000,15.710000,4901.200000
2023.01.01 20:30,15.710000,15.715000,15.690000,15.690000,2438.500000
2023.01.01 20:35,15.690000,15.705000,15.685000,15.700000,903.900000
2023.01.01 20:40,15.700000,15.715000,15.700000,15.710000,198.000000
2023.01.01 20:45,15.710000,15.710000,15.700000,15.705000,204.500000
2023.01.01 20:50,15.705000,15.710000,15.700000,15.710000,557.400000
2023.01.01 20:55,15.710000,15.710000,15.700000,15.705000,331.500000
2023.01.01 21:00,15.705000,15.730000,15.695000,15.730000,1626.100000
2023.01.01 21:05,15.730000,15.760000,15.725000,15.750000,7424.600000
2023.01.01 21:10,15.750000,15.765000,15.730000,15.735000,3788.100000
2023.01.01 21:15,15.735000,15.735000,15.715000,15.715000,850.100000
2023.01.01 21:20,15.715000,15.725000,15.710000,15.720000,3352.800000
2023.01.01 21:25,15.720000,15.735000,15.720000,15.725000,233.400000
2023.01.01 21:30,15.725000,15.765000,15.725000,15.760000,2182.800000
2023.01.01 21:35,15.760000,15.760000,15.740000,15.745000,304.600000
2023.01.01 21:40,15.745000,15.745000,15.735000,15.740000,636.000000
2023.01.01 21:45,15.740000,15.745000,15.725000,15.730000,195.600000
2023.01.01 21:50,15.730000,15.730000,15.720000,15.725000,595.200000
2023.01.01 21:55,15.725000,15.725000,15.720000,15.720000,3.600000
2023.01.01 22:00,15.720000,15.740000,15.720000,15.740000,288.500000
2023.01.01 22:05,15.740000,15.740000,15.730000,15.735000,236.600000
2023.01.01 22:10,15.735000,15.750000,15.730000,15.745000,1424.700000
2023.01.01 22:15,15.745000,15.775000,15.745000,15.765000,3995.100000
2023.01.01 22:20,15.765000,15.770000,15.750000,15.755000,671.000000
2023.01.01 22:25,15.755000,15.765000,15.745000,15.760000,84.900000
2023.01.01 22:30,15.760000,15.765000,15.750000,15.750000,714.600000
2023.01.01 22:35,15.750000,15.765000,15.750000,15.760000,90.800000
2023.01.01 22:40,15.760000,15.790000,15.760000,15.770000,9265.700000
2023.01.01 22:45,15.770000,15.785000,15.760000,15.780000,2256.200000
2023.01.01 22:50,15.780000,15.785000,15.775000,15.780000,110.100000
2023.01.01 22:55,15.780000,15.780000,15.760000,15.770000,1154.800000
2023.01.01 23:00,15.770000,15.795000,15.770000,15.775000,1040.900000
2023.01.01 23:05,15.775000,15.785000,15.775000,15.775000,80.500000
2023.01.01 23:10,15.775000,15.790000,15.775000,15.785000,2580.700000
2023.01.01 23:15,15.785000,15.790000,15.780000,15.790000,728.100000
2023.01.01 23:20,15.790000,15.830000,15.775000,15.815000,6582.200000
2023.01.01 23:25,15.815000,15.825000,15.795000,15.795000,2835.000000
2023.01.01 23:30,15.795000,15.840000,15.795000,15.825000,1442.000000
2023.01.01 23:35,15.825000,15.830000,15.810000,15.815000,724.400000
2023.01.01 23:40,15.815000,15.815000,15.785000,15.785000,2154.500000
2023.01.01 23:45,15.785000,15.785000,15.775000,15.780000,338.900000
2023.01.01 23:50,15.780000,15.790000,15.775000,15.790000,47.000000
2023.01.01 23:55,15.790000,15.790000,15.760000,15.760000,1206.400000
2023.01.02 00:00,15.760000,15.795000,15.760000,15.775000,2291.900000
2023.01.02 00:05,15.775000,15.775000,15.745000,15.750000,1044.000000
2023.01.02 00:10,15.750000,15.750000,15.745000,15.745000,16.000000
2023.01.02 00:15,15.745000,15.775000,15.745000,15.770000,770.900000
2023.01.02 00:20,15.770000,15.770000,15.750000,15.755000,190.600000
2023.01.02 00:25,15.755000,15.765000,15.750000,15.755000,4433.200000
2023.01.02 00:30,15.755000,15.760000,15.755000,15.755000,643.100000
2023.01.02 00:35,15.755000,15.775000,15.755000,15.775000,1947.600000
2023.01.02 00:40,15.775000,15.780000,15.770000,15.775000,28.700000
2023.01.02 00:45,15.775000,15.775000,15.765000,15.765000,131.500000
2023.01.02 00:50,15.765000,15.785000,15.765000,15.785000,1668.700000
2023.01.02 00:55,15.785000,15.790000,15.780000,15.785000,57.000000
2023.01.02 01:00,15.785000,15.790000,15.775000,15.785000,5858.500000
2023.01.02 01:05,15.785000,15.800000,15.770000,15.770000,3783.100000
2023.01.02 01:10,15.770000,15.775000,15.750000,15.755000,5351.600000
2023.01.02 01:15,15.755000,15.765000,15.750000,15.750000,391.200000
2023.01.02 01:20,15.750000,15.765000,15.750000,15.765000,636.800000
2023.01.02 01:25,15.765000,15.765000,15.745000,15.750000,1149.000000
2023.01.02 01:30,15.750000,15.765000,15.750000,15.760000,158.300000
2023.01.02 01:35,15.760000,15.765000,15.750000,15.750000,245.000000
2023.01.02 01:40,15.750000,15.770000,15.750000,15.770000,2246.800000
2023.01.02 01:45,15.770000,15.770000,15.760000,15.765000,67.000000
2023.01.02 01:50,15.765000,15.765000,15.740000,15.740000,1570.100000
2023.01.02 01:55,15.740000,15.740000,15.720000,15.740000,591.300000
2023.01.02 02:00,15.740000,15.745000,15.730000,15.735000,110.200000
2023.01.02 02:05,15.735000,15.750000,15.720000,15.745000,1672.000000
2023.01.02 02:10,15.745000,15.785000,15.745000,15.785000,2084.900000
2023.01.02 02:15,15.785000,15.785000,15.755000,15.755000,4252.800000
2023.01.02 02:20,15.755000,15.755000,15.745000,15.750000,208.900000
2023.01.02 02:25,15.750000,15.750000,15.725000,15.725000,2850.200000
2023.01.02 02:30,15.725000,15.755000,15.725000,15.750000,1079.700000
2023.01.02 02:35,15.750000,15.755000,15.730000,15.755000,3457.500000
2023.01.02 02:40,15.755000,15.755000,15.750000,15.755000,1222.900000
2023.01.02 02:45,15.755000,15.755000,15.740000,15.755000,1124.900000
2023.01.02 02:50,15.755000,15.755000,15.745000,15.750000,71.600000
2023.01.02 02:55,15.750000,15.775000,15.750000,15.770000,745.500000
2023.01.02 03:00,15.770000,15.800000,15.770000,15.790000,2911.900000
2023.01.02 03:05,15.790000,15.800000,15.760000,15.760000,2932.200000
2023.01.02 03:10,15.760000,15.770000,15.740000,15.740000,2760.400000
2023.01.02 03:15,15.740000,15.745000,15.725000,15.730000,2917.900000
2023.01.02 03:20,15.730000,15.730000,15.700000,15.710000,3397.700000
2023.01.02 03:25,15.710000,15.725000,15.700000,15.705000,2372.300000
2023.01.02 03:30,15.705000,15.725000,15.700000,15.725000,495.200000
2023.01.02 03:35,15.725000,15.725000,15.680000,15.690000,6556.600000
2023.01.02 03:40,15.690000,15.695000,15.675000,15.695000,1798.400000
2023.01.02 03:45,15.695000,15.705000,15.690000,15.695000,177.800000
2023.01.02 03:50,15.695000,15.700000,15.655000,15.670000,2826.800000
2023.01.02 03:55,15.670000,15.685000,15.655000,15.675000,3901.200000
2023.01.02 04:00,15.675000,15.685000,15.660000,15.670000,4046.600000
2023.01.02 04:05,15.670000,15.675000,15.460000,15.530000,167011.700000
2023.01.02 04:10,15.530000,15.550000,15.505000,15.510000,12294.300000
2023.01.02 04:15,15.510000,15.515000,15.470000,15.510000,13692.500000
2023.01.02 04:20,15.510000,15.550000,15.500000,15.545000,6549.200000
2023.01.02 04:25,15.545000,15.560000,15.545000,15.555000,1843.600000
2023.01.02 04:30,15.555000,15.560000,15.535000,15.555000,1788.200000
2023.01.02 04:35,15.555000,15.575000,15.555000,15.565000,1879.600000
2023.01.02 04:40,15.565000,15.565000,15.535000,15.555000,3420.800000
2023.01.02 04:45,15.555000,15.560000,15.535000,15.535000,971.400000
2023.01.02 04:50,15.535000,15.540000,15.530000,15.535000,4601.000000
2023.01.02 04:55,15.535000,15.540000,15.530000,15.530000,4839.500000
2023.01.02 05:00,15.530000,15.550000,15.505000,15.545000,4847.500000
2023.01.02 05:05,15.545000,15.550000,15.535000,15.540000,290.000000
2023.01.02 05:10,15.540000,15.565000,15.535000,15.560000,3125.400000
2023.01.02 05:15,15.560000,15.565000,15.550000,15.565000,1015.800000
2023.01.02 05:20,15.565000,15.570000,15.555000,15.565000,1061.900000
2023.01.02 05:25,15.565000,15.575000,15.555000,15.575000,4302.000000
2023.01.02 05:30,15.575000,15.585000,15.565000,15.580000,675.900000
2023.01.02 05:35,15.580000,15.600000,15.575000,15.600000,4355.300000
2023.01.02 05:40,15.600000,15.600000,15.595000,15.595000,162.700000
2023.01.02 05:45,15.595000,15.605000,15.590000,15.600000,276.300000
2023.01.02 05:50,15.600000,15.610000,15.600000,15.610000,1352.800000
2023.01.02 05:55,15.610000,15.625000,15.605000,15.605000,4143.000000
2023.01.02 06:00,15.605000,15.610000,15.595000,15.610000,494.600000
2023.01.02 06:05,15.610000,15.615000,15.610000,15.610000,6.200000
2023.01.02 06:10,15.610000,15.610000,15.590000,15.600000,26.500000
2023.01.02 06:15,15.600000,15.600000,15.590000,15.595000,163.800000
2023.01.02 06:20,15.595000,15.620000,15.595000,15.615000,341.900000
2023.01.02 06:25,15.615000,15.620000,15.600000,15.605000,1091.800000
2023.01.02 06:30,15.605000,15.610000,15.595000,15.610000,236.600000
2023.01.02 06:35,15.610000,15.635000,15.610000,15.620000,233.900000
2023.01.02 06:40,15.620000,15.630000,15.615000,15.620000,2520.800000
2023.01.02 06:45,15.620000,15.645000,15.605000,15.635000,7397.400000
2023.01.02 06:50,15.635000,15.710000,15.625000,15.700000,21521.300000
2023.01.02 06:55,15.700000,15.700000,15.675000,15.695000,7446.300000
2023.01.02 07:00,15.695000,15.700000,15.680000,15.690000,5079.000000
2023.01.02 07:05,15.690000,15.710000,15.685000,15.690000,789.500000
2023.01.02 07:10,15.690000,15.690000,15.670000,15.680000,2765.700000
2023.01.02 07:15,15.680000,15.690000,15.655000,15.655000,770.900000
2023.01.02 07:20,15.655000,15.675000,15.650000,15.655000,482.300000
2023.01.02 07:25,15.655000,15.655000,15.650000,15.655000,101.200000
2023.01.02 07:30,15.655000,15.675000,15.655000,15.670000,378.200000
2023.01.02 07:35,15.670000,15.695000,15.670000,15.670000,2845.700000
2023.01.02 07:40,15.670000,15.685000,15.665000,15.670000,1506.600000
2023.01.02 07:45,15.670000,15.685000,15.670000,15.685000,274.700000
2023.01.02 07:50,15.685000,15.695000,15.680000,15.680000,2612.200000
2023.01.02 07:55,15.680000,15.710000,15.680000,15.700000,1519.600000
2023.01.02 08:00,15.700000,15.730000,15.700000,15.730000,2586.300000
2023.01.02 08:05,15.730000,15.730000,15.695000,15.695000,4056.500000
2023.01.02 08:10,15.695000,15.710000,15.695000,15.700000,82.400000
2023.01.02 08:15,15.700000,15.700000,15.675000,15.685000,1869.400000
2023.01.02 08:20,15.685000,15.710000,15.675000,15.710000,684.900000
2023.01.02 08:25,15.710000,15.710000,15.695000,15.705000,952.000000
2023.01.02 08:30,15.705000,15.705000,15.680000,15.680000,820.100000
2023.01.02 08:35,15.680000,15.700000,15.680000,15.690000,1102.300000
2023.01.02 08:40,15.690000,15.695000,15.680000,15.690000,3836.600000
2023.01.02 08:45,15.690000,15.720000,15.690000,15.715000,1695.900000
2023.01.02 08:50,15.715000,15.730000,15.700000,15.715000,2189.300000
2023.01.02 08:55,15.715000,15.720000,15.695000,15.700000,1877.100000
2023.01.02 09:00,15.700000,15.705000,15.695000,15.705000,1089.500000
2023.01.02 09:05,15.705000,15.725000,15.705000,15.720000,2118.100000
2023.01.02 09:10,15.720000,15.735000,15.710000,15.715000,2217.300000
2023.01.02 09:15,15.715000,15.720000,15.710000,15.710000,104.000000
2023.01.02 09:20,15.710000,15.740000,15.710000,15.730000,2307.500000
2023.01.02 09:25,15.730000,15.735000,15.705000,15.710000,773.600000
2023.01.02 09:30,15.710000,15.710000,15.690000,15.695000,1303.600000
2023.01.02 09:35,15.695000,15.700000,15.675000,15.685000,4588.700000
2023.01.02 09:40,15.685000,15.690000,15.675000,15.685000,3590.200000
2023.01.02 09:45,15.685000,15.695000,15.685000,15.685000,3053.100000
2023.01.02 09:50,15.685000,15.685000,15.675000,15.680000,404.600000
2023.01.02 09:55,15.680000,15.685000,15.680000,15.685000,399.700000
2023.01.02 10:00,15.685000,15.695000,15.680000,15.695000,449.800000
2023.01.02 10:05,15.695000,15.700000,15.690000,15.700000,2800.800000
2023.01.02 10:10,15.700000,15.940000,15.695000,15.915000,67948.000000
2023.01.02 10:15,15.915000,16.135000,15.835000,15.980000,293407.400000
2023.01.02 10:20,15.980000,15.995000,15.895000,15.920000,14656.100000
2023.01.02 10:25,15.920000,15.975000,15.910000,15.945000,8555.700000
2023.01.02 10:30,15.945000,15.970000,15.920000,15.925000,6575.700000
2023.01.02 10:35,15.925000,16.000000,15.910000,15.995000,7180.900000
2023.01.02 10:40,15.995000,16.035000,15.980000,16.005000,32429.700000
2023.01.02 10:45,16.005000,16.220000,16.005000,16.085000,78267.500000
2023.01.02 10:50,16.085000,16.130000,16.070000,16.095000,8096.500000
2023.01.02 10:55,16.095000,16.100000,16.045000,16.055000,4374.500000
2023.01.02 11:00,16.055000,16.110000,16.025000,16.090000,22459.100000
2023.01.02 11:05,16.090000,16.110000,16.075000,16.100000,9916.400000
2023.01.02 11:10,16.100000,16.150000,16.095000,16.125000,9807.500000
2023.01.02 11:15,16.125000,16.145000,16.075000,16.075000,9543.600000
2023.01.02 11:20,16.075000,16.100000,16.060000,16.080000,1956.400000
2023.01.02 11:25,16.080000,16.120000,16.070000,16.080000,2945.600000
2023.01.02 11:30,16.080000,16.110000,16.065000,16.110000,3956.900000
2023.01.02 11:35,16.110000,16.115000,16.100000,16.105000,2440.300000
2023.01.02 11:40,16.105000,16.120000,16.085000,16.085000,632.100000
2023.01.02 11:45,16.085000,16.095000,16.070000,16.075000,1082.900000
2023.01.02 11:50,16.075000,16.075000,16.040000,16.070000,3403.100000
2023.01.02 11:55,16.070000,16.105000,16.055000,16.085000,4319.300000
2023.01.02 12:00,16.085000,16.095000,16.070000,16.080000,628.600000
2023.01.02 12:05,16.080000,16.120000,16.075000,16.085000,2274.500000
2023.01.02 12:10,16.085000,16.085000,16.070000,16.070000,1367.000000
2023.01.02 12:15,16.070000,16.105000,16.060000,16.100000,2324.400000
2023.01.02 12:20,16.100000,16.120000,16.080000,16.080000,9892.400000
2023.01.02 12:25,16.080000,16.090000,16.070000,16.070000,916.100000
2023.01.02 12:30,16.070000,16.090000,16.070000,16.085000,2481.700000
2023.01.02 12:35,16.085000,16.110000,16.080000,16.100000,1616.700000
2023.01.02 12:40,16.100000,16.100000,16.080000,16.090000,617.300000
2023.01.02 12:45,16.090000,16.090000,16.065000,16.070000,1212.700000
2023.01.02 12:50,16.070000,16.075000,16.045000,16.055000,3045.700000
2023.01.02 12:55,16.055000,16.065000,16.045000,16.045000,2516.700000
2023.01.02 13:00,16.045000,16.080000,16.025000,16.070000,13655.200000
2023.01.02 13:05,16.070000,16.120000,16.065000,16.070000,22372.300000
2023.01.02 13:10,16.070000,16.080000,16.050000,16.080000,5280.800000
2023.01.02 13:15,16.080000,16.080000,16.060000,16.065000,1305.200000
2023.01.02 13:20,16.065000,16.075000,16.050000,16.050000,2728.500000
2023.01.02 13:25,16.050000,16.070000,16.040000,16.065000,935.700000
2023.01.02 13:30,16.065000,16.090000,16.065000,16.085000,281.800000
2023.01.02 13:35,16.085000,16.085000,16.055000,16.055000,600.400000
2023.01.02 13:40,16.055000,16.055000,16.045000,16.055000,280.700000
2023.01.02 13:45,16.055000,16.080000,16.050000,16.080000,827.300000
2023.01.02 13:50,16.080000,16.085000,16.075000,16.075000,2881.600000
2023.01.02 13:55,16.075000,16.080000,16.065000,16.075000,2007.400000
2023.01.02 14:00,16.075000,16.085000,16.060000,16.060000,3187.700000
2023.01.02 14:05,16.060000,16.070000,16.060000,16.060000,25.800000
2023.01.02 14:10,16.060000,16.075000,16.060000,16.070000,5628.000000
2023.01.02 14:15,16.070000,16.080000,16.045000,16.050000,2369.500000
2023.01.02 14:20,16.050000,16.055000,16.035000,16.050000,1412.400000
2023.01.02 14:25,16.050000,16.060000,16.045000,16.045000,798.300000
2023.01.02 14:30,16.045000,16.065000,16.015000,16.030000,2312.000000
2023.01.02 14:35,16.030000,16.050000,16.000000,16.045000,1950.300000
2023.01.02 14:40,16.045000,16.100000,16.045000,16.095000,8211.000000
2023.01.02 14:45,16.095000,16.115000,16.090000,16.095000,8167.000000
2023.01.02 14:50,16.095000,16.115000,16.095000,16.110000,4208.900000
2023.01.02 14:55,16.110000,16.135000,16.105000,16.125000,8077.200000
2023.01.02 15:00,16.125000,16.125000,16.110000,16.110000,1790.900000
2023.01.02 15:05,16.110000,16.140000,16.110000,16.140000,3113.300000
2023.01.02 15:10,16.140000,16.145000,16.125000,16.135000,2886.600000
2023.01.02 15:15,16.135000,16.155000,16.110000,16.110000,6113.100000
2023.01.02 15:20,16.110000,16.110000,16.095000,16.110000,1572.300000
2023.01.02 15:25,16.110000,16.130000,16.105000,16.125000,1501.100000
2023.01.02 15:30,16.125000,16.125000,16.085000,16.110000,1629.600000
2023.01.02 15:35,16.110000,16.115000,16.090000,16.090000,2859.500000
2023.01.02 15:40,16.090000,16.100000,16.070000,16.075000,2489.300000
2023.01.02 15:45,16.075000,16.100000,16.075000,16.085000,836.600000
2023.01.02 15:50,16.085000,16.095000,16.065000,16.065000,5333.300000
2023.01.02 15:55,16.065000,16.075000,16.065000,16.065000,3502.600000
2023.01.02 16:00,16.065000,16.090000,16.065000,16.080000,4824.000000
2023.01.02 16:05,16.080000,16.095000,16.060000,16.080000,3622.100000
2023.01.02 16:10,16.080000,16.110000,16.075000,16.110000,6109.400000
2023.01.02 16:15,16.110000,16.110000,16.090000,16.090000,961.200000
2023.01.02 16:20,16.090000,16.100000,16.090000,16.095000,2868.100000
2023.01.02 16:25,16.095000,16.100000,16.085000,16.085000,30.600000
2023.01.02 16:30,16.085000,16.095000,16.070000,16.070000,270.300000
2023.01.02 16:35,16.070000,16.085000,16.050000,16.060000,14572.100000
2023.01.02 16:40,16.060000,16.075000,16.020000,16.030000,14301.300000
2023.01.02 16:45,16.030000,16.070000,16.025000,16.045000,3126.800000
2023.01.02 16:50,16.045000,16.060000,16.045000,16.050000,1840.400000
2023.01.02 16:55,16.050000,16.065000,16.045000,16.050000,643.000000
2023.01.02 17:00,16.050000,16.070000,16.040000,16.065000,8287.400000
2023.01.02 17:05,16.065000,16.065000,16.010000,16.020000,15474.600000
2023.01.02 17:10,16.020000,16.040000,16.020000,16.035000,940.500000
2023.01.02 17:15,16.035000,16.050000,16.030000,16.045000,4989.800000
2023.01.02 17:20,16.045000,16.055000,16.045000,16.050000,622.200000
2023.01.02 17:25,16.050000,16.055000,16.015000,16.020000,2279.800000
2023.01.02 17:30,16.020000,16.030000,16.010000,16.015000,7129.600000
2023.01.02 17:35,16.015000,16.020000,15.990000,16.010000,6596.600000
2023.01.02 17:40,16.010000,16.050000,16.005000,16.040000,2895.500000
2023.01.02 17:45,16.040000,16.050000,16.030000,16.030000,1262.700000
2023.01.02 17:50,16.030000,16.045000,16.025000,16.040000,3571.400000
2023.01.02 17:55,16.040000,16.065000,16.030000,16.040000,9667.000000
2023.01.02 18:00,16.040000,16.090000,16.035000,16.035000,14850.900000
2023.01.02 18:05,16.035000,16.045000,16.030000,16.045000,41.500000
2023.01.02 18:10,16.045000,16.065000,16.035000,16.060000,7360.000000
2023.01.02 18:15,16.060000,16.095000,16.055000,16.060000,6744.200000
2023.01.02 18:20,16.060000,16.065000,16.045000,16.060000,6784.600000
2023.01.02 18:25,16.060000,16.070000,16.060000,16.065000,175.200000
2023.01.02 18:30,16.065000,16.115000,16.060000,16.080000,17298.000000
2023.01.02 18:35,16.080000,16.120000,16.080000,16.120000,3774.600000
2023.01.02 18:40,16.120000,16.130000,16.105000,16.120000,8317.700000
2023.01.02 18:45,16.120000,16.125000,16.100000,16.115000,3791.200000
2023.01.02 18:50,16.115000,16.120000,16.105000,16.115000,2002.400000
2023.01.02 18:55,16.115000,16.130000,16.110000,16.110000,3267.100000
2023.01.02 19:00,16.110000,16.140000,16.075000,16.095000,36430.500000
2023.01.02 19:05,16.095000,16.105000,16.085000,16.095000,1990.800000
2023.01.02 19:10,16.095000,16.120000,16.095000,16.120000,3184.700000
2023.01.02 19:15,16.120000,16.120000,16.100000,16.115000,5829.300000
2023.01.02 19:20,16.115000,16.125000,16.110000,16.115000,1406.600000
2023.01.02 19:25,16.115000,16.125000,16.115000,16.115000,6510.400000
2023.01.02 19:30,16.115000,16.125000,16.115000,16.125000,601.200000
2023.01.02 19:35,16.125000,16.135000,16.110000,16.130000,7788.900000
2023.01.02 19:40,16.130000,16.145000,16.120000,16.140000,9481.000000
2023.01.02 19:45,16.140000,16.140000,16.120000,16.120000,941.300000
2023.01.02 19:50,16.120000,16.125000,16.085000,16.095000,3902.000000
2023.01.02 19:55,16.095000,16.105000,16.090000,16.090000,4284.700000
2023.01.02 20:00,16.090000,16.110000,16.090000,16.110000,3492.800000
2023.01.02 20:05,16.110000,16.135000,16.110000,16.135000,463.800000
2023.01.02 20:10,16.135000,16.135000,16.105000,16.130000,1023.600000
2023.01.02 20:15,16.130000,16.130000,16.115000,16.120000,140.500000
2023.01.02 20:20,16.120000,16.130000,16.120000,16.125000,1250.400000
2023.01.02 20:25,16.125000,16.135000,16.120000,16.130000,9330.400000
2023.01.02 20:30,16.130000,16.190000,16.130000,16.140000,16477.800000
2023.01.02 20:35,16.140000,16.150000,16.140000,16.145000,3235.200000
2023.01.02 20:40,16.145000,16.150000,16.135000,16.135000,1141.400000
2023.01.02 20:45,16.135000,16.145000,16.130000,16.135000,1899.400000
2023.01.02 20:50,16.135000,16.150000,16.135000,16.145000,524.100000
2023.01.02 20:55,16.145000,16.160000,16.145000,16.155000,687.400000
2023.01.02 21:00,16.155000,16.160000,16.150000,16.150000,2479.200000
2023.01.02 21:05,16.150000,16.155000,16.145000,16.145000,48.500000
2023.01.02 21:10,16.145000,16.160000,16.140000,16.150000,1675.700000
2023.01.02 21:15,16.150000,16.155000,16.150000,16.150000,174.000000
2023.01.02 21:20,16.150000,16.160000,16.150000,16.150000,758.500000
2023.01.02 21:25,16.150000,16.155000,16.140000,16.145000,3335.200000
2023.01.02 21:30,16.145000,16.155000,16.140000,16.145000,11249.900000
2023.01.02 21:35,16.145000,16.150000,16.145000,16.150000,117.000000
2023.01.02 21:40,16.150000,16.155000,16.130000,16.135000,944.200000
2023.01.02 21:45,16.135000,16.160000,16.135000,16.160000,590.600000
2023.01.02 21:50,16.160000,16.165000,16.160000,16.160000,642.900000
2023.01.02 21:55,16.160000,16.165000,16.150000,16.160000,1151.200000
2023.01.02 22:00,16.160000,16.185000,16.160000,16.180000,4213.900000
2023.01.02 22:05,16.180000,16.200000,16.170000,16.190000,6233.700000
2023.01.02 22:10,16.190000,16.205000,16.190000,16.200000,11012.500000
2023.01.02 22:15,16.200000,16.245000,16.190000,16.215000,12640.800000
2023.01.02 22:20,16.215000,16.230000,16.215000,16.230000,11615.400000
2023.01.02 22:25,16.230000,16.235000,16.200000,16.200000,5708.600000
2023.01.02 22:30,16.200000,16.215000,16.200000,16.215000,238.500000
2023.01.02 22:35,16.215000,16.215000,16.195000,16.200000,5893.100000
2023.01.02 22:40,16.200000,16.200000,16.190000,16.190000,2695.700000
2023.01.02 22:45,16.190000,16.250000,16.190000,16.220000,25333.200000
2023.01.02 22:50,16.220000,16.230000,16.220000,16.220000,36.000000
2023.01.02 22:55,16.220000,16.225000,16.210000,16.220000,365.200000
2023.01.02 23:00,16.220000,16.235000,16.195000,16.195000,3274.300000
2023.01.02 23:05,16.195000,16.200000,16.190000,16.190000,1364.200000
2023.01.02 23:10,16.190000,16.205000,16.190000,16.200000,2257.700000
2023.01.02 23:15,16.200000,16.200000,16.185000,16.200000,772.800000
2023.01.02 23:20,16.200000,16.205000,16.195000,16.205000,544.800000
2023.01.02 23:25,16.205000,16.220000,16.205000,16.205000,220.500000
2023.01.02 23:30,16.205000,16.215000,16.195000,16.200000,2279.600000
2023.01.02 23:35,16.200000,16.205000,16.185000,16.185000,2130.500000
2023.01.02 23:40,16.185000,16.205000,16.185000,16.205000,2881.700000
2023.01.02 23:45,16.205000,16.205000,16.175000,16.175000,6127.000000
2023.01.02 23:50,16.175000,16.175000,16.175000,16.175000,1621.100000
2023.01.02 23:55,16.175000,16.175000,16.160000,16.175000,1796.300000
2023.01.03 00:00,16.175000,16.205000,16.175000,16.190000,2471.100000
2023.01.03 00:05,16.190000,16.190000,16.175000,16.180000,2435.800000
2023.01.03 00:10,16.180000,16.185000,16.180000,16.180000,62.900000
2023.01.03 00:15,16.180000,16.180000,16.150000,16.155000,92.300000
2023.01.03 00:20,16.155000,16.175000,16.155000,16.175000,692.700000
2023.01.03 00:25,16.175000,16.180000,16.160000,16.170000,2442.100000
2023.01.03 00:30,16.170000,16.180000,16.165000,16.165000,2019.100000
2023.01.03 00:35,16.165000,16.180000,16.165000,16.180000,17.800000
2023.01.03 00:40,16.180000,16.185000,16.175000,16.175000,101.900000
2023.01.03 00:45,16.175000,16.180000,16.170000,16.170000,38.800000
2023.01.03 00:50,16.170000,16.180000,16.170000,16.175000,157.000000
2023.01.03 00:55,16.175000,16.245000,16.170000,16.200000,14934.000000
2023.01.03 01:00,16.200000,16.210000,16.170000,16.175000,14095.400000
2023.01.03 01:05,16.175000,16.175000,16.150000,16.155000,5669.400000
2023.01.03 01:10,16.155000,16.170000,16.150000,16.170000,3804.100000
2023.01.03 01:15,16.170000,16.175000,16.165000,16.170000,127.400000
2023.01.03 01:20,16.170000,16.170000,16.155000,16.160000,915.900000
2023.01.03 01:25,16.160000,16.160000,16.130000,16.130000,4364.200000
2023.01.03 01:30,16.130000,16.140000,16.105000,16.115000,2785.100000
2023.01.03 01:35,16.115000,16.135000,16.115000,16.125000,4539.300000
2023.01.03 01:40,16.125000,16.140000,16.120000,16.140000,5916.900000
2023.01.03 01:45,16.140000,16.140000,16.070000,16.090000,6787.300000
2023.01.03 01:50,16.090000,16.115000,16.090000,16.090000,13331.300000
2023.01.03 01:55,16.090000,16.105000,16.085000,16.090000,7468.100000
2023.01.03 02:00,16.090000,16.150000,16.050000,16.120000,15937.900000
2023.01.03 02:05,16.120000,16.155000,16.120000,16.125000,4865.100000
2023.01.03 02:10,16.125000,16.135000,16.110000,16.120000,550.400000
2023.01.03 02:15,16.120000,16.130000,16.120000,16.130000,620.200000
2023.01.03 02:20,16.130000,16.140000,16.125000,16.125000,1224.700000
2023.01.03 02:25,16.125000,16.145000,16.125000,16.140000,323.200000
2023.01.03 02:30,16.140000,16.140000,16.130000,16.130000,383.300000
2023.01.03 02:35,16.130000,16.130000,16.105000,16.110000,1220.100000
2023.01.03 02:40,16.110000,16.145000,16.110000,16.135000,3092.400000
2023.01.03 02:45,16.135000,16.135000,16.105000,16.105000,1526.000000
2023.01.03 02:50,16.105000,16.120000,16.100000,16.110000,1654.200000
2023.01.03 02:55,16.110000,16.110000,16.090000,16.105000,850.200000
2023.01.03 03:00,16.105000,16.110000,16.040000,16.055000,21392.600000
2023.01.03 03:05,16.055000,16.080000,16.050000,16.080000,1358.800000
2023.01.03 03:10,16.080000,16.085000,16.070000,16.080000,2010.000000
2023.01.03 03:15,16.080000,16.100000,16.080000,16.095000,492.000000
2023.01.03 03:20,16.095000,16.095000,16.070000,16.070000,2695.000000
2023.01.03 03:25,16.070000,16.090000,16.065000,16.090000,3215.100000
2023.01.03 03:30,16.090000,16.120000,16.080000,16.120000,1633.000000
2023.01.03 03:35,16.120000,16.150000,16.120000,16.150000,2976.200000
2023.01.03 03:40,16.150000,16.150000,16.120000,16.135000,1207.500000
2023.01.03 03:45,16.135000,16.145000,16.130000,16.140000,99.800000
2023.01.03 03:50,16.140000,16.140000,16.115000,16.120000,903.300000
2023.01.03 03:55,16.120000,16.125000,16.115000,16.120000,1843.400000
2023.01.03 04:00,16.120000,16.120000,16.100000,16.105000,1217.500000
2023.01.03 04:05,16.105000,16.110000,16.085000,16.085000,5632.500000
2023.01.03 04:10,16.085000,16.090000,16.080000,16.085000,2935.000000
2023.01.03 04:15,16.085000,16.085000,16.040000,16.040000,6603.000000
2023.01.03 04:20,16.040000,16.045000,16.005000,16.015000,25027.300000
2023.01.03 04:25,16.015000,16.050000,16.015000,16.025000,1156.400000
2023.01.03 04:30,16.025000,16.060000,16.005000,16.060000,17319.300000
2023.01.03 04:35,16.060000,16.060000,16.035000,16.035000,3563.500000
2023.01.03 04:40,16.035000,16.055000,16.035000,16.055000,149.600000
2023.01.03 04:45,16.055000,16.060000,16.040000,16.045000,1058.200000
2023.01.03 04:50,16.045000,16.050000,16.040000,16.050000,12686.600000
2023.01.03 04:55,16.050000,16.065000,16.030000,16.060000,5902.600000
2023.01.03 05:00,16.060000,16.075000,16.045000,16.075000,93.100000
2023.01.03 05:05,16.075000,16.080000,16.060000,16.060000,2417.400000
2023.01.03 05:10,16.060000,16.070000,16.060000,16.070000,20.000000
2023.01.03 05:15,16.070000,16.070000,16.060000,16.065000,769.500000
2023.01.03 05:20,16.065000,16.075000,16.055000,16.055000,6007.200000
2023.01.03 05:25,16.055000,16.055000,16.045000,16.045000,325.500000
2023.01.03 05:30,16.045000,16.060000,16.035000,16.060000,102.100000
2023.01.03 05:35,16.060000,16.060000,16.040000,16.045000,2086.400000
2023.01.03 05:40,16.045000,16.065000,16.045000,16.055000,817.500000
2023.01.03 05:45,16.055000,16.060000,16.040000,16.045000,373.200000
2023.01.03 05:50,16.045000,16.055000,16.040000,16.055000,2849.900000
2023.01.03 05:55,16.055000,16.055000,16.040000,16.040000,16988.800000
2023.01.03 06:00,16.040000,16.040000,16.030000,16.035000,17033.500000
2023.01.03 06:05,16.035000,16.050000,16.035000,16.035000,9520.300000
2023.01.03 06:10,16.035000,16.035000,15.985000,16.005000,14861.500000
2023.01.03 06:15,16.005000,16.015000,15.995000,16.010000,12031.300000
2023.01.03 06:20,16.010000,16.035000,16.005000,16.035000,1576.300000
2023.01.03 06:25,16.035000,16.035000,16.020000,16.025000,2442.600000
2023.01.03 06:30,16.025000,16.060000,16.025000,16.060000,3427.200000
2023.01.03 06:35,16.060000,16.070000,16.050000,16.065000,2672.200000
2023.01.03 06:40,16.065000,16.070000,16.045000,16.060000,3942.700000
2023.01.03 06:45,16.060000,16.060000,16.050000,16.060000,108.500000
2023.01.03 06:50,16.060000,16.070000,16.060000,16.065000,904.200000
2023.01.03 06:55,16.065000,16.075000,16.065000,16.070000,2237.800000
2023.01.03 07:00,16.070000,16.080000,16.060000,16.060000,3105.600000
2023.01.03 07:05,16.060000,16.065000,16.055000,16.065000,74.700000
2023.01.03 07:10,16.065000,16.075000,16.065000,16.065000,848.000000
2023.01.03 07:15,16.065000,16.075000,16.065000,16.070000,837.600000
2023.01.03 07:20,16.070000,16.070000,16.050000,16.055000,1352.100000
2023.01.03 07:25,16.055000,16.065000,16.055000,16.065000,7.900000
2023.01.03 07:30,16.065000,16.065000,16.055000,16.055000,71.200000
2023.01.03 07:35,16.055000,16.060000,16.055000,16.060000,18.100000
2023.01.03 07:40,16.060000,16.060000,16.050000,16.055000,5.000000
2023.01.03 07:45,16.055000,16.055000,16.030000,16.040000,262.600000
2023.01.03 07:50,16.040000,16.045000,16.030000,16.035000,218.000000
2023.01.03 07:55,16.035000,16.050000,16.025000,16.030000,4749.700000
2023.01.03 08:00,16.030000,16.040000,16.025000,16.035000,2781.100000
2023.01.03 08:05,16.035000,16.040000,16.030000,16.030000,9.000000
2023.01.03 08:10,16.030000,16.070000,16.030000,16.065000,981.500000
2023.01.03 08:15,16.065000,16.090000,16.065000,16.075000,8411.500000
2023.01.03 08:20,16.075000,16.090000,16.065000,16.065000,7043.200000
2023.01.03 08:25,16.065000,16.070000,16.055000,16.055000,19033.500000
2023.01.03 08:30,16.055000,16.060000,16.050000,16.060000,4351.500000
2023.01.03 08:35,16.060000,16.090000,16.060000,16.075000,10038.900000
2023.01.03 08:40,16.075000,16.100000,16.075000,16.095000,19340.400000
2023.01.03 08:45,16.095000,16.120000,16.095000,16.120000,34360.700000
2023.01.03 08:50,16.120000,16.120000,16.100000,16.110000,21647.200000
2023.01.03 08:55,16.110000,16.130000,16.100000,16.130000,1122.900000
2023.01.03 09:00,16.130000,16.185000,16.125000,16.160000,51885.300000
2023.01.03 09:05,16.160000,16.170000,16.145000,16.155000,1454.600000
2023.01.03 09:10,16.155000,16.155000,16.135000,16.140000,162.900000
2023.01.03 09:15,16.140000,16.140000,16.125000,16.130000,2893.400000
2023.01.03 09:20,16.130000,16.145000,16.125000,16.140000,5007.400000
2023.01.03 09:25,16.140000,16.155000,16.140000,16.155000,1083.900000
2023.01.03 09:30,16.155000,16.180000,16.150000,16.150000,3537.600000
2023.01.03 09:35,16.150000,16.150000,16.105000,16.105000,27658.600000
2023.01.03 09:40,16.105000,16.115000,16.095000,16.100000,7002.100000
2023.01.03 09:45,16.100000,16.105000,16.095000,16.105000,532.500000
2023.01.03 09:50,16.105000,16.105000,16.080000,16.085000,357.800000
2023.01.03 09:55,16.085000,16.100000,16.080000,16.085000,2694.800000
2023.01.03 10:00,16.085000,16.095000,16.075000,16.075000,119.400000
2023.01.03 10:05,16.075000,16.095000,16.075000,16.095000,1688.100000
2023.01.03 10:10,16.095000,16.095000,16.080000,16.085000,224.200000
2023.01.03 10:15,16.085000,16.105000,16.085000,16.085000,1685.600000
2023.01.03 10:20,16.085000,16.085000,16.060000,16.060000,20701.800000
2023.01.03 10:25,16.060000,16.080000,16.060000,16.065000,17931.700000
2023.01.03 10:30,16.065000,16.070000,16.045000,16.055000,17795.600000
2023.01.03 10:35,16.055000,16.075000,16.055000,16.070000,8778.800000
2023.01.03 10:40,16.070000,16.080000,16.065000,16.075000,8081.300000
2023.01.03 10:45,16.075000,16.105000,16.070000,16.100000,65334.000000
2023.01.03 10:50,16.100000,16.105000,16.080000,16.090000,7906.300000
2023.01.03 10:55,16.090000,16.090000,16.080000,16.085000,1774.700000
2023.01.03 11:00,16.085000,16.110000,16.085000,16.100000,23498.900000
2023.01.03 11:05,16.100000,16.105000,16.080000,16.085000,23582.900000
2023.01.03 11:10,16.085000,16.085000,16.050000,16.060000,4826.100000
2023.01.03 11:15,16.060000,16.060000,16.015000,16.025000,13051.500000
2023.01.03 11:20,16.025000,16.040000,15.995000,16.025000,17922.400000
2023.01.03 11:25,16.025000,16.025000,15.995000,16.010000,6168.500000
2023.01.03 11:30,16.010000,16.020000,15.995000,15.995000,11642.100000
2023.01.03 11:35,15.995000,16.000000,15.975000,15.980000,2390.200000
2023.01.03 11:40,15.980000,15.985000,15.945000,15.955000,23856.100000
2023.01.03 11:45,15.955000,15.980000,15.955000,15.970000,1434.000000
2023.01.03 11:50,15.970000,15.995000,15.970000,15.990000,117.500000
2023.01.03 11:55,15.990000,16.030000,15.990000,16.015000,1860.400000
2023.01.03 12:00,16.015000,16.035000,16.015000,16.030000,828.900000
2023.01.03 12:05,16.030000,16.040000,16.010000,16.020000,6894.000000
2023.01.03 12:10,16.020000,16.035000,16.020000,16.025000,2184.900000
2023.01.03 12:15,16.025000,16.080000,16.025000,16.045000,15591.400000
2023.01.03 12:20,16.045000,16.070000,16.040000,16.070000,2598.400000
2023.01.03 12:25,16.070000,16.075000,16.050000,16.065000,2286.600000
2023.01.03 12:30,16.065000,16.090000,16.060000,16.090000,1537.000000
2023.01.03 12:35,16.090000,16.095000,16.075000,16.075000,1672.400000
2023.01.03 12:40,16.075000,16.095000,16.070000,16.085000,4990.600000
2023.01.03 12:45,16.085000,16.085000,16.070000,16.070000,3545.400000
2023.01.03 12:50,16.070000,16.070000,16.065000,16.065000,548.300000
2023.01.03 12:55,16.065000,16.095000,16.065000,16.085000,703.300000
2023.01.03 13:00,16.085000,16.090000,16.075000,16.090000,1750.800000
2023.01.03 13:05,16.090000,16.090000,16.085000,16.090000,183.600000
2023.01.03 13:10,16.090000,16.090000,16.060000,16.060000,234.600000
2023.01.03 13:15,16.060000,16.075000,16.060000,16.070000,634.600000
2023.01.03 13:20,16.070000,16.075000,16.060000,16.070000,341.800000
2023.01.03 13:25,16.070000,16.085000,16.070000,16.080000,780.300000
2023.01.03 13:30,16.080000,16.085000,16.060000,16.060000,207.500000
2023.01.03 13:35,16.060000,16.070000,16.060000,16.065000,840.100000
2023.01.03 13:40,16.065000,16.075000,16.065000,16.075000,2543.600000
2023.01.03 13:45,16.075000,16.080000,16.065000,16.075000,79.700000
2023.01.03 13:50,16.075000,16.075000,16.060000,16.065000,150.200000
2023.01.03 13:55,16.065000,16.065000,16.045000,16.045000,2092.500000
2023.01.03 14:00,16.045000,16.060000,16.040000,16.055000,3317.200000
2023.01.03 14:05,16.055000,16.055000,16.045000,16.055000,23.300000
2023.01.03 14:10,16.055000,16.055000,16.045000,16.045000,66.700000
2023.01.03 14:15,16.045000,16.050000,16.035000,16.040000,1235.200000
2023.01.03 14:20,16.040000,16.040000,16.015000,16.020000,7987.600000
2023.01.03 14:25,16.020000,16.030000,16.010000,16.030000,3435.300000
2023.01.03 14:30,16.030000,16.065000,16.030000,16.060000,1385.600000
2023.01.03 14:35,16.060000,16.060000,16.055000,16.055000,162.000000
2023.01.03 14:40,16.055000,16.055000,16.000000,16.000000,1853.800000
2023.01.03 14:45,16.000000,16.015000,15.975000,16.010000,8173.800000
2023.01.03 14:50,16.010000,16.025000,16.005000,16.015000,515.700000
2023.01.03 14:55,16.015000,16.015000,15.990000,16.005000,3099.200000
2023.01.03 15:00,16.005000,16.005000,15.985000,15.995000,1729.600000
2023.01.03 15:05,15.995000,16.010000,15.995000,16.005000,216.700000
2023.01.03 15:10,16.005000,16.010000,15.980000,15.985000,1707.800000
2023.01.03 15:15,15.985000,15.990000,15.960000,15.965000,4298.000000
2023.01.03 15:20,15.965000,16.005000,15.955000,16.005000,1985.400000
2023.01.03 15:25,16.005000,16.015000,15.990000,15.990000,2555.500000
2023.01.03 15:30,15.990000,15.995000,15.985000,15.995000,748.500000
2023.01.03 15:35,15.995000,16.005000,15.980000,15.990000,895.900000
2023.01.03 15:40,15.990000,16.010000,15.990000,16.005000,673.400000
2023.01.03 15:45,16.005000,16.005000,15.970000,15.980000,1113.600000
2023.01.03 15:50,15.980000,15.980000,15.925000,15.945000,7672.300000
2023.01.03 15:55,15.945000,15.980000,15.945000,15.975000,1381.500000
2023.01.03 16:00,15.975000,16.000000,15.975000,15.995000,2259.300000
2023.01.03 16:05,15.995000,16.025000,15.990000,16.000000,3628.600000
2023.01.03 16:10,16.000000,16.000000,15.980000,15.985000,492.000000
2023.01.03 16:15,15.985000,16.005000,15.980000,15.995000,1413.400000
2023.01.03 16:20,15.995000,16.015000,15.995000,15.995000,1025.800000
2023.01.03 16:25,15.995000,15.995000,15.970000,15.975000,2393.100000
2023.01.03 16:30,15.975000,15.975000,15.955000,15.955000,2500.900000
2023.01.03 16:35,15.955000,15.990000,15.955000,15.985000,2102.800000
2023.01.03 16:40,15.985000,15.990000,15.975000,15.980000,1443.000000
2023.01.03 16:45,15.980000,15.995000,15.980000,15.995000,70.400000
2023.01.03 16:50,15.995000,16.025000,15.980000,15.990000,9405.800000
2023.01.03 16:55,15.990000,16.000000,15.975000,15.985000,3812.700000
2023.01.03 17:00,15.985000,15.990000,15.970000,15.985000,6946.500000
2023.01.03 17:05,15.985000,16.055000,15.985000,16.045000,14049.700000
2023.01.03 17:10,16.045000,16.080000,16.035000,16.070000,15974.000000
2023.01.03 17:15,16.070000,16.070000,16.025000,16.050000,7248.100000
2023.01.03 17:20,16.050000,16.070000,16.035000,16.055000,2371.700000
2023.01.03 17:25,16.055000,16.065000,16.050000,16.055000,1750.700000
2023.01.03 17:30,16.055000,16.090000,16.020000,16.085000,17385.500000
2023.01.03 17:35,16.085000,16.090000,16.030000,16.055000,3222.400000
2023.01.03 17:40,16.055000,16.100000,16.045000,16.075000,6567.100000
2023.01.03 17:45,16.075000,16.090000,16.030000,16.030000,11122.900000
2023.01.03 17:50,16.030000,16.040000,15.965000,15.990000,11103.700000
2023.01.03 17:55,15.990000,16.000000,15.845000,15.895000,87921.000000
2023.01.03 18:00,15.895000,15.945000,15.890000,15.915000,17574.000000
2023.01.03 18:05,15.915000,15.955000,15.910000,15.935000,5063.100000
2023.01.03 18:10,15.935000,15.935000,15.855000,15.885000,13088.900000
2023.01.03 18:15,15.885000,15.915000,15.835000,15.835000,21037.000000
2023.01.03 18:20,15.835000,15.885000,15.830000,15.885000,16742.100000
2023.01.03 18:25,15.885000,15.890000,15.855000,15.860000,6001.100000
2023.01.03 18:30,15.860000,15.865000,15.800000,15.820000,35979.400000
2023.01.03 18:35,15.820000,15.860000,15.815000,15.845000,9918.100000
2023.01.03 18:40,15.845000,15.855000,15.830000,15.850000,15601.000000
2023.01.03 18:45,15.850000,15.875000,15.835000,15.870000,6030.100000
2023.01.03 18:50,15.870000,15.875000,15.850000,15.860000,5010.400000
2023.01.03 18:55,15.860000,15.910000,15.855000,15.910000,5762.700000
2023.01.03 19:00,15.910000,15.910000,15.865000,15.865000,8238.600000
2023.01.03 19:05,15.865000,15.950000,15.865000,15.905000,23999.200000
2023.01.03 19:10,15.905000,15.910000,15.865000,15.870000,5861.300000
2023.01.03 19:15,15.870000,15.875000,15.845000,15.850000,3161.900000
2023.01.03 19:20,15.850000,15.865000,15.820000,15.855000,4666.200000
2023.01.03 19:25,15.855000,15.855000,15.740000,15.795000,58856.800000
2023.01.03 19:30,15.795000,15.795000,15.745000,15.775000,16282.200000
2023.01.03 19:35,15.775000,15.835000,15.775000,15.825000,11085.000000
2023.01.03 19:40,15.825000,15.840000,15.820000,15.820000,3677.200000
2023.01.03 19:45,15.820000,15.825000,15.790000,15.800000,7914.900000
2023.01.03 19:50,15.800000,15.800000,15.750000,15.765000,13380.300000
2023.01.03 19:55,15.765000,15.770000,15.675000,15.720000,73854.100000
2023.01.03 20:00,15.720000,15.765000,15.715000,15.760000,4362.700000
2023.01.03 20:05,15.760000,15.790000,15.750000,15.780000,3989.200000
2023.01.03 20:10,15.780000,15.780000,15.760000,15.770000,2334.000000
2023.01.03 20:15,15.770000,15.770000,15.745000,15.750000,346.500000
2023.01.03 20:20,15.750000,15.755000,15.710000,15.715000,1586.600000
2023.01.03 20:25,15.715000,15.740000,15.710000,15.740000,2641.400000
2023.01.03 20:30,15.740000,15.765000,15.715000,15.765000,4579.700000
2023.01.03 20:35,15.765000,15.770000,15.760000,15.765000,2243.700000
2023.01.03 20:40,15.765000,15.765000,15.725000,15.725000,2634.000000
2023.01.03 20:45,15.725000,15.730000,15.700000,15.715000,1124.900000
2023.01.03 20:50,15.715000,15.735000,15.715000,15.735000,2435.300000
2023.01.03 20:55,15.735000,15.735000,15.710000,15.735000,4144.400000
2023.01.03 21:00,15.735000,15.735000,15.700000,15.725000,4153.800000
2023.01.03 21:05,15.725000,15.725000,15.655000,15.680000,5320.800000
2023.01.03 21:10,15.680000,15.695000,15.660000,15.665000,2069.000000
2023.01.03 21:15,15.665000,15.675000,15.665000,15.670000,1274.900000
2023.01.03 21:20,15.670000,15.675000,15.630000,15.665000,15454.200000
2023.01.03 21:25,15.665000,15.705000,15.660000,15.700000,1759.400000
2023.01.03 21:30,15.700000,15.710000,15.690000,15.690000,3148.300000
2023.01.03 21:35,15.690000,15.700000,15.685000,15.695000,3215.100000
2023.01.03 21:40,15.695000,15.695000,15.670000,15.670000,5445.500000
2023.01.03 21:45,15.670000,15.675000,15.655000,15.660000,4178.400000
2023.01.03 21:50,15.660000,15.680000,15.660000,15.670000,86.500000
2023.01.03 21:55,15.670000,15.690000,15.670000,15.685000,3305.300000
2023.01.03 22:00,15.685000,15.690000,15.670000,15.680000,1070.000000
2023.01.03 22:05,15.680000,15.690000,15.675000,15.675000,1963.800000
2023.01.03 22:10,15.675000,15.675000,15.645000,15.670000,2474.400000
2023.01.03 22:15,15.670000,15.700000,15.665000,15.700000,2152.500000
2023.01.03 22:20,15.700000,15.700000,15.665000,15.675000,317.700000
2023.01.03 22:25,15.675000,15.680000,15.665000,15.680000,361.300000
2023.01.03 22:30,15.680000,15.680000,15.650000,15.655000,1160.300000
2023.01.03 22:35,15.655000,15.660000,15.645000,15.650000,5695.500000
2023.01.03 22:40,15.650000,15.685000,15.650000,15.680000,1129.100000
2023.01.03 22:45,15.680000,15.705000,15.680000,15.700000,412.500000
2023.01.03 22:50,15.700000,15.710000,15.690000,15.700000,2100.900000
2023.01.03 22:55,15.700000,15.710000,15.695000,15.700000,380.800000
2023.01.03 23:00,15.700000,15.710000,15.695000,15.705000,1837.800000
2023.01.03 23:05,15.705000,15.710000,15.690000,15.690000,2471.000000
2023.01.03 23:10,15.690000,15.720000,15.690000,15.710000,5287.700000
2023.01.03 23:15,15.710000,15.735000,15.710000,15.720000,27505.500000
2023.01.03 23:20,15.720000,15.720000,15.700000,15.710000,1064.800000
2023.01.03 23:25,15.710000,15.735000,15.710000,15.730000,1372.200000
2023.01.03 23:30,15.730000,15.755000,15.720000,15.750000,1925.200000
2023.01.03 23:35,15.750000,15.760000,15.735000,15.745000,10619.900000
2023.01.03 23:40,15.745000,15.745000,15.730000,15.735000,6205.400000
2023.01.03 23:45,15.735000,15.735000,15.720000,15.725000,689.700000
2023.01.03 23:50,15.725000,15.735000,15.720000,15.730000,424.800000
2023.01.03 23:55,15.730000,15.740000,15.725000,15.740000,258.000000
2023.01.04 00:00,15.740000,15.740000,15.725000,15.725000,2408.800000
2023.01.04 00:05,15.725000,15.740000,15.720000,15.735000,2960.500000
2023.01.04 00:10,15.735000,15.750000,15.725000,15.745000,838.600000
2023.01.04 00:15,15.745000,15.760000,15.745000,15.760000,275.200000
2023.01.04 00:20,15.760000,15.760000,15.750000,15.750000,480.000000
2023.01.04 00:25,15.750000,15.770000,15.750000,15.760000,539.900000
2023.01.04 00:30,15.760000,15.765000,15.755000,15.760000,205.600000
2023.01.04 00:35,15.760000,15.775000,15.755000,15.760000,1591.800000
2023.01.04 00:40,15.760000,15.785000,15.755000,15.780000,706.900000
2023.01.04 00:45,15.780000,15.805000,15.775000,15.795000,15050.100000
2023.01.04 00:50,15.795000,15.810000,15.785000,15.795000,4059.100000
2023.01.04 00:55,15.795000,15.805000,15.790000,15.795000,3360.000000
2023.01.04 01:00,15.795000,15.805000,15.790000,15.800000,1230.900000
2023.01.04 01:05,15.800000,15.810000,15.795000,15.800000,5691.100000
2023.01.04 01:10,15.800000,15.800000,15.790000,15.795000,3475.900000
2023.01.04 01:15,15.795000,15.795000,15.775000,15.780000,2928.100000
2023.01.04 01:20,15.780000,15.780000,15.770000,15.775000,26.900000
2023.01.04 01:25,15.775000,15.785000,15.770000,15.785000,333.700000
2023.01.04 01:30,15.785000,15.790000,15.775000,15.785000,175.600000
2023.01.04 01:35,15.785000,15.785000,15.770000,15.780000,495.400000
2023.01.04 01:40,15.780000,15.780000,15.760000,15.780000,4326.700000
2023.01.04 01:45,15.780000,15.795000,15.775000,15.790000,76.200000
2023.01.04 01:50,15.790000,15.815000,15.790000,15.810000,801.500000
2023.01.04 01:55,15.810000,15.855000,15.810000,15.855000,5880.500000
2023.01.04 02:00,15.855000,15.860000,15.830000,15.855000,2311.000000
2023.01.04 02:05,15.855000,15.880000,15.830000,15.870000,20620.400000
2023.01.04 02:10,15.870000,15.910000,15.870000,15.880000,4963.200000
2023.01.04 02:15,15.880000,15.905000,15.880000,15.895000,6103.000000
2023.01.04 02:20,15.895000,15.900000,15.870000,15.875000,4553.600000
2023.01.04 02:25,15.875000,15.875000,15.860000,15.870000,5487.700000
2023.01.04 02:30,15.870000,15.880000,15.860000,15.875000,192.000000
2023.01.04 02:35,15.875000,15.880000,15.870000,15.875000,341.800000
2023.01.04 02:40,15.875000,15.895000,15.875000,15.895000,1531.700000
2023.01.04 02:45,15.895000,15.900000,15.890000,15.895000,695.000000
2023.01.04 02:50,15.895000,15.900000,15.890000,15.895000,407.700000
2023.01.04 02:55,15.895000,15.900000,15.880000,15.880000,1709.100000
2023.01.04 03:00,15.880000,15.895000,15.860000,15.865000,2781.700000
2023.01.04 03:05,15.865000,15.865000,15.850000,15.850000,3734.200000
2023.01.04 03:10,15.850000,15.875000,15.850000,15.855000,4314.600000
2023.01.04 03:15,15.855000,15.885000,15.835000,15.870000,7071.300000
2023.01.04 03:20,15.870000,15.900000,15.870000,15.895000,7050.900000
2023.01.04 03:25,15.895000,15.955000,15.890000,15.940000,8173.600000
2023.01.04 03:30,15.940000,15.970000,15.935000,15.965000,3646.000000
2023.01.04 03:35,15.965000,15.970000,15.910000,15.945000,6751.700000
2023.01.04 03:40,15.945000,15.945000,15.905000,15.905000,3551.900000
2023.01.04 03:45,15.905000,15.920000,15.890000,15.920000,4118.800000
2023.01.04 03:50,15.920000,15.955000,15.920000,15.955000,562.600000
2023.01.04 03:55,15.955000,16.210000,15.950000,16.165000,106447.500000
2023.01.04 04:00,16.165000,16.235000,16.125000,16.215000,68017.000000
2023.01.04 04:05,16.215000,16.480000,16.215000,16.470000,149592.500000
2023.01.04 04:10,16.470000,16.495000,16.370000,16.395000,47678.400000
2023.01.04 04:15,16.395000,16.485000,16.335000,16.485000,35842.400000
2023.01.04 04:20,16.485000,16.535000,16.420000,16.430000,48227.500000
2023.01.04 04:25,16.430000,16.445000,16.375000,16.385000,21600.500000
2023.01.04 04:30,16.385000,16.475000,16.380000,16.450000,21445.800000
2023.01.04 04:35,16.450000,16.490000,16.420000,16.490000,8464.500000
2023.01.04 04:40,16.490000,16.590000,16.485000,16.580000,37476.700000
2023.01.04 04:45,16.580000,16.665000,16.550000,16.585000,67695.200000
2023.01.04 04:50,16.585000,16.630000,16.560000,16.560000,11453.100000
2023.01.04 04:55,16.560000,16.630000,16.560000,16.595000,12541.900000
2023.01.04 05:00,16.595000,16.635000,16.520000,16.520000,16538.100000
2023.01.04 05:05,16.520000,16.555000,16.505000,16.515000,17241.200000
2023.01.04 05:10,16.515000,16.525000,16.455000,16.465000,16340.800000
2023.01.04 05:15,16.465000,16.500000,16.455000,16.490000,5784.400000
2023.01.04 05:20,16.490000,16.550000,16.475000,16.550000,10919.900000
2023.01.04 05:25,16.550000,16.555000,16.515000,16.540000,7953.800000
2023.01.04 05:30,16.540000,16.575000,16.540000,16.570000,13028.900000
2023.01.04 05:35,16.570000,16.600000,16.520000,16.530000,20795.400000
2023.01.04 05:40,16.530000,16.575000,16.505000,16.565000,11981.800000
2023.01.04 05:45,16.565000,16.580000,16.550000,16.555000,5440.100000
2023.01.04 05:50,16.555000,16.755000,16.545000,16.750000,69671.100000
2023.01.04 05:55,16.750000,17.045000,16.730000,16.960000,235892.400000
2023.01.04 06:00,16.960000,16.975000,16.860000,16.930000,34981.000000
2023.01.04 06:05,16.930000,17.290000,16.925000,17.160000,232053.700000
2023.01.04 06:10,17.160000,17.280000,17.135000,17.190000,83710.400000
2023.01.04 06:15,17.190000,17.425000,17.135000,17.315000,92713.000000
2023.01.04 06:20,17.315000,17.350000,17.195000,17.205000,42435.700000
2023.01.04 06:25,17.205000,17.300000,17.195000,17.270000,15420.400000
2023.01.04 06:30,17.270000,17.355000,17.260000,17.310000,25383.600000
2023.01.04 06:35,17.310000,17.490000,17.310000,17.435000,68810.900000
2023.01.04 06:40,17.435000,17.560000,17.380000,17.520000,59848.700000
2023.01.04 06:45,17.520000,17.760000,17.515000,17.635000,201743.100000
2023.01.04 06:50,17.635000,17.830000,17.620000,17.705000,90728.700000
2023.01.04 06:55,17.705000,17.720000,17.620000,17.630000,28584.900000
2023.01.04 07:00,17.630000,17.685000,17.565000,17.645000,39069.100000
2023.01.04 07:05,17.645000,17.660000,17.495000,17.525000,47111.900000
2023.01.04 07:10,17.525000,17.550000,17.440000,17.485000,82288.200000
2023.01.04 07:15,17.485000,17.530000,17.455000,17.460000,34231.900000
2023.01.04 07:20,17.460000,17.520000,17.460000,17.520000,4506.400000
2023.01.04 07:25,17.520000,17.560000,17.510000,17.510000,23540.500000
2023.01.04 07:30,17.510000,17.560000,17.500000,17.545000,18818.600000
2023.01.04 07:35,17.545000,17.620000,17.540000,17.610000,23513.700000
2023.01.04 07:40,17.610000,17.615000,17.560000,17.565000,7025.000000
2023.01.04 07:45,17.565000,17.600000,17.560000,17.595000,5706.400000
2023.01.04 07:50,17.595000,17.635000,17.590000,17.625000,12643.500000
2023.01.04 07:55,17.625000,17.645000,17.585000,17.635000,18619.400000
2023.01.04 08:00,17.635000,17.705000,17.630000,17.655000,40094.200000
2023.01.04 08:05,17.655000,17.725000,17.590000,17.590000,41851.300000
2023.01.04 08:10,17.590000,17.620000,17.570000,17.570000,22780.500000
2023.01.04 08:15,17.570000,17.645000,17.570000,17.640000,19092.500000
2023.01.04 08:20,17.640000,17.685000,17.640000,17.675000,16278.800000
2023.01.04 08:25,17.675000,17.685000,17.640000,17.650000,9182.000000
2023.01.04 08:30,17.650000,17.660000,17.610000,17.660000,11212.900000
2023.01.04 08:35,17.660000,17.670000,17.635000,17.640000,4250.000000
2023.01.04 08:40,17.640000,17.645000,17.585000,17.610000,9327.200000
2023.01.04 08:45,17.610000,17.625000,17.580000,17.585000,25483.600000
2023.01.04 08:50,17.585000,17.625000,17.585000,17.600000,7889.700000
2023.01.04 08:55,17.600000,17.660000,17.580000,17.630000,17827.000000
2023.01.04 09:00,17.630000,17.660000,17.605000,17.610000,10036.700000
2023.01.04 09:05,17.610000,17.620000,17.570000,17.575000,11015.400000
2023.01.04 09:10,17.575000,17.605000,17.550000,17.580000,11381.700000
2023.01.04 09:15,17.580000,17.615000,17.520000,17.525000,14795.100000
2023.01.04 09:20,17.525000,17.535000,17.470000,17.485000,30490.500000
2023.01.04 09:25,17.485000,17.560000,17.485000,17.560000,19790.100000
2023.01.04 09:30,17.560000,17.560000,17.495000,17.510000,11870.500000
2023.01.04 09:35,17.510000,17.620000,17.505000,17.585000,24322.700000
2023.01.04 09:40,17.585000,17.660000,17.580000,17.625000,29414.800000
2023.01.04 09:45,17.625000,17.635000,17.595000,17.595000,15982.100000
2023.01.04 09:50,17.595000,17.650000,17.590000,17.635000,8761.000000
2023.01.04 09:55,17.635000,17.695000,17.635000,17.675000,26417.100000
2023.01.04 10:00,17.675000,17.780000,17.640000,17.645000,69916.300000
2023.01.04 10:05,17.645000,17.650000,17.555000,17.585000,26778.900000
2023.01.04 10:10,17.585000,17.660000,17.585000,17.655000,4069.200000
2023.01.04 10:15,17.655000,17.680000,17.620000,17.655000,7506.700000
2023.01.04 10:20,17.655000,17.780000,17.645000,17.760000,17091.700000
2023.01.04 10:25,17.760000,17.765000,17.695000,17.705000,16373.500000
2023.01.04 10:30,17.705000,17.720000,17.690000,17.715000,7539.300000
2023.01.04 10:35,17.715000,17.910000,17.700000,17.845000,68050.300000
2023.01.04 10:40,17.845000,17.845000,17.805000,17.815000,32265.500000
2023.01.04 10:45,17.815000,17.815000,17.740000,17.740000,12745.600000
2023.01.04 10:50,17.740000,17.760000,17.725000,17.725000,9327.400000
2023.01.04 10:55,17.725000,17.765000,17.705000,17.725000,12943.500000
2023.01.04 11:00,17.725000,17.735000,17.670000,17.710000,13340.900000
2023.01.04 11:05,17.710000,17.785000,17.705000,17.785000,16703.600000
2023.01.04 11:10,17.785000,17.805000,17.750000,17.760000,17061.600000
2023.01.04 11:15,17.760000,17.875000,17.750000,17.790000,22496.900000
