2023.02.01 00:00,1587.120000,1590.660000,1563.310000,1577.260000,96838.830000
2023.02.01 01:00,1577.260000,1601.340000,1568.800000,1589.880000,47499.920000
2023.02.01 02:00,1589.880000,1590.270000,1581.080000,1585.090000,23726.070000
2023.02.01 03:00,1585.090000,1589.950000,1575.600000,1583.120000,24118.560000
2023.02.01 04:00,1583.120000,1592.930000,1580.000000,1588.490000,20879.990000
2023.02.01 05:00,1588.490000,1589.110000,1581.560000,1585.220000,10906.960000
2023.02.01 06:00,1585.220000,1585.640000,1578.260000,1584.320000,8835.780000
2023.02.01 07:00,1584.320000,1585.120000,1580.640000,1582.400000,8327.280000
2023.02.01 08:00,1582.400000,1585.450000,1581.500000,1582.440000,8544.820000
2023.02.01 09:00,1582.440000,1582.520000,1573.020000,1574.200000,20772.780000
2023.02.01 10:00,1574.200000,1578.310000,1569.000000,1575.000000,20593.790000
2023.02.01 11:00,1575.000000,1575.970000,1566.150000,1570.180000,22106.000000
2023.02.01 12:00,1570.180000,1574.860000,1565.580000,1573.040000,12191.300000
2023.02.01 13:00,1573.040000,1575.940000,1570.500000,1575.000000,13505.000000
2023.02.01 14:00,1575.000000,1583.870000,1574.720000,1580.680000,18773.730000
2023.02.01 15:00,1580.680000,1582.960000,1578.010000,1578.880000,11885.070000
2023.02.01 16:00,1578.880000,1587.600000,1572.570000,1581.190000,33825.940000
2023.02.01 17:00,1581.190000,1590.270000,1575.450000,1584.300000,25767.550000
2023.02.01 18:00,1584.300000,1584.970000,1572.000000,1575.620000,39373.780000
2023.02.01 19:00,1575.620000,1580.270000,1570.110000,1575.710000,23713.070000
2023.02.01 20:00,1575.710000,1579.910000,1565.930000,1571.270000,25861.020000
2023.02.01 21:00,1571.270000,1586.770000,1566.700000,1580.440000,50846.760000
2023.02.01 22:00,1580.440000,1628.210000,1551.370000,1617.580000,367455.950000
2023.02.01 23:00,1617.580000,1639.500000,1613.400000,1632.340000,109058.240000
2023.02.02 00:00,1632.340000,1648.000000,1632.310000,1635.350000,78617.470000
2023.02.02 01:00,1635.350000,1650.000000,1635.260000,1637.960000,33169.580000
2023.02.02 02:00,1637.960000,1647.980000,1636.850000,1641.560000,28593.790000
2023.02.02 03:00,1641.560000,1702.160000,1639.510000,1692.460000,202191.130000
2023.02.02 04:00,1692.460000,1692.500000,1674.340000,1676.040000,56623.120000
2023.02.02 05:00,1676.040000,1678.930000,1666.160000,1670.100000,31973.100000
2023.02.02 06:00,1670.100000,1677.890000,1670.010000,1671.150000,15043.530000
2023.02.02 07:00,1671.150000,1676.170000,1669.450000,1673.360000,15712.830000
2023.02.02 08:00,1673.360000,1677.250000,1670.260000,1670.270000,11197.740000
2023.02.02 09:00,1670.270000,1671.910000,1660.500000,1667.210000,28294.870000
2023.02.02 10:00,1667.210000,1670.810000,1662.700000,1664.700000,15035.750000
2023.02.02 11:00,1664.700000,1671.630000,1663.080000,1670.440000,12678.100000
2023.02.02 12:00,1670.440000,1675.000000,1665.710000,1674.820000,13660.100000
2023.02.02 13:00,1674.820000,1675.300000,1667.670000,1669.210000,13893.380000
2023.02.02 14:00,1669.210000,1673.600000,1669.210000,1672.540000,12548.940000
2023.02.02 15:00,1672.540000,1678.000000,1669.600000,1677.120000,25625.300000
2023.02.02 16:00,1677.120000,1677.660000,1669.010000,1672.830000,28384.320000
2023.02.02 17:00,1672.830000,1692.000000,1648.870000,1656.650000,163776.960000
2023.02.02 18:00,1656.650000,1686.680000,1652.660000,1678.500000,79898.570000
2023.02.02 19:00,1678.500000,1685.000000,1672.400000,1672.600000,49983.000000
2023.02.02 20:00,1672.600000,1683.900000,1671.620000,1680.550000,21968.200000
2023.02.02 21:00,1680.550000,1724.500000,1680.550000,1701.930000,143671.450000
2023.02.02 22:00,1701.930000,1704.070000,1666.220000,1675.520000,81136.530000
2023.02.02 23:00,1675.520000,1681.320000,1670.360000,1680.790000,28326.780000
2023.02.03 00:00,1680.790000,1687.190000,1633.360000,1637.100000,131769.500000
2023.02.03 01:00,1637.100000,1662.490000,1625.090000,1655.990000,73080.170000
2023.02.03 02:00,1655.990000,1657.120000,1638.320000,1643.570000,41685.880000
2023.02.03 03:00,1643.570000,1649.730000,1631.000000,1647.120000,44862.020000
2023.02.03 04:00,1647.120000,1651.770000,1643.910000,1644.980000,22156.980000
2023.02.03 05:00,1644.980000,1648.690000,1633.600000,1639.280000,24720.560000
2023.02.03 06:00,1639.280000,1642.780000,1630.790000,1642.640000,25707.070000
2023.02.03 07:00,1642.640000,1645.110000,1639.620000,1640.480000,11234.580000
2023.02.03 08:00,1640.480000,1645.000000,1638.530000,1644.000000,9639.880000
2023.02.03 09:00,1644.000000,1645.690000,1640.540000,1641.220000,8887.350000
2023.02.03 10:00,1641.220000,1647.930000,1636.100000,1637.540000,28366.020000
2023.02.03 11:00,1637.540000,1642.510000,1630.060000,1641.310000,22913.920000
2023.02.03 12:00,1641.310000,1643.860000,1640.450000,1641.990000,10224.240000
2023.02.03 13:00,1641.990000,1645.300000,1635.490000,1644.660000,16792.790000
2023.02.03 14:00,1644.660000,1651.380000,1642.000000,1649.480000,26045.860000
2023.02.03 15:00,1649.480000,1655.660000,1645.260000,1652.290000,24977.610000
2023.02.03 16:00,1652.290000,1654.500000,1621.260000,1637.230000,155414.380000
2023.02.03 17:00,1637.230000,1666.500000,1626.850000,1661.870000,114455.170000
2023.02.03 18:00,1661.870000,1673.930000,1650.100000,1663.520000,102559.020000
2023.02.03 19:00,1663.520000,1676.090000,1656.620000,1657.150000,49540.730000
2023.02.03 20:00,1657.150000,1674.820000,1655.720000,1660.960000,36130.990000
2023.02.03 21:00,1660.960000,1662.890000,1651.050000,1657.160000,36037.650000
2023.02.03 22:00,1657.160000,1660.690000,1650.120000,1653.500000,21659.220000
2023.02.03 23:00,1653.500000,1662.240000,1640.560000,1655.530000,47697.220000
2023.02.04 00:00,1655.530000,1659.150000,1652.010000,1657.410000,13768.050000
2023.02.04 01:00,1657.410000,1670.680000,1656.880000,1668.000000,21512.670000
2023.02.04 02:00,1668.000000,1672.280000,1662.500000,1663.750000,16357.400000
2023.02.04 03:00,1663.750000,1665.870000,1658.180000,1662.010000,22145.100000
2023.02.04 04:00,1662.010000,1664.350000,1655.550000,1656.980000,15949.110000
2023.02.04 05:00,1656.980000,1659.100000,1649.550000,1657.600000,16095.230000
2023.02.04 06:00,1657.600000,1658.410000,1651.500000,1654.000000,9930.000000
2023.02.04 07:00,1654.000000,1654.350000,1650.000000,1652.440000,6234.020000
2023.02.04 08:00,1652.440000,1652.690000,1645.250000,1651.400000,12951.870000
2023.02.04 09:00,1651.400000,1655.280000,1645.350000,1653.930000,13316.590000
2023.02.04 10:00,1653.930000,1660.520000,1653.340000,1658.280000,15751.710000
2023.02.04 11:00,1658.280000,1658.810000,1652.160000,1652.450000,10844.060000
2023.02.04 12:00,1652.450000,1657.800000,1651.500000,1657.340000,8396.470000
2023.02.04 13:00,1657.340000,1661.990000,1656.860000,1659.390000,15251.540000
2023.02.04 14:00,1659.390000,1662.640000,1658.590000,1661.440000,8501.410000
2023.02.04 15:00,1661.440000,1667.460000,1660.380000,1665.890000,18419.270000
2023.02.04 16:00,1665.890000,1695.490000,1665.670000,1684.640000,121152.730000
2023.02.04 17:00,1684.640000,1685.300000,1671.610000,1681.650000,35825.240000
2023.02.04 18:00,1681.650000,1682.000000,1675.110000,1680.290000,17524.330000
2023.02.04 19:00,1680.290000,1686.630000,1672.310000,1680.430000,31439.050000
2023.02.04 20:00,1680.430000,1684.750000,1677.000000,1681.410000,21317.800000
2023.02.04 21:00,1681.410000,1683.170000,1672.300000,1679.180000,21908.950000
2023.02.04 22:00,1679.180000,1679.940000,1674.670000,1676.000000,7745.440000
2023.02.04 23:00,1676.000000,1681.450000,1673.440000,1679.250000,11592.040000
2023.02.05 00:00,1679.250000,1680.480000,1674.520000,1680.310000,10015.320000
2023.02.05 01:00,1680.310000,1691.460000,1677.010000,1680.150000,28046.790000
2023.02.05 02:00,1680.150000,1683.370000,1658.370000,1665.960000,51598.740000
2023.02.05 03:00,1665.960000,1670.400000,1656.880000,1663.000000,32299.930000
2023.02.05 04:00,1663.000000,1667.230000,1660.160000,1665.060000,13422.230000
2023.02.05 05:00,1665.060000,1668.600000,1660.050000,1660.410000,11283.130000
2023.02.05 06:00,1660.410000,1663.190000,1655.560000,1660.300000,19017.180000
2023.02.05 07:00,1660.300000,1665.560000,1659.450000,1663.490000,12317.890000
2023.02.05 08:00,1663.490000,1667.250000,1663.190000,1666.920000,7370.030000
2023.02.05 09:00,1666.920000,1671.860000,1663.200000,1667.490000,18154.330000
2023.02.05 10:00,1667.490000,1668.600000,1664.580000,1667.600000,5354.400000
2023.02.05 11:00,1667.600000,1673.500000,1665.730000,1669.680000,12337.540000
2023.02.05 12:00,1669.680000,1672.370000,1664.900000,1665.580000,10548.710000
2023.02.05 13:00,1665.580000,1670.200000,1665.200000,1668.420000,6638.920000
2023.02.05 14:00,1668.420000,1668.420000,1660.540000,1662.010000,14842.400000
2023.02.05 15:00,1662.010000,1664.300000,1633.870000,1648.200000,95636.510000
2023.02.05 16:00,1648.200000,1652.840000,1640.450000,1648.120000,40681.610000
2023.02.05 17:00,1648.120000,1655.050000,1646.120000,1651.640000,23027.910000
2023.02.05 18:00,1651.640000,1657.700000,1641.000000,1644.530000,39303.280000
2023.02.05 19:00,1644.530000,1647.670000,1636.260000,1638.940000,47278.680000
2023.02.05 20:00,1638.940000,1642.000000,1610.530000,1618.010000,149508.840000
2023.02.05 21:00,1618.010000,1624.080000,1611.750000,1615.200000,49126.900000
2023.02.05 22:00,1615.200000,1621.800000,1608.950000,1619.040000,37926.530000
2023.02.05 23:00,1619.040000,1623.120000,1614.150000,1618.880000,18299.900000
2023.02.06 00:00,1618.880000,1621.810000,1611.180000,1621.380000,24172.320000
2023.02.06 01:00,1621.380000,1639.620000,1620.590000,1633.950000,38679.880000
2023.02.06 02:00,1633.950000,1635.530000,1626.420000,1628.760000,17020.090000
2023.02.06 03:00,1628.760000,1642.000000,1628.570000,1638.530000,20422.780000
2023.02.06 04:00,1638.530000,1640.000000,1630.280000,1630.700000,11606.530000
2023.02.06 05:00,1630.700000,1633.750000,1622.000000,1622.230000,16345.900000
2023.02.06 06:00,1622.230000,1628.030000,1617.200000,1626.080000,17219.970000
2023.02.06 07:00,1626.080000,1628.930000,1623.520000,1624.180000,5411.270000
2023.02.06 08:00,1624.180000,1625.430000,1607.520000,1621.220000,41819.470000
2023.02.06 09:00,1621.220000,1627.690000,1619.170000,1624.760000,15670.990000
2023.02.06 10:00,1624.760000,1635.080000,1623.560000,1634.860000,15875.620000
2023.02.06 11:00,1634.860000,1637.490000,1629.100000,1632.110000,18136.910000
2023.02.06 12:00,1632.110000,1635.590000,1627.360000,1630.100000,11785.260000
2023.02.06 13:00,1630.100000,1633.690000,1626.710000,1630.770000,10936.100000
2023.02.06 14:00,1630.770000,1636.510000,1622.310000,1634.570000,23091.820000
2023.02.06 15:00,1634.570000,1638.900000,1626.950000,1633.190000,29790.430000
2023.02.06 16:00,1633.190000,1637.810000,1627.100000,1628.340000,14914.270000
2023.02.06 17:00,1628.340000,1634.700000,1623.180000,1629.490000,37652.970000
2023.02.06 18:00,1629.490000,1649.560000,1619.290000,1648.300000,74087.600000
2023.02.06 19:00,1648.300000,1658.820000,1639.110000,1644.650000,98624.440000
2023.02.06 20:00,1644.650000,1651.650000,1641.070000,1646.890000,21655.930000
2023.02.06 21:00,1646.890000,1650.000000,1639.500000,1646.550000,21617.440000
2023.02.06 22:00,1646.550000,1655.320000,1641.320000,1647.960000,34967.200000
2023.02.06 23:00,1647.960000,1649.240000,1642.850000,1646.700000,12841.730000
2023.02.07 00:00,1646.700000,1646.860000,1634.590000,1637.690000,23682.340000
2023.02.07 01:00,1637.690000,1638.330000,1628.100000,1632.430000,23776.140000
2023.02.07 02:00,1632.430000,1632.890000,1603.610000,1613.690000,84390.130000
2023.02.07 03:00,1613.690000,1621.200000,1612.500000,1619.470000,19364.630000
2023.02.07 04:00,1619.470000,1626.310000,1619.070000,1625.320000,15847.450000
2023.02.07 05:00,1625.320000,1629.770000,1621.000000,1629.050000,11423.640000
2023.02.07 06:00,1629.050000,1635.570000,1626.280000,1632.500000,19843.200000
2023.02.07 07:00,1632.500000,1636.800000,1630.090000,1630.940000,16720.670000
2023.02.07 08:00,1630.940000,1636.000000,1630.770000,1634.480000,8359.560000
2023.02.07 09:00,1634.480000,1637.630000,1631.500000,1631.980000,13534.460000
2023.02.07 10:00,1631.980000,1635.640000,1630.320000,1631.490000,7950.280000
2023.02.07 11:00,1631.490000,1632.890000,1627.840000,1629.610000,13927.070000
2023.02.07 12:00,1629.610000,1643.880000,1629.600000,1641.240000,31565.360000
2023.02.07 13:00,1641.240000,1647.730000,1639.570000,1642.480000,30140.940000
2023.02.07 14:00,1642.480000,1646.730000,1640.470000,1640.500000,11433.610000
2023.02.07 15:00,1640.500000,1644.630000,1639.580000,1643.400000,12670.770000
2023.02.07 16:00,1643.400000,1644.400000,1633.480000,1638.570000,24505.510000
2023.02.07 17:00,1638.570000,1640.780000,1634.000000,1636.300000,19572.140000
2023.02.07 18:00,1636.300000,1637.080000,1626.530000,1630.590000,28575.100000
2023.02.07 19:00,1630.590000,1643.940000,1623.560000,1637.970000,51206.730000
2023.02.07 20:00,1637.970000,1676.090000,1628.970000,1671.630000,154384.320000
2023.02.07 21:00,1671.630000,1678.580000,1625.250000,1638.470000,170853.830000
2023.02.07 22:00,1638.470000,1658.200000,1637.650000,1656.070000,56554.400000
2023.02.07 23:00,1656.070000,1669.370000,1650.110000,1665.160000,53599.590000
2023.02.08 00:00,1665.160000,1674.750000,1663.810000,1667.250000,26390.510000
2023.02.08 01:00,1667.250000,1672.000000,1657.150000,1665.300000,27892.180000
2023.02.08 02:00,1665.300000,1677.400000,1665.300000,1670.570000,32913.700000
2023.02.08 03:00,1670.570000,1691.300000,1667.620000,1687.750000,66272.880000
2023.02.08 04:00,1687.750000,1699.570000,1681.500000,1682.580000,40332.290000
2023.02.08 05:00,1682.580000,1684.500000,1675.970000,1676.360000,18968.580000
2023.02.08 06:00,1676.360000,1683.660000,1675.310000,1681.120000,18222.010000
2023.02.08 07:00,1681.120000,1682.860000,1678.280000,1679.210000,9300.590000
2023.02.08 08:00,1679.210000,1680.600000,1672.150000,1675.720000,14205.620000
2023.02.08 09:00,1675.720000,1677.870000,1672.000000,1673.900000,8799.850000
2023.02.08 10:00,1673.900000,1679.220000,1672.350000,1677.190000,14133.510000
2023.02.08 11:00,1677.190000,1677.740000,1669.010000,1673.490000,15692.200000
2023.02.08 12:00,1673.490000,1675.500000,1669.860000,1673.490000,9323.600000
2023.02.08 13:00,1673.490000,1673.510000,1668.460000,1671.150000,14731.230000
2023.02.08 14:00,1671.150000,1676.650000,1670.280000,1673.920000,14325.250000
2023.02.08 15:00,1673.920000,1677.720000,1669.990000,1671.970000,17821.970000
2023.02.08 16:00,1671.970000,1676.970000,1668.500000,1674.680000,23071.150000
2023.02.08 17:00,1674.680000,1683.280000,1660.220000,1671.460000,78510.750000
2023.02.08 18:00,1671.460000,1671.460000,1651.240000,1653.520000,79441.860000
2023.02.08 19:00,1653.520000,1655.460000,1630.020000,1653.290000,143440.510000
2023.02.08 20:00,1653.290000,1659.790000,1647.010000,1657.290000,44631.630000
2023.02.08 21:00,1657.290000,1659.850000,1641.060000,1646.610000,30534.520000
2023.02.08 22:00,1646.610000,1650.760000,1642.100000,1647.690000,21287.170000
2023.02.08 23:00,1647.690000,1649.240000,1637.000000,1641.780000,35001.320000
2023.02.09 00:00,1641.780000,1655.870000,1639.450000,1652.420000,19477.990000
2023.02.09 01:00,1652.420000,1655.780000,1650.220000,1650.330000,8498.130000
2023.02.09 02:00,1650.330000,1653.000000,1641.960000,1649.950000,17952.820000
2023.02.09 03:00,1649.950000,1655.300000,1645.040000,1654.240000,17004.800000
2023.02.09 04:00,1654.240000,1655.760000,1649.350000,1650.870000,8965.130000
2023.02.09 05:00,1650.870000,1651.310000,1630.840000,1631.560000,35960.100000
2023.02.09 06:00,1631.560000,1632.510000,1608.660000,1619.110000,132917.290000
2023.02.09 07:00,1619.110000,1627.360000,1610.240000,1623.980000,51784.000000
2023.02.09 08:00,1623.980000,1630.000000,1621.990000,1628.130000,22115.610000
2023.02.09 09:00,1628.130000,1637.440000,1625.640000,1634.040000,19646.350000
2023.02.09 10:00,1634.040000,1635.470000,1629.290000,1629.610000,13219.740000
2023.02.09 11:00,1629.610000,1637.180000,1629.610000,1632.410000,14178.560000
2023.02.09 12:00,1632.410000,1636.000000,1630.300000,1634.500000,10071.290000
2023.02.09 13:00,1634.500000,1634.780000,1630.730000,1633.060000,12231.290000
2023.02.09 14:00,1633.060000,1639.950000,1629.360000,1632.780000,20465.680000
2023.02.09 15:00,1632.780000,1643.000000,1624.490000,1636.000000,44381.720000
2023.02.09 16:00,1636.000000,1642.060000,1633.360000,1639.870000,23504.110000
2023.02.09 17:00,1639.870000,1649.170000,1635.250000,1637.120000,47568.060000
2023.02.09 18:00,1637.120000,1639.910000,1626.780000,1631.590000,36941.030000
2023.02.09 19:00,1631.590000,1633.120000,1616.320000,1622.300000,45681.960000
2023.02.09 20:00,1622.300000,1628.910000,1615.170000,1623.390000,34498.780000
2023.02.09 21:00,1623.390000,1631.180000,1619.220000,1621.900000,27933.190000
2023.02.09 22:00,1621.900000,1622.690000,1556.300000,1579.460000,285578.770000
2023.02.09 23:00,1579.460000,1581.900000,1564.340000,1576.630000,69568.880000
2023.02.10 00:00,1576.630000,1577.750000,1522.000000,1540.150000,237410.700000
2023.02.10 01:00,1540.150000,1549.180000,1527.280000,1537.700000,82886.830000
2023.02.10 02:00,1537.700000,1549.470000,1536.800000,1544.620000,25455.340000
2023.02.10 03:00,1544.620000,1554.310000,1541.500000,1548.080000,27153.850000
2023.02.10 04:00,1548.080000,1552.980000,1543.220000,1549.480000,20548.750000
2023.02.10 05:00,1549.480000,1550.450000,1541.730000,1548.740000,11913.720000
2023.02.10 06:00,1548.740000,1548.740000,1541.830000,1543.200000,12063.710000
2023.02.10 07:00,1543.200000,1544.500000,1530.800000,1538.210000,35315.830000
2023.02.10 08:00,1538.210000,1546.500000,1529.020000,1541.370000,37603.770000
2023.02.10 09:00,1541.370000,1548.850000,1539.380000,1548.250000,15137.140000
2023.02.10 10:00,1548.250000,1552.180000,1543.220000,1550.930000,18700.410000
2023.02.10 11:00,1550.930000,1553.920000,1548.480000,1550.490000,16247.550000
2023.02.10 12:00,1550.490000,1552.400000,1544.560000,1545.500000,13375.950000
2023.02.10 13:00,1545.500000,1546.560000,1541.550000,1545.880000,15294.940000
2023.02.10 14:00,1545.880000,1545.890000,1533.250000,1536.590000,44540.240000
2023.02.10 15:00,1536.590000,1542.000000,1531.180000,1533.410000,40187.340000
2023.02.10 16:00,1533.410000,1542.250000,1533.320000,1537.230000,28239.220000
2023.02.10 17:00,1537.230000,1547.940000,1535.170000,1543.100000,33452.330000
2023.02.10 18:00,1543.100000,1547.690000,1503.720000,1522.150000,166526.630000
2023.02.10 19:00,1522.150000,1533.990000,1514.170000,1519.680000,70702.470000
2023.02.10 20:00,1519.680000,1526.250000,1514.700000,1526.000000,34156.350000
2023.02.10 21:00,1526.000000,1527.910000,1522.330000,1526.490000,15697.640000
2023.02.10 22:00,1526.490000,1539.360000,1522.720000,1533.840000,31493.850000
2023.02.10 23:00,1533.840000,1535.000000,1527.160000,1529.200000,12179.500000
2023.02.11 00:00,1529.200000,1529.470000,1486.630000,1505.020000,141429.790000
2023.02.11 01:00,1505.020000,1516.900000,1502.620000,1508.280000,57859.720000
2023.02.11 02:00,1508.280000,1518.980000,1504.430000,1512.610000,32684.820000
2023.02.11 03:00,1512.610000,1517.500000,1507.320000,1515.510000,23920.450000
2023.02.11 04:00,1515.510000,1518.140000,1508.840000,1511.650000,15983.400000
2023.02.11 05:00,1511.650000,1516.400000,1511.260000,1516.400000,10246.650000
2023.02.11 06:00,1516.400000,1523.210000,1516.120000,1519.770000,16902.990000
2023.02.11 07:00,1519.770000,1520.600000,1517.970000,1519.700000,4952.860000
2023.02.11 08:00,1519.700000,1520.900000,1515.520000,1517.160000,6300.280000
2023.02.11 09:00,1517.160000,1518.980000,1514.200000,1517.980000,6855.820000
2023.02.11 10:00,1517.980000,1522.800000,1515.280000,1519.980000,12438.880000
2023.02.11 11:00,1519.980000,1525.500000,1518.700000,1522.280000,22642.680000
2023.02.11 12:00,1522.280000,1524.210000,1520.440000,1521.950000,6482.290000
2023.02.11 13:00,1521.950000,1521.950000,1515.050000,1518.140000,19297.010000
2023.02.11 14:00,1518.140000,1519.710000,1516.500000,1519.180000,6505.530000
2023.02.11 15:00,1519.180000,1524.480000,1513.330000,1518.900000,24630.120000
2023.02.11 16:00,1518.900000,1522.900000,1517.400000,1522.240000,8433.260000
2023.02.11 17:00,1522.240000,1526.750000,1518.400000,1524.500000,13955.560000
2023.02.11 18:00,1524.500000,1525.610000,1519.410000,1521.900000,8877.930000
2023.02.11 19:00,1521.900000,1522.100000,1516.220000,1517.260000,10876.000000
2023.02.11 20:00,1517.260000,1517.650000,1514.280000,1517.640000,11154.520000
2023.02.11 21:00,1517.640000,1520.950000,1503.700000,1514.160000,38515.460000
2023.02.11 22:00,1514.160000,1518.440000,1513.540000,1517.810000,8333.720000
2023.02.11 23:00,1517.810000,1523.460000,1515.710000,1519.650000,17159.350000
2023.02.12 00:00,1519.650000,1536.580000,1518.250000,1533.930000,40690.750000
2023.02.12 01:00,1533.930000,1543.780000,1530.000000,1535.090000,36541.370000
2023.02.12 02:00,1535.090000,1543.040000,1534.270000,1537.790000,26757.400000
2023.02.12 03:00,1537.790000,1538.660000,1532.450000,1533.430000,14831.240000
2023.02.12 04:00,1533.430000,1535.210000,1531.550000,1533.030000,8482.920000
2023.02.12 05:00,1533.030000,1535.500000,1529.340000,1534.890000,8533.020000
2023.02.12 06:00,1534.890000,1534.890000,1530.620000,1530.620000,5531.230000
2023.02.12 07:00,1530.620000,1531.230000,1528.390000,1531.230000,7160.810000
2023.02.12 08:00,1531.230000,1533.200000,1530.660000,1532.840000,4144.960000
2023.02.12 09:00,1532.840000,1533.790000,1530.750000,1532.410000,6002.160000
2023.02.12 10:00,1532.410000,1532.410000,1529.300000,1530.120000,6138.820000
2023.02.12 11:00,1530.120000,1534.680000,1530.120000,1531.000000,6056.780000
2023.02.12 12:00,1531.000000,1539.550000,1530.210000,1536.400000,17157.830000
2023.02.12 13:00,1536.400000,1538.460000,1531.320000,1535.120000,12543.390000
2023.02.12 14:00,1535.120000,1535.430000,1532.020000,1532.850000,4634.210000
2023.02.12 15:00,1532.850000,1534.740000,1520.000000,1525.020000,32104.150000
2023.02.12 16:00,1525.020000,1527.990000,1521.000000,1525.840000,15471.480000
2023.02.12 17:00,1525.840000,1537.250000,1524.490000,1531.830000,25337.460000
2023.02.12 18:00,1531.830000,1541.160000,1529.330000,1535.430000,19012.970000
2023.02.12 19:00,1535.430000,1547.590000,1533.850000,1542.500000,47394.860000
2023.02.12 20:00,1542.500000,1545.540000,1539.000000,1539.950000,15003.980000
2023.02.12 21:00,1539.950000,1541.820000,1537.570000,1539.110000,10019.980000
2023.02.12 22:00,1539.110000,1541.440000,1535.260000,1538.340000,10929.560000
2023.02.12 23:00,1538.340000,1541.230000,1536.000000,1537.280000,9871.450000
2023.02.13 00:00,1537.280000,1537.500000,1507.280000,1510.410000,76670.150000
2023.02.13 01:00,1510.410000,1514.300000,1490.580000,1512.200000,102654.470000
2023.02.13 02:00,1512.200000,1516.710000,1508.280000,1514.340000,24272.050000
2023.02.13 03:00,1514.340000,1524.250000,1504.920000,1517.740000,48044.760000
2023.02.13 04:00,1517.740000,1519.410000,1501.180000,1506.580000,44925.750000
2023.02.13 05:00,1506.580000,1512.230000,1495.600000,1511.440000,34519.400000
2023.02.13 06:00,1511.440000,1517.000000,1510.430000,1515.900000,16675.270000
2023.02.13 07:00,1515.900000,1521.860000,1515.180000,1517.730000,18678.530000
2023.02.13 08:00,1517.730000,1520.090000,1516.750000,1517.980000,8287.000000
2023.02.13 09:00,1517.980000,1519.470000,1516.340000,1518.650000,7502.540000
2023.02.13 10:00,1518.650000,1525.450000,1516.620000,1521.690000,24363.800000
2023.02.13 11:00,1521.690000,1521.990000,1503.250000,1505.510000,35187.790000
2023.02.13 12:00,1505.510000,1509.710000,1470.530000,1482.050000,238404.250000
2023.02.13 13:00,1482.050000,1487.510000,1464.390000,1482.220000,91502.390000
2023.02.13 14:00,1482.220000,1488.590000,1481.120000,1485.590000,28676.430000
2023.02.13 15:00,1485.590000,1491.760000,1483.620000,1486.860000,25233.340000
2023.02.13 16:00,1486.860000,1488.390000,1477.400000,1477.890000,28950.860000
2023.02.13 17:00,1477.890000,1488.950000,1477.520000,1488.380000,41843.410000
2023.02.13 18:00,1488.380000,1489.690000,1475.010000,1475.490000,38598.160000
2023.02.13 19:00,1475.490000,1487.380000,1460.020000,1475.130000,120117.490000
2023.02.13 20:00,1475.130000,1480.000000,1462.190000,1472.560000,52247.360000
2023.02.13 21:00,1472.560000,1493.830000,1471.500000,1488.490000,72398.220000
2023.02.13 22:00,1488.490000,1492.100000,1484.660000,1490.610000,29531.140000
2023.02.13 23:00,1490.610000,1492.100000,1485.840000,1488.640000,18177.160000
2023.02.14 00:00,1488.640000,1489.760000,1481.250000,1484.800000,18856.480000
2023.02.14 01:00,1484.800000,1494.990000,1483.500000,1491.240000,20844.580000
2023.02.14 02:00,1491.240000,1510.750000,1490.120000,1504.840000,87839.690000
2023.02.14 03:00,1504.840000,1508.000000,1499.420000,1500.500000,24047.610000
2023.02.14 04:00,1500.500000,1502.450000,1493.500000,1499.210000,19106.600000
2023.02.14 05:00,1499.210000,1504.820000,1497.360000,1497.970000,14963.570000
2023.02.14 06:00,1497.970000,1502.980000,1497.290000,1497.870000,9329.100000
2023.02.14 07:00,1497.870000,1502.190000,1496.530000,1497.780000,11382.750000
2023.02.14 08:00,1497.780000,1501.580000,1497.780000,1501.220000,8599.790000
2023.02.14 09:00,1501.220000,1505.500000,1500.020000,1503.400000,13022.380000
2023.02.14 10:00,1503.400000,1507.500000,1502.210000,1505.450000,11687.030000
2023.02.14 11:00,1505.450000,1505.810000,1496.720000,1497.950000,17487.410000
2023.02.14 12:00,1497.950000,1519.550000,1496.660000,1511.600000,48354.220000
2023.02.14 13:00,1511.600000,1514.470000,1507.430000,1508.790000,20351.660000
2023.02.14 14:00,1508.790000,1509.950000,1504.140000,1507.310000,14012.210000
2023.02.14 15:00,1507.310000,1514.430000,1506.890000,1510.600000,21579.560000
2023.02.14 16:00,1510.600000,1525.970000,1482.000000,1512.950000,327526.560000
2023.02.14 17:00,1512.950000,1563.000000,1493.900000,1553.880000,301100.600000
2023.02.14 18:00,1553.880000,1568.410000,1531.710000,1543.910000,200277.620000
2023.02.14 19:00,1543.910000,1553.830000,1533.100000,1539.700000,78867.110000
2023.02.14 20:00,1539.700000,1547.000000,1538.930000,1545.080000,39714.340000
2023.02.14 21:00,1545.080000,1553.680000,1544.890000,1549.870000,41423.120000
2023.02.14 22:00,1549.870000,1564.050000,1545.350000,1559.570000,56024.560000
2023.02.14 23:00,1559.570000,1563.520000,1553.460000,1555.720000,27521.840000
2023.02.15 00:00,1555.720000,1556.410000,1548.100000,1554.860000,30006.140000
2023.02.15 01:00,1554.860000,1557.230000,1550.000000,1553.460000,13235.550000
2023.02.15 02:00,1553.460000,1561.240000,1551.270000,1554.670000,21389.570000
2023.02.15 03:00,1554.670000,1556.440000,1546.590000,1548.870000,24373.110000
2023.02.15 04:00,1548.870000,1551.160000,1546.230000,1548.140000,7820.490000
2023.02.15 05:00,1548.140000,1549.660000,1541.500000,1543.510000,19040.500000
2023.02.15 06:00,1543.510000,1551.430000,1542.520000,1548.080000,20346.670000
2023.02.15 07:00,1548.080000,1550.000000,1545.240000,1546.050000,6661.450000
2023.02.15 08:00,1546.050000,1551.000000,1546.050000,1549.310000,10407.320000
2023.02.15 09:00,1549.310000,1551.290000,1546.500000,1548.670000,7005.830000
2023.02.15 10:00,1548.670000,1550.500000,1543.260000,1546.510000,12563.810000
2023.02.15 11:00,1546.510000,1548.390000,1543.630000,1545.360000,12312.640000
2023.02.15 12:00,1545.360000,1550.990000,1545.350000,1550.010000,11336.210000
2023.02.15 13:00,1550.010000,1559.970000,1548.510000,1555.180000,29988.200000
2023.02.15 14:00,1555.180000,1577.750000,1552.930000,1571.200000,97949.870000
2023.02.15 15:00,1571.200000,1591.980000,1571.200000,1584.000000,140959.710000
2023.02.15 16:00,1584.000000,1584.450000,1572.200000,1576.630000,58124.830000
2023.02.15 17:00,1576.630000,1579.810000,1565.690000,1571.270000,49383.580000
2023.02.15 18:00,1571.270000,1582.340000,1569.820000,1578.380000,38308.350000
2023.02.15 19:00,1578.380000,1589.150000,1574.780000,1574.880000,46297.860000
2023.02.15 20:00,1574.880000,1583.000000,1572.460000,1579.980000,24338.930000
2023.02.15 21:00,1579.980000,1595.890000,1576.220000,1590.550000,52498.890000
2023.02.15 22:00,1590.550000,1630.000000,1587.330000,1628.180000,185641.610000
2023.02.15 23:00,1628.180000,1685.060000,1623.530000,1665.730000,285881.600000
2023.02.16 00:00,1665.730000,1675.800000,1661.200000,1665.990000,63346.050000
2023.02.16 01:00,1665.990000,1675.700000,1663.540000,1665.900000,45083.770000
2023.02.16 02:00,1665.900000,1678.150000,1665.160000,1674.760000,39316.100000
2023.02.16 03:00,1674.760000,1714.990000,1672.390000,1686.990000,182491.150000
2023.02.16 04:00,1686.990000,1695.670000,1686.060000,1694.420000,30181.120000
2023.02.16 05:00,1694.420000,1701.530000,1692.820000,1692.950000,27394.320000
2023.02.16 06:00,1692.950000,1694.840000,1690.720000,1691.720000,12430.460000
2023.02.16 07:00,1691.720000,1696.850000,1686.810000,1695.000000,23586.400000
2023.02.16 08:00,1695.000000,1698.120000,1692.870000,1693.840000,15048.410000
2023.02.16 09:00,1693.840000,1697.390000,1683.520000,1684.990000,28424.910000
2023.02.16 10:00,1684.990000,1688.880000,1675.010000,1682.520000,65556.240000
2023.02.16 11:00,1682.520000,1687.000000,1678.690000,1682.720000,20253.590000
2023.02.16 12:00,1682.720000,1690.110000,1680.280000,1688.350000,16111.840000
2023.02.16 13:00,1688.350000,1693.820000,1685.220000,1687.640000,18563.980000
2023.02.16 14:00,1687.640000,1687.650000,1680.050000,1683.610000,14219.380000
2023.02.16 15:00,1683.610000,1691.480000,1680.280000,1688.460000,17168.090000
2023.02.16 16:00,1688.460000,1697.220000,1668.300000,1675.990000,101627.130000
2023.02.16 17:00,1675.990000,1683.970000,1665.420000,1680.280000,77300.630000
2023.02.16 18:00,1680.280000,1732.990000,1676.510000,1725.130000,171000.630000
2023.02.16 19:00,1725.130000,1744.720000,1687.540000,1716.690000,243621.300000
2023.02.16 20:00,1716.690000,1722.000000,1706.320000,1716.070000,47611.940000
2023.02.16 21:00,1716.070000,1722.760000,1712.130000,1717.100000,35716.870000
2023.02.16 22:00,1717.100000,1718.680000,1706.880000,1710.990000,25625.210000
2023.02.16 23:00,1710.990000,1711.290000,1678.330000,1685.000000,100549.380000
2023.02.17 00:00,1685.000000,1685.400000,1667.030000,1683.490000,51692.560000
2023.02.17 01:00,1683.490000,1685.790000,1638.980000,1645.970000,100958.820000
2023.02.17 02:00,1645.970000,1657.000000,1633.810000,1638.110000,102893.230000
2023.02.17 03:00,1638.110000,1655.830000,1631.150000,1653.320000,69851.640000
2023.02.17 04:00,1653.320000,1664.840000,1650.820000,1663.840000,27622.590000
2023.02.17 05:00,1663.840000,1664.420000,1657.250000,1658.000000,17559.720000
2023.02.17 06:00,1658.000000,1670.210000,1656.970000,1663.930000,26075.590000
2023.02.17 07:00,1663.930000,1665.610000,1653.250000,1659.230000,23486.460000
2023.02.17 08:00,1659.230000,1659.590000,1653.260000,1655.790000,15518.620000
2023.02.17 09:00,1655.790000,1658.880000,1653.370000,1656.880000,11365.200000
2023.02.17 10:00,1656.880000,1665.520000,1650.880000,1652.940000,23832.270000
2023.02.17 11:00,1652.940000,1664.140000,1646.550000,1664.050000,38676.960000
2023.02.17 12:00,1664.050000,1677.580000,1660.100000,1662.900000,47861.930000
2023.02.17 13:00,1662.900000,1666.750000,1660.030000,1664.100000,14379.260000
2023.02.17 14:00,1664.100000,1669.810000,1663.410000,1665.850000,16522.530000
2023.02.17 15:00,1665.850000,1668.500000,1664.030000,1665.090000,12333.030000
2023.02.17 16:00,1665.090000,1665.650000,1656.320000,1660.050000,20531.690000
2023.02.17 17:00,1660.050000,1682.500000,1644.150000,1658.390000,152120.170000
2023.02.17 18:00,1658.390000,1681.400000,1657.550000,1672.640000,77842.310000
2023.02.17 19:00,1672.640000,1684.770000,1661.560000,1672.430000,79190.260000
2023.02.17 20:00,1672.430000,1710.000000,1672.430000,1687.770000,136828.790000
2023.02.17 21:00,1687.770000,1697.990000,1685.680000,1695.650000,36340.580000
2023.02.17 22:00,1695.650000,1709.850000,1686.210000,1706.640000,44139.870000
2023.02.17 23:00,1706.640000,1722.320000,1702.760000,1711.500000,90503.680000
2023.02.18 00:00,1711.500000,1712.770000,1691.240000,1693.350000,37722.410000
2023.02.18 01:00,1693.350000,1704.570000,1670.000000,1698.480000,95792.470000
2023.02.18 02:00,1698.480000,1703.080000,1692.000000,1693.950000,23841.850000
2023.02.18 03:00,1693.950000,1703.950000,1692.460000,1695.510000,25104.190000
2023.02.18 04:00,1695.510000,1704.820000,1693.000000,1702.690000,16075.800000
2023.02.18 05:00,1702.690000,1703.990000,1695.230000,1695.510000,11961.960000
2023.02.18 06:00,1695.510000,1700.100000,1695.030000,1699.590000,8409.210000
2023.02.18 07:00,1699.590000,1704.000000,1699.340000,1699.700000,11068.200000
2023.02.18 08:00,1699.700000,1700.670000,1696.300000,1698.600000,8476.100000
2023.02.18 09:00,1698.600000,1699.880000,1694.820000,1696.200000,11016.920000
2023.02.18 10:00,1696.200000,1696.210000,1686.760000,1690.740000,23755.400000
2023.02.18 11:00,1690.740000,1694.880000,1688.010000,1694.020000,11843.430000
2023.02.18 12:00,1694.020000,1695.760000,1692.100000,1693.350000,9077.500000
2023.02.18 13:00,1693.350000,1693.840000,1686.010000,1687.390000,15369.620000
2023.02.18 14:00,1687.390000,1693.440000,1686.550000,1691.500000,11962.880000
2023.02.18 15:00,1691.500000,1699.550000,1686.990000,1698.400000,19825.970000
2023.02.18 16:00,1698.400000,1699.780000,1693.000000,1694.260000,13023.760000
2023.02.18 17:00,1694.260000,1698.890000,1690.350000,1695.910000,18449.070000
2023.02.18 18:00,1695.910000,1698.750000,1692.000000,1695.060000,13360.280000
2023.02.18 19:00,1695.060000,1695.930000,1691.410000,1693.390000,8879.790000
2023.02.18 20:00,1693.390000,1695.870000,1688.820000,1694.990000,14346.610000
2023.02.18 21:00,1694.990000,1714.330000,1687.560000,1693.240000,67759.470000
2023.02.18 22:00,1693.240000,1695.100000,1682.520000,1687.440000,23486.620000
2023.02.18 23:00,1687.440000,1687.950000,1678.340000,1682.220000,21484.100000
2023.02.19 00:00,1682.220000,1687.760000,1681.370000,1687.430000,9553.550000
2023.02.19 01:00,1687.430000,1691.560000,1685.620000,1689.480000,10086.450000
2023.02.19 02:00,1689.480000,1693.340000,1688.040000,1691.310000,6621.780000
2023.02.19 03:00,1691.310000,1700.280000,1690.470000,1698.530000,14880.040000
2023.02.19 04:00,1698.530000,1699.730000,1689.330000,1693.500000,8695.730000
2023.02.19 05:00,1693.500000,1698.000000,1693.130000,1694.350000,4695.130000
2023.02.19 06:00,1694.350000,1698.100000,1693.700000,1695.240000,7372.300000
2023.02.19 07:00,1695.240000,1699.800000,1694.390000,1697.940000,7034.560000
2023.02.19 08:00,1697.940000,1710.400000,1695.330000,1702.200000,49846.750000
2023.02.19 09:00,1702.200000,1702.470000,1693.690000,1696.000000,16967.210000
2023.02.19 10:00,1696.000000,1698.230000,1692.030000,1693.080000,11386.690000
2023.02.19 11:00,1693.080000,1696.300000,1692.090000,1692.840000,6296.330000
2023.02.19 12:00,1692.840000,1695.150000,1692.120000,1693.230000,4248.500000
2023.02.19 13:00,1693.230000,1699.390000,1691.000000,1695.610000,15935.420000
2023.02.19 14:00,1695.610000,1700.880000,1695.020000,1695.190000,8533.590000
2023.02.19 15:00,1695.190000,1698.190000,1694.490000,1697.180000,6833.480000
2023.02.19 16:00,1697.180000,1698.380000,1694.610000,1695.630000,10792.510000
2023.02.19 17:00,1695.630000,1707.650000,1695.500000,1704.170000,29291.640000
2023.02.19 18:00,1704.170000,1725.600000,1696.260000,1711.660000,109714.760000
2023.02.19 19:00,1711.660000,1726.780000,1690.020000,1699.030000,117247.890000
2023.02.19 20:00,1699.030000,1702.740000,1675.000000,1682.020000,109343.630000
2023.02.19 21:00,1682.020000,1688.240000,1678.210000,1685.730000,27709.220000
2023.02.19 22:00,1685.730000,1690.370000,1683.460000,1684.740000,20007.600000
2023.02.19 23:00,1684.740000,1687.740000,1665.660000,1686.730000,63317.410000
2023.02.20 00:00,1686.730000,1686.830000,1682.080000,1686.020000,11482.080000
2023.02.20 01:00,1686.020000,1689.460000,1681.040000,1685.110000,13245.380000
2023.02.20 02:00,1685.110000,1687.480000,1676.190000,1679.860000,21529.140000
2023.02.20 03:00,1679.860000,1686.330000,1673.790000,1677.350000,22444.390000
2023.02.20 04:00,1677.350000,1678.510000,1649.580000,1669.830000,97274.090000
2023.02.20 05:00,1669.830000,1680.950000,1666.410000,1678.740000,26399.620000
2023.02.20 06:00,1678.740000,1686.950000,1676.470000,1684.090000,21286.980000
2023.02.20 07:00,1684.090000,1694.660000,1683.370000,1689.080000,21039.490000
2023.02.20 08:00,1689.080000,1690.330000,1685.010000,1689.800000,5599.550000
2023.02.20 09:00,1689.800000,1695.780000,1687.870000,1693.800000,16205.500000
2023.02.20 10:00,1693.800000,1698.460000,1691.410000,1695.350000,17331.710000
2023.02.20 11:00,1695.350000,1699.900000,1688.820000,1691.800000,21887.480000
2023.02.20 12:00,1691.800000,1718.400000,1687.720000,1712.000000,73281.880000
2023.02.20 13:00,1712.000000,1717.880000,1706.580000,1711.310000,54558.180000
2023.02.20 14:00,1711.310000,1720.000000,1707.800000,1713.630000,35993.330000
2023.02.20 15:00,1713.630000,1715.910000,1700.550000,1707.000000,34958.020000
2023.02.20 16:00,1707.000000,1711.920000,1703.330000,1706.210000,17199.480000
2023.02.20 17:00,1706.210000,1715.360000,1697.640000,1712.030000,58483.010000
2023.02.20 18:00,1712.030000,1716.000000,1704.460000,1707.570000,23257.320000
2023.02.20 19:00,1707.570000,1708.180000,1684.520000,1700.480000,73840.330000
2023.02.20 20:00,1700.480000,1702.200000,1694.420000,1696.270000,19846.950000
2023.02.20 21:00,1696.270000,1699.480000,1690.650000,1697.080000,18107.290000
2023.02.20 22:00,1697.080000,1711.000000,1696.980000,1709.750000,22856.080000
2023.02.20 23:00,1709.750000,1712.040000,1701.390000,1703.760000,21971.830000
2023.02.21 00:00,1703.760000,1707.630000,1700.120000,1700.130000,14516.670000
2023.02.21 01:00,1700.130000,1702.730000,1692.080000,1692.970000,15917.330000
2023.02.21 02:00,1692.970000,1703.930000,1691.890000,1703.530000,14299.020000
2023.02.21 03:00,1703.530000,1710.590000,1697.220000,1704.890000,21453.020000
2023.02.21 04:00,1704.890000,1708.340000,1699.320000,1704.710000,13675.140000
2023.02.21 05:00,1704.710000,1716.670000,1704.300000,1707.810000,24443.240000
2023.02.21 06:00,1707.810000,1708.970000,1699.010000,1702.920000,18087.510000
2023.02.21 07:00,1702.920000,1703.230000,1695.010000,1696.390000,13933.210000
2023.02.21 08:00,1696.390000,1699.610000,1695.000000,1697.730000,18067.860000
2023.02.21 09:00,1697.730000,1710.290000,1696.090000,1707.260000,25772.040000
2023.02.21 10:00,1707.260000,1707.560000,1700.150000,1703.860000,18246.940000
2023.02.21 11:00,1703.860000,1715.000000,1670.080000,1675.000000,153043.390000
2023.02.21 12:00,1675.000000,1686.250000,1668.650000,1683.740000,62818.520000
2023.02.21 13:00,1683.740000,1684.730000,1676.190000,1679.890000,26420.540000
2023.02.21 14:00,1679.890000,1682.920000,1665.370000,1669.390000,47857.410000
2023.02.21 15:00,1669.390000,1679.240000,1665.040000,1677.040000,33483.000000
2023.02.21 16:00,1677.040000,1678.120000,1661.030000,1669.830000,39015.330000
2023.02.21 17:00,1669.830000,1684.520000,1668.550000,1674.000000,53396.230000
2023.02.21 18:00,1674.000000,1677.100000,1658.460000,1672.030000,64492.480000
2023.02.21 19:00,1672.030000,1673.810000,1654.160000,1661.600000,53805.190000
2023.02.21 20:00,1661.600000,1677.550000,1661.180000,1677.550000,23511.260000
2023.02.21 21:00,1677.550000,1686.800000,1672.280000,1679.140000,43012.390000
2023.02.21 22:00,1679.140000,1679.540000,1664.850000,1671.660000,30222.670000
2023.02.21 23:00,1671.660000,1673.890000,1662.740000,1668.860000,23496.700000
2023.02.22 00:00,1668.860000,1670.550000,1634.470000,1641.580000,124758.040000
2023.02.22 01:00,1641.580000,1654.510000,1637.290000,1652.690000,26320.310000
2023.02.22 02:00,1652.690000,1659.610000,1648.030000,1659.040000,17231.930000
2023.02.22 03:00,1659.040000,1666.380000,1651.100000,1660.050000,31374.930000
2023.02.22 04:00,1660.050000,1661.110000,1634.020000,1644.810000,41974.300000
2023.02.22 05:00,1644.810000,1645.450000,1620.480000,1643.810000,112141.080000
2023.02.22 06:00,1643.810000,1651.280000,1641.990000,1648.700000,21364.680000
2023.02.22 07:00,1648.700000,1649.100000,1637.200000,1644.060000,20347.250000
2023.02.22 08:00,1644.060000,1644.300000,1635.500000,1642.150000,25998.340000
2023.02.22 09:00,1642.150000,1642.990000,1631.170000,1632.610000,30719.590000
2023.02.22 10:00,1632.610000,1644.440000,1631.890000,1643.460000,24699.360000
2023.02.22 11:00,1643.460000,1643.560000,1625.000000,1630.780000,44532.740000
2023.02.22 12:00,1630.780000,1642.000000,1629.620000,1639.010000,27128.590000
2023.02.22 13:00,1639.010000,1645.560000,1638.420000,1642.720000,14536.070000
2023.02.22 14:00,1642.720000,1645.740000,1635.750000,1644.000000,18423.160000
2023.02.22 15:00,1644.000000,1649.980000,1641.450000,1644.160000,25387.050000
2023.02.22 16:00,1644.160000,1648.300000,1639.110000,1646.660000,15703.130000
2023.02.22 17:00,1646.660000,1647.040000,1626.180000,1627.490000,79125.590000
2023.02.22 18:00,1627.490000,1629.450000,1604.230000,1613.260000,154943.740000
2023.02.22 19:00,1613.260000,1616.590000,1594.120000,1605.490000,81976.780000
2023.02.22 20:00,1605.490000,1612.900000,1603.320000,1610.530000,33294.940000
2023.02.22 21:00,1610.530000,1617.010000,1608.520000,1611.350000,37294.320000
2023.02.22 22:00,1611.350000,1630.000000,1605.930000,1615.470000,120934.200000
2023.02.22 23:00,1615.470000,1621.000000,1609.600000,1617.330000,35715.360000
2023.02.23 00:00,1617.330000,1620.370000,1612.470000,1619.100000,14546.890000
2023.02.23 01:00,1619.100000,1634.800000,1617.680000,1634.510000,27877.920000
2023.02.23 02:00,1634.510000,1644.900000,1632.400000,1643.140000,41047.070000
2023.02.23 03:00,1643.140000,1647.030000,1637.020000,1637.930000,22514.730000
2023.02.23 04:00,1637.930000,1645.510000,1637.080000,1641.580000,13223.630000
2023.02.23 05:00,1641.580000,1675.000000,1641.570000,1671.950000,79207.630000
2023.02.23 06:00,1671.950000,1678.880000,1666.160000,1667.370000,50257.670000
2023.02.23 07:00,1667.370000,1671.400000,1666.500000,1671.390000,12313.260000
2023.02.23 08:00,1671.390000,1671.730000,1661.570000,1664.850000,20839.220000
2023.02.23 09:00,1664.850000,1666.400000,1659.400000,1665.470000,16499.700000
2023.02.23 10:00,1665.470000,1669.300000,1663.450000,1666.340000,12976.870000
2023.02.23 11:00,1666.340000,1672.830000,1664.800000,1667.000000,22930.910000
2023.02.23 12:00,1667.000000,1671.870000,1662.720000,1664.300000,14255.080000
2023.02.23 13:00,1664.300000,1666.430000,1660.840000,1665.700000,21906.490000
2023.02.23 14:00,1665.700000,1667.560000,1630.120000,1637.010000,117364.740000
2023.02.23 15:00,1637.010000,1651.330000,1628.130000,1647.470000,71580.080000
2023.02.23 16:00,1647.470000,1672.070000,1643.100000,1655.350000,103827.870000
2023.02.23 17:00,1655.350000,1669.990000,1652.170000,1660.260000,62964.910000
2023.02.23 18:00,1660.260000,1662.000000,1645.800000,1655.970000,42448.970000
2023.02.23 19:00,1655.970000,1659.470000,1646.030000,1646.450000,38275.360000
2023.02.23 20:00,1646.450000,1661.760000,1633.000000,1646.240000,69615.800000
2023.02.23 21:00,1646.240000,1649.500000,1636.250000,1645.410000,34133.370000
2023.02.23 22:00,1645.410000,1657.670000,1642.810000,1652.430000,26047.030000
2023.02.23 23:00,1652.430000,1658.560000,1649.030000,1651.390000,14643.600000
2023.02.24 00:00,1651.390000,1656.340000,1643.040000,1643.940000,16085.870000
2023.02.24 01:00,1643.940000,1648.180000,1638.260000,1646.910000,29616.460000
2023.02.24 02:00,1646.910000,1651.000000,1644.500000,1649.890000,12570.910000
2023.02.24 03:00,1649.890000,1657.660000,1645.600000,1651.030000,24576.590000
2023.02.24 04:00,1651.030000,1664.160000,1651.030000,1652.810000,29017.340000
2023.02.24 05:00,1652.810000,1655.240000,1646.030000,1648.130000,24727.190000
2023.02.24 06:00,1648.130000,1651.330000,1645.830000,1648.630000,14319.130000
2023.02.24 07:00,1648.630000,1650.820000,1645.750000,1646.270000,9852.030000
2023.02.24 08:00,1646.270000,1646.680000,1641.550000,1644.500000,16478.490000
2023.02.24 09:00,1644.500000,1652.260000,1640.810000,1650.610000,21860.680000
2023.02.24 10:00,1650.610000,1655.670000,1644.510000,1651.020000,17581.500000
2023.02.24 11:00,1651.020000,1657.000000,1644.950000,1653.500000,22378.240000
2023.02.24 12:00,1653.500000,1655.000000,1646.100000,1647.250000,12783.830000
2023.02.24 13:00,1647.250000,1649.760000,1642.400000,1648.740000,16657.600000
2023.02.24 14:00,1648.740000,1650.780000,1643.870000,1646.900000,12371.460000
2023.02.24 15:00,1646.900000,1654.010000,1644.050000,1644.710000,32845.380000
2023.02.24 16:00,1644.710000,1648.600000,1631.310000,1634.910000,83767.300000
2023.02.24 17:00,1634.910000,1640.800000,1629.160000,1636.190000,54452.350000
2023.02.24 18:00,1636.190000,1638.200000,1598.200000,1602.430000,161544.480000
2023.02.24 19:00,1602.430000,1602.440000,1573.000000,1592.900000,163840.240000
2023.02.24 20:00,1592.900000,1597.350000,1587.840000,1593.160000,29484.430000
2023.02.24 21:00,1593.160000,1598.830000,1588.430000,1595.460000,19114.420000
2023.02.24 22:00,1595.460000,1611.520000,1584.710000,1610.660000,58716.040000
2023.02.24 23:00,1610.660000,1622.660000,1606.370000,1611.010000,56802.610000
2023.02.25 00:00,1611.010000,1611.540000,1600.220000,1601.720000,19714.660000
2023.02.25 01:00,1601.720000,1608.400000,1591.680000,1604.370000,25417.580000
2023.02.25 02:00,1604.370000,1610.750000,1599.090000,1607.090000,13451.480000
2023.02.25 03:00,1607.090000,1608.250000,1602.030000,1604.370000,13944.990000
2023.02.25 04:00,1604.370000,1607.820000,1602.700000,1605.000000,6062.680000
2023.02.25 05:00,1605.000000,1607.330000,1594.590000,1598.110000,19883.650000
2023.02.25 06:00,1598.110000,1601.920000,1597.560000,1598.000000,7608.170000
2023.02.25 07:00,1598.000000,1601.460000,1596.690000,1601.260000,6575.280000
2023.02.25 08:00,1601.260000,1601.270000,1593.330000,1595.620000,12771.560000
2023.02.25 09:00,1595.620000,1600.980000,1595.600000,1600.200000,6081.390000
2023.02.25 10:00,1600.200000,1603.670000,1599.240000,1603.050000,7706.350000
2023.02.25 11:00,1603.050000,1606.930000,1602.600000,1603.010000,7534.450000
2023.02.25 12:00,1603.010000,1604.840000,1599.300000,1601.590000,11560.670000
2023.02.25 13:00,1601.590000,1601.860000,1595.630000,1595.940000,15874.800000
2023.02.25 14:00,1595.940000,1601.980000,1595.770000,1599.740000,15077.960000
2023.02.25 15:00,1599.740000,1602.160000,1592.380000,1602.090000,28810.810000
2023.02.25 16:00,1602.090000,1603.550000,1598.520000,1598.670000,11196.510000
2023.02.25 17:00,1598.670000,1601.000000,1595.410000,1597.000000,11833.750000
2023.02.25 18:00,1597.000000,1599.390000,1593.800000,1596.470000,9147.000000
2023.02.25 19:00,1596.470000,1600.510000,1594.630000,1596.130000,14128.340000
2023.02.25 20:00,1596.130000,1598.470000,1595.240000,1597.650000,6070.320000
2023.02.25 21:00,1597.650000,1598.120000,1582.330000,1585.500000,41327.670000
2023.02.25 22:00,1585.500000,1590.160000,1575.300000,1584.430000,41409.960000
2023.02.25 23:00,1584.430000,1586.460000,1556.320000,1571.970000,97379.940000
2023.02.26 00:00,1571.970000,1575.170000,1563.960000,1574.410000,32745.190000
2023.02.26 01:00,1574.410000,1592.720000,1570.990000,1591.380000,30439.060000
2023.02.26 02:00,1591.380000,1597.120000,1589.120000,1594.220000,20032.250000
2023.02.26 03:00,1594.220000,1594.300000,1589.910000,1590.990000,12544.840000
2023.02.26 04:00,1590.990000,1593.810000,1589.510000,1591.860000,6924.460000
2023.02.26 05:00,1591.860000,1604.390000,1587.400000,1603.440000,19653.480000
2023.02.26 06:00,1603.440000,1605.880000,1600.060000,1602.210000,14506.670000
2023.02.26 07:00,1602.210000,1602.970000,1598.550000,1600.820000,7445.860000
2023.02.26 08:00,1600.820000,1601.480000,1598.440000,1598.450000,3504.390000
2023.02.26 09:00,1598.450000,1600.120000,1595.600000,1600.120000,7191.440000
2023.02.26 10:00,1600.120000,1602.900000,1598.710000,1599.640000,9211.100000
2023.02.26 11:00,1599.640000,1600.930000,1596.870000,1600.000000,4274.960000
2023.02.26 12:00,1600.000000,1606.860000,1599.820000,1604.210000,13930.810000
2023.02.26 13:00,1604.210000,1604.330000,1600.830000,1602.050000,7075.590000
2023.02.26 14:00,1602.050000,1604.380000,1600.610000,1603.690000,5489.720000
2023.02.26 15:00,1603.690000,1604.000000,1596.030000,1596.640000,17190.480000
2023.02.26 16:00,1596.640000,1601.280000,1594.270000,1601.250000,9694.630000
2023.02.26 17:00,1601.250000,1614.960000,1601.070000,1602.300000,44215.880000
2023.02.26 18:00,1602.300000,1605.500000,1601.450000,1604.850000,8820.610000
2023.02.26 19:00,1604.850000,1606.900000,1600.670000,1601.680000,12584.270000
2023.02.26 20:00,1601.680000,1607.970000,1597.860000,1607.820000,16128.500000
2023.02.26 21:00,1607.820000,1633.700000,1606.150000,1629.890000,86086.810000
2023.02.26 22:00,1629.890000,1636.400000,1623.310000,1633.090000,39185.360000
2023.02.26 23:00,1633.090000,1652.810000,1630.540000,1641.760000,58467.690000
2023.02.27 00:00,1641.760000,1648.880000,1638.200000,1642.500000,24182.750000
2023.02.27 01:00,1642.500000,1642.990000,1622.140000,1633.000000,41514.530000
2023.02.27 02:00,1633.000000,1644.440000,1632.840000,1641.000000,32954.220000
2023.02.27 03:00,1641.000000,1641.200000,1635.090000,1637.290000,12624.680000
2023.02.27 04:00,1637.290000,1643.680000,1631.380000,1642.910000,15574.380000
2023.02.27 05:00,1642.910000,1649.740000,1638.750000,1640.050000,24874.330000
2023.02.27 06:00,1640.050000,1645.300000,1638.590000,1639.920000,14359.270000
2023.02.27 07:00,1639.920000,1640.270000,1634.460000,1635.110000,16122.230000
2023.02.27 08:00,1635.110000,1638.810000,1631.000000,1633.580000,19175.270000
2023.02.27 09:00,1633.580000,1637.340000,1632.010000,1635.280000,9104.640000
2023.02.27 10:00,1635.280000,1639.350000,1635.080000,1636.010000,7276.100000
2023.02.27 11:00,1636.010000,1639.350000,1631.730000,1633.900000,11724.250000
2023.02.27 12:00,1633.900000,1641.530000,1633.100000,1637.310000,16070.460000
2023.02.27 13:00,1637.310000,1639.160000,1632.880000,1636.330000,12120.320000
2023.02.27 14:00,1636.330000,1643.230000,1636.150000,1640.800000,14940.610000
2023.02.27 15:00,1640.800000,1642.950000,1637.680000,1639.130000,10991.250000
2023.02.27 16:00,1639.130000,1665.400000,1639.130000,1659.480000,92075.040000
2023.02.27 17:00,1659.480000,1662.900000,1653.660000,1658.000000,47868.010000
2023.02.27 18:00,1658.000000,1663.000000,1636.000000,1643.770000,70182.490000
2023.02.27 19:00,1643.770000,1646.070000,1623.100000,1637.000000,99330.380000
2023.02.27 20:00,1637.000000,1638.390000,1627.820000,1632.100000,45332.840000
2023.02.27 21:00,1632.100000,1634.400000,1615.360000,1624.130000,79251.100000
2023.02.27 22:00,1624.130000,1626.660000,1615.640000,1621.520000,40551.270000
2023.02.27 23:00,1621.520000,1623.000000,1606.650000,1622.090000,49118.740000
2023.02.28 00:00,1622.090000,1627.550000,1621.550000,1626.410000,30411.770000
2023.02.28 01:00,1626.410000,1635.440000,1623.000000,1629.890000,26538.130000
2023.02.28 02:00,1629.890000,1635.800000,1629.610000,1632.570000,20551.800000
2023.02.28 03:00,1632.570000,1634.990000,1626.510000,1627.710000,15944.190000
2023.02.28 04:00,1627.710000,1632.670000,1625.680000,1631.200000,11856.070000
2023.02.28 05:00,1631.200000,1632.660000,1627.020000,1629.620000,6499.070000
2023.02.28 06:00,1629.620000,1634.000000,1629.080000,1632.000000,7915.400000
2023.02.28 07:00,1632.000000,1632.180000,1622.150000,1626.640000,17662.080000
2023.02.28 08:00,1626.640000,1629.150000,1624.800000,1625.740000,7396.820000
2023.02.28 09:00,1625.740000,1629.000000,1624.680000,1627.630000,6145.390000
2023.02.28 10:00,1627.630000,1628.250000,1617.500000,1618.380000,27582.320000
2023.02.28 11:00,1618.380000,1624.150000,1615.510000,1620.370000,23376.830000
2023.02.28 12:00,1620.370000,1624.810000,1617.030000,1620.000000,15465.710000
2023.02.28 13:00,1620.000000,1627.140000,1619.620000,1625.610000,13157.660000
2023.02.28 14:00,1625.610000,1631.330000,1625.220000,1628.940000,17116.040000
2023.02.28 15:00,1628.940000,1639.460000,1628.940000,1636.330000,29729.600000
2023.02.28 16:00,1636.330000,1642.530000,1630.470000,1632.710000,30997.500000
2023.02.28 17:00,1632.710000,1647.380000,1628.190000,1634.640000,68288.990000
2023.02.28 18:00,1634.640000,1643.110000,1630.870000,1640.750000,40515.050000
2023.02.28 19:00,1640.750000,1646.310000,1633.800000,1635.340000,31247.240000
2023.02.28 20:00,1635.340000,1644.500000,1634.860000,1643.330000,14642.330000
2023.02.28 21:00,1643.330000,1645.630000,1637.850000,1641.470000,15344.820000
2023.02.28 22:00,1641.470000,1642.720000,1621.520000,1627.520000,51032.970000
2023.02.28 23:00,1627.520000,1633.540000,1620.050000,1626.820000,36417.590000
2023.03.01 00:00,1626.820000,1626.880000,1595.180000,1604.240000,101499.660000
