2023.01.01 00:00,0.763400,0.764200,0.763400,0.763900,60433.000000
2023.01.01 00:05,0.763900,0.764200,0.763700,0.763800,4997.000000
2023.01.01 00:10,0.763800,0.764300,0.763800,0.764200,145774.000000
2023.01.01 00:15,0.764200,0.764300,0.763200,0.763900,263550.000000
2023.01.01 00:20,0.763900,0.763900,0.762100,0.762200,303589.000000
2023.01.01 00:25,0.762200,0.762800,0.762200,0.762700,104454.000000
2023.01.01 00:30,0.762700,0.762700,0.761900,0.762100,58423.000000
2023.01.01 00:35,0.762100,0.762300,0.761500,0.762200,144152.000000
2023.01.01 00:40,0.762200,0.762400,0.762100,0.762100,5074.000000
2023.01.01 00:45,0.762100,0.762200,0.761700,0.761900,52807.000000
2023.01.01 00:50,0.761900,0.761900,0.760900,0.760900,76277.000000
2023.01.01 00:55,0.760900,0.760900,0.759800,0.760400,99393.000000
2023.01.01 01:00,0.760400,0.760400,0.759700,0.759800,165184.000000
2023.01.01 01:05,0.759800,0.760300,0.759700,0.760300,424413.000000
2023.01.01 01:10,0.760300,0.760700,0.760300,0.760700,136803.000000
2023.01.01 01:15,0.760700,0.760800,0.756000,0.757800,1609715.000000
2023.01.01 01:20,0.757800,0.757800,0.756600,0.756700,338665.000000
2023.01.01 01:25,0.756700,0.758100,0.756700,0.758100,149473.000000
2023.01.01 01:30,0.758100,0.758300,0.757700,0.758200,63282.000000
2023.01.01 01:35,0.758200,0.758200,0.756200,0.756900,125576.000000
2023.01.01 01:40,0.756900,0.757000,0.755300,0.755900,892847.000000
2023.01.01 01:45,0.755900,0.756900,0.755900,0.755900,330027.000000
2023.01.01 01:50,0.755900,0.757300,0.754000,0.756300,711890.000000
2023.01.01 01:55,0.756300,0.756500,0.755600,0.756100,273561.000000
2023.01.01 02:00,0.756100,0.756100,0.754600,0.754700,433301.000000
2023.01.01 02:05,0.754700,0.755200,0.754300,0.754300,118425.000000
2023.01.01 02:10,0.754300,0.755500,0.754100,0.755500,170257.000000
2023.01.01 02:15,0.755500,0.757400,0.755500,0.757300,526807.000000
2023.01.01 02:20,0.757300,0.757300,0.756500,0.757000,85875.000000
2023.01.01 02:25,0.757000,0.757200,0.756100,0.757000,233668.000000
2023.01.01 02:30,0.757000,0.757900,0.756800,0.757900,97735.000000
2023.01.01 02:35,0.757900,0.759000,0.757900,0.759000,80378.000000
2023.01.01 02:40,0.759000,0.759200,0.758800,0.758900,57716.000000
2023.01.01 02:45,0.758900,0.759300,0.758000,0.758000,83106.000000
2023.01.01 02:50,0.758000,0.758300,0.757800,0.758100,108243.000000
2023.01.01 02:55,0.758100,0.758200,0.757500,0.757900,205645.000000
2023.01.01 03:00,0.757900,0.758000,0.755800,0.756400,255321.000000
2023.01.01 03:05,0.756400,0.756400,0.754700,0.754800,102236.000000
2023.01.01 03:10,0.754800,0.755300,0.754000,0.754000,275102.000000
2023.01.01 03:15,0.754000,0.755500,0.753600,0.755500,249159.000000
2023.01.01 03:20,0.755500,0.755800,0.755100,0.755200,140777.000000
2023.01.01 03:25,0.755200,0.756100,0.755200,0.756000,70465.000000
2023.01.01 03:30,0.756000,0.756100,0.754200,0.754200,92176.000000
2023.01.01 03:35,0.754200,0.754400,0.751100,0.751700,1162148.000000
2023.01.01 03:40,0.751700,0.751700,0.750600,0.751300,370557.000000
2023.01.01 03:45,0.751300,0.752100,0.750600,0.751600,108580.000000
2023.01.01 03:50,0.751600,0.751700,0.750400,0.751300,255077.000000
2023.01.01 03:55,0.751300,0.751700,0.749300,0.750300,608780.000000
2023.01.01 04:00,0.750300,0.750300,0.748000,0.748500,859718.000000
2023.01.01 04:05,0.748500,0.749700,0.748400,0.749400,268086.000000
2023.01.01 04:10,0.749400,0.750400,0.749400,0.749700,296783.000000
2023.01.01 04:15,0.749700,0.750700,0.749400,0.750700,145265.000000
2023.01.01 04:20,0.750700,0.750700,0.749400,0.750500,189749.000000
2023.01.01 04:25,0.750500,0.750800,0.750200,0.750600,79427.000000
2023.01.01 04:30,0.750600,0.750600,0.749100,0.749100,179651.000000
2023.01.01 04:35,0.749100,0.749300,0.748600,0.748800,255543.000000
2023.01.01 04:40,0.748800,0.749700,0.748800,0.749600,157863.000000
2023.01.01 04:45,0.749600,0.750300,0.749400,0.750300,94041.000000
2023.01.01 04:50,0.750300,0.750600,0.750100,0.750500,72434.000000
2023.01.01 04:55,0.750500,0.753400,0.750500,0.752800,772948.000000
2023.01.01 05:00,0.752800,0.752800,0.751300,0.751500,468554.000000
2023.01.01 05:05,0.751500,0.751500,0.751100,0.751200,35219.000000
2023.01.01 05:10,0.751200,0.752500,0.751100,0.752300,194389.000000
2023.01.01 05:15,0.752300,0.752800,0.752300,0.752700,28526.000000
2023.01.01 05:20,0.752700,0.753000,0.752300,0.752500,108348.000000
2023.01.01 05:25,0.752500,0.753800,0.752500,0.753700,336416.000000
2023.01.01 05:30,0.753700,0.754900,0.753700,0.754400,142230.000000
2023.01.01 05:35,0.754400,0.754900,0.754100,0.754100,82044.000000
2023.01.01 05:40,0.754100,0.754100,0.753400,0.753500,249694.000000
2023.01.01 05:45,0.753500,0.754300,0.753400,0.754300,122762.000000
2023.01.01 05:50,0.754300,0.754300,0.753300,0.753300,158090.000000
2023.01.01 05:55,0.753300,0.753300,0.752500,0.752600,240431.000000
2023.01.01 06:00,0.752600,0.752700,0.751100,0.751900,360328.000000
2023.01.01 06:05,0.751900,0.752300,0.751800,0.752300,62966.000000
2023.01.01 06:10,0.752300,0.752400,0.751100,0.751200,110634.000000
2023.01.01 06:15,0.751200,0.751200,0.750100,0.750100,99701.000000
2023.01.01 06:20,0.750100,0.751000,0.750100,0.750700,34058.000000
2023.01.01 06:25,0.750700,0.751400,0.750700,0.751300,29180.000000
2023.01.01 06:30,0.751300,0.751700,0.751000,0.751600,73489.000000
2023.01.01 06:35,0.751600,0.752200,0.751300,0.752200,142031.000000
2023.01.01 06:40,0.752200,0.752400,0.752000,0.752300,167004.000000
2023.01.01 06:45,0.752300,0.752300,0.751500,0.751600,184811.000000
2023.01.01 06:50,0.751600,0.751600,0.751000,0.751500,61846.000000
2023.01.01 06:55,0.751500,0.751900,0.751500,0.751800,18565.000000
2023.01.01 07:00,0.751800,0.752500,0.751500,0.752500,92292.000000
2023.01.01 07:05,0.752500,0.752500,0.750500,0.750600,73633.000000
2023.01.01 07:10,0.750600,0.751000,0.750200,0.750200,208738.000000
2023.01.01 07:15,0.750200,0.750500,0.749700,0.749900,177084.000000
2023.01.01 07:20,0.749900,0.749900,0.748900,0.748900,242185.000000
2023.01.01 07:25,0.748900,0.749400,0.748700,0.748800,187373.000000
2023.01.01 07:30,0.748800,0.749000,0.748500,0.749000,151557.000000
2023.01.01 07:35,0.749000,0.750100,0.749000,0.749800,74791.000000
2023.01.01 07:40,0.749800,0.749800,0.749100,0.749100,36161.000000
2023.01.01 07:45,0.749100,0.749100,0.748100,0.748100,162009.000000
2023.01.01 07:50,0.748100,0.748900,0.747900,0.748500,178890.000000
2023.01.01 07:55,0.748500,0.748600,0.747300,0.748000,208833.000000
2023.01.01 08:00,0.748000,0.748400,0.747500,0.748400,92634.000000
2023.01.01 08:05,0.748400,0.749400,0.748400,0.749200,270931.000000
2023.01.01 08:10,0.749200,0.749200,0.748700,0.748900,43826.000000
2023.01.01 08:15,0.748900,0.749200,0.748900,0.749000,96272.000000
2023.01.01 08:20,0.749000,0.750600,0.748800,0.750300,231016.000000
2023.01.01 08:25,0.750300,0.751000,0.750200,0.751000,155518.000000
2023.01.01 08:30,0.751000,0.751300,0.750300,0.750800,104709.000000
2023.01.01 08:35,0.750800,0.751500,0.750800,0.751000,125583.000000
2023.01.01 08:40,0.751000,0.751100,0.750800,0.751100,78048.000000
2023.01.01 08:45,0.751100,0.751600,0.750700,0.751300,76405.000000
2023.01.01 08:50,0.751300,0.751600,0.751000,0.751000,44534.000000
2023.01.01 08:55,0.751000,0.751700,0.751000,0.751100,89161.000000
2023.01.01 09:00,0.751100,0.752400,0.751000,0.752400,186384.000000
2023.01.01 09:05,0.752400,0.752900,0.752200,0.752700,247973.000000
2023.01.01 09:10,0.752700,0.752800,0.752200,0.752800,102877.000000
2023.01.01 09:15,0.752800,0.753300,0.752700,0.753300,117318.000000
2023.01.01 09:20,0.753300,0.753300,0.752200,0.752200,259969.000000
2023.01.01 09:25,0.752200,0.753200,0.752200,0.753100,132582.000000
2023.01.01 09:30,0.753100,0.753600,0.752300,0.752300,176407.000000
2023.01.01 09:35,0.752300,0.752500,0.752100,0.752100,46241.000000
2023.01.01 09:40,0.752100,0.752900,0.752100,0.752900,87591.000000
2023.01.01 09:45,0.752900,0.752900,0.752400,0.752400,78309.000000
2023.01.01 09:50,0.752400,0.752400,0.751800,0.752200,105453.000000
2023.01.01 09:55,0.752200,0.752900,0.752200,0.752900,72430.000000
2023.01.01 10:00,0.752900,0.753300,0.752700,0.752700,99506.000000
2023.01.01 10:05,0.752700,0.752700,0.751900,0.752600,160863.000000
2023.01.01 10:10,0.752600,0.752700,0.752000,0.752500,60016.000000
2023.01.01 10:15,0.752500,0.752500,0.751400,0.751500,190478.000000
2023.01.01 10:20,0.751500,0.751500,0.750100,0.750300,436379.000000
2023.01.01 10:25,0.750300,0.752300,0.750000,0.752300,260442.000000
2023.01.01 10:30,0.752300,0.752300,0.751600,0.752100,107444.000000
2023.01.01 10:35,0.752100,0.752100,0.751300,0.751800,103065.000000
2023.01.01 10:40,0.751800,0.752600,0.751800,0.752500,74551.000000
2023.01.01 10:45,0.752500,0.752800,0.752500,0.752800,110572.000000
2023.01.01 10:50,0.752800,0.753100,0.752600,0.752600,39722.000000
2023.01.01 10:55,0.752600,0.753100,0.752500,0.752800,45767.000000
2023.01.01 11:00,0.752800,0.753400,0.752600,0.753400,59049.000000
2023.01.01 11:05,0.753400,0.753400,0.752400,0.752400,134676.000000
2023.01.01 11:10,0.752400,0.752500,0.752200,0.752200,22900.000000
2023.01.01 11:15,0.752200,0.753100,0.752200,0.753100,50773.000000
2023.01.01 11:20,0.753100,0.753300,0.752900,0.753100,45516.000000
2023.01.01 11:25,0.753100,0.753300,0.753100,0.753300,16696.000000
2023.01.01 11:30,0.753300,0.753800,0.753000,0.753400,201753.000000
2023.01.01 11:35,0.753400,0.753400,0.752900,0.752900,44701.000000
2023.01.01 11:40,0.752900,0.753300,0.752800,0.753000,122308.000000
2023.01.01 11:45,0.753000,0.754100,0.753000,0.754100,42940.000000
2023.01.01 11:50,0.754100,0.754200,0.753200,0.754200,54665.000000
2023.01.01 11:55,0.754200,0.754400,0.754100,0.754200,111990.000000
2023.01.01 12:00,0.754200,0.754300,0.752900,0.752900,186895.000000
2023.01.01 12:05,0.752900,0.753000,0.752500,0.752600,79537.000000
2023.01.01 12:10,0.752600,0.753000,0.752300,0.753000,56914.000000
2023.01.01 12:15,0.753000,0.753400,0.752900,0.753200,27494.000000
2023.01.01 12:20,0.753200,0.754300,0.753200,0.754200,364340.000000
2023.01.01 12:25,0.754200,0.754800,0.753800,0.753800,359021.000000
2023.01.01 12:30,0.753800,0.754700,0.753800,0.754700,43379.000000
2023.01.01 12:35,0.754700,0.755300,0.754700,0.754900,271811.000000
2023.01.01 12:40,0.754900,0.755700,0.754600,0.755600,241712.000000
2023.01.01 12:45,0.755600,0.755600,0.754800,0.755300,52663.000000
2023.01.01 12:50,0.755300,0.756200,0.755200,0.756000,131888.000000
2023.01.01 12:55,0.756000,0.756400,0.755800,0.756400,266230.000000
2023.01.01 13:00,0.756400,0.756800,0.755900,0.756000,262044.000000
2023.01.01 13:05,0.756000,0.756200,0.755800,0.755800,60981.000000
2023.01.01 13:10,0.755800,0.756600,0.755800,0.756600,112615.000000
2023.01.01 13:15,0.756600,0.756600,0.756200,0.756500,42804.000000
2023.01.01 13:20,0.756500,0.756800,0.756400,0.756800,97221.000000
2023.01.01 13:25,0.756800,0.757300,0.756600,0.756900,95091.000000
2023.01.01 13:30,0.756900,0.756900,0.755500,0.755600,174775.000000
2023.01.01 13:35,0.755600,0.755700,0.755200,0.755300,242578.000000
2023.01.01 13:40,0.755300,0.755300,0.754800,0.755000,156328.000000
2023.01.01 13:45,0.755000,0.755100,0.755000,0.755000,27546.000000
2023.01.01 13:50,0.755000,0.755100,0.755000,0.755100,26617.000000
2023.01.01 13:55,0.755100,0.755800,0.754800,0.755800,169286.000000
2023.01.01 14:00,0.755800,0.756900,0.755800,0.756400,187553.000000
2023.01.01 14:05,0.756400,0.757700,0.756300,0.757600,246322.000000
2023.01.01 14:10,0.757600,0.757700,0.757200,0.757300,67820.000000
2023.01.01 14:15,0.757300,0.757300,0.756400,0.756600,43711.000000
2023.01.01 14:20,0.756600,0.756900,0.756400,0.756900,137390.000000
2023.01.01 14:25,0.756900,0.756900,0.755800,0.755800,241635.000000
2023.01.01 14:30,0.755800,0.756600,0.755800,0.756600,50398.000000
2023.01.01 14:35,0.756600,0.757000,0.756600,0.757000,59623.000000
2023.01.01 14:40,0.757000,0.757400,0.757000,0.757000,187506.000000
2023.01.01 14:45,0.757000,0.757200,0.756700,0.756700,105100.000000
2023.01.01 14:50,0.756700,0.756700,0.756500,0.756500,32718.000000
2023.01.01 14:55,0.756500,0.757200,0.756500,0.757000,68254.000000
2023.01.01 15:00,0.757000,0.757800,0.757000,0.757800,144409.000000
2023.01.01 15:05,0.757800,0.757800,0.757000,0.757400,87364.000000
2023.01.01 15:10,0.757400,0.759300,0.757300,0.758800,1254429.000000
2023.01.01 15:15,0.758800,0.759400,0.758600,0.758700,191196.000000
2023.01.01 15:20,0.758700,0.758800,0.758500,0.758500,34619.000000
2023.01.01 15:25,0.758500,0.758900,0.758100,0.758700,138353.000000
2023.01.01 15:30,0.758700,0.758700,0.757700,0.757800,44803.000000
2023.01.01 15:35,0.757800,0.758000,0.757600,0.757800,126391.000000
2023.01.01 15:40,0.757800,0.758000,0.757300,0.757300,69686.000000
2023.01.01 15:45,0.757300,0.758400,0.757300,0.758000,84202.000000
2023.01.01 15:50,0.758000,0.758000,0.757000,0.757000,191427.000000
2023.01.01 15:55,0.757000,0.757300,0.757000,0.757000,69882.000000
2023.01.01 16:00,0.757000,0.757500,0.757000,0.757100,55438.000000
2023.01.01 16:05,0.757100,0.757500,0.757000,0.757100,90992.000000
2023.01.01 16:10,0.757100,0.757100,0.756200,0.756200,271941.000000
2023.01.01 16:15,0.756200,0.756200,0.755800,0.755800,93474.000000
2023.01.01 16:20,0.755800,0.756200,0.755800,0.755900,57768.000000
2023.01.01 16:25,0.755900,0.755900,0.755100,0.755600,367196.000000
2023.01.01 16:30,0.755600,0.755900,0.754800,0.754900,119583.000000
2023.01.01 16:35,0.754900,0.754900,0.753600,0.754000,487852.000000
2023.01.01 16:40,0.754000,0.754100,0.753700,0.753900,63741.000000
2023.01.01 16:45,0.753900,0.754700,0.753500,0.754400,163211.000000
2023.01.01 16:50,0.754400,0.754600,0.754300,0.754300,32154.000000
2023.01.01 16:55,0.754300,0.755300,0.754300,0.755300,151865.000000
2023.01.01 17:00,0.755300,0.756100,0.755200,0.756100,81641.000000
2023.01.01 17:05,0.756100,0.756200,0.755300,0.755400,174657.000000
2023.01.01 17:10,0.755400,0.756500,0.755400,0.756000,90732.000000
2023.01.01 17:15,0.756000,0.756100,0.755200,0.755200,190440.000000
2023.01.01 17:20,0.755200,0.755300,0.755200,0.755300,21817.000000
2023.01.01 17:25,0.755300,0.755500,0.755200,0.755400,66715.000000
2023.01.01 17:30,0.755400,0.755900,0.755400,0.755900,63164.000000
2023.01.01 17:35,0.755900,0.756100,0.755600,0.755600,64575.000000
2023.01.01 17:40,0.755600,0.755600,0.754900,0.755100,69000.000000
2023.01.01 17:45,0.755100,0.755100,0.754600,0.755000,103367.000000
2023.01.01 17:50,0.755000,0.755100,0.754800,0.754800,84496.000000
2023.01.01 17:55,0.754800,0.754800,0.754100,0.754400,56285.000000
2023.01.01 18:00,0.754400,0.755200,0.754300,0.755100,122054.000000
2023.01.01 18:05,0.755100,0.756000,0.755000,0.756000,43242.000000
2023.01.01 18:10,0.756000,0.756000,0.755900,0.756000,11972.000000
2023.01.01 18:15,0.756000,0.756000,0.755200,0.755200,38039.000000
2023.01.01 18:20,0.755200,0.755300,0.754200,0.754600,169746.000000
2023.01.01 18:25,0.754600,0.755400,0.754300,0.755400,62780.000000
2023.01.01 18:30,0.755400,0.757000,0.755400,0.757000,145866.000000
2023.01.01 18:35,0.757000,0.757000,0.756600,0.756600,102410.000000
2023.01.01 18:40,0.756600,0.757700,0.756600,0.757700,207317.000000
2023.01.01 18:45,0.757700,0.757800,0.756700,0.756700,137273.000000
2023.01.01 18:50,0.756700,0.757000,0.756700,0.756900,39554.000000
2023.01.01 18:55,0.756900,0.758500,0.756900,0.758100,132373.000000
2023.01.01 19:00,0.758100,0.759100,0.756700,0.756700,578968.000000
2023.01.01 19:05,0.756700,0.757900,0.756700,0.757600,72967.000000
2023.01.01 19:10,0.757600,0.757600,0.755900,0.756000,405871.000000
2023.01.01 19:15,0.756000,0.756800,0.756000,0.756400,125106.000000
2023.01.01 19:20,0.756400,0.757200,0.755300,0.757200,184550.000000
2023.01.01 19:25,0.757200,0.757700,0.757100,0.757700,39808.000000
2023.01.01 19:30,0.757700,0.758000,0.757400,0.758000,130918.000000
2023.01.01 19:35,0.758000,0.758100,0.757200,0.757400,214277.000000
2023.01.01 19:40,0.757400,0.757400,0.756900,0.756900,208776.000000
2023.01.01 19:45,0.756900,0.757700,0.756800,0.757600,50274.000000
2023.01.01 19:50,0.757600,0.757600,0.757000,0.757100,201976.000000
2023.01.01 19:55,0.757100,0.758000,0.757100,0.757700,180816.000000
2023.01.01 20:00,0.757700,0.758300,0.757700,0.758200,19234.000000
2023.01.01 20:05,0.758200,0.758800,0.758200,0.758700,51681.000000
2023.01.01 20:10,0.758700,0.759400,0.758500,0.759200,191514.000000
2023.01.01 20:15,0.759200,0.760700,0.759100,0.760200,532699.000000
2023.01.01 20:20,0.760200,0.760800,0.760100,0.760600,110753.000000
2023.01.01 20:25,0.760600,0.761600,0.759700,0.759700,1093922.000000
2023.01.01 20:30,0.759700,0.760100,0.759300,0.759500,292383.000000
2023.01.01 20:35,0.759500,0.759700,0.758700,0.759400,304525.000000
2023.01.01 20:40,0.759400,0.759400,0.758800,0.759300,43469.000000
2023.01.01 20:45,0.759300,0.759300,0.758700,0.758900,77965.000000
2023.01.01 20:50,0.758900,0.759100,0.758500,0.758600,87880.000000
2023.01.01 20:55,0.758600,0.758600,0.758300,0.758400,164818.000000
2023.01.01 21:00,0.758400,0.760200,0.758400,0.759500,267249.000000
2023.01.01 21:05,0.759500,0.761200,0.759500,0.760600,232151.000000
2023.01.01 21:10,0.760600,0.761400,0.760100,0.760700,298347.000000
2023.01.01 21:15,0.760700,0.760700,0.760000,0.760000,79064.000000
2023.01.01 21:20,0.760000,0.760800,0.760000,0.760600,48557.000000
2023.01.01 21:25,0.760600,0.761000,0.760500,0.761000,291099.000000
2023.01.01 21:30,0.761000,0.761400,0.760500,0.761300,291332.000000
2023.01.01 21:35,0.761300,0.761300,0.760600,0.760600,47519.000000
2023.01.01 21:40,0.760600,0.760700,0.760000,0.760000,175464.000000
2023.01.01 21:45,0.760000,0.760000,0.759000,0.759000,347778.000000
2023.01.01 21:50,0.759000,0.759500,0.758900,0.759300,166819.000000
2023.01.01 21:55,0.759300,0.759300,0.758700,0.759000,197330.000000
2023.01.01 22:00,0.759000,0.759800,0.758800,0.758900,145174.000000
2023.01.01 22:05,0.758900,0.758900,0.758600,0.758700,136973.000000
2023.01.01 22:10,0.758700,0.760000,0.758500,0.760000,268977.000000
2023.01.01 22:15,0.760000,0.761100,0.759900,0.761100,291259.000000
2023.01.01 22:20,0.761100,0.761100,0.760500,0.761000,95346.000000
2023.01.01 22:25,0.761000,0.761200,0.760900,0.760900,208044.000000
2023.01.01 22:30,0.760900,0.761200,0.759800,0.759900,164347.000000
2023.01.01 22:35,0.759900,0.760700,0.759800,0.760600,312613.000000
2023.01.01 22:40,0.760600,0.761000,0.760400,0.760400,192753.000000
2023.01.01 22:45,0.760400,0.760500,0.759700,0.759700,152958.000000
2023.01.01 22:50,0.759700,0.760200,0.759700,0.759800,30020.000000
2023.01.01 22:55,0.759800,0.759800,0.758900,0.759600,219245.000000
2023.01.01 23:00,0.759600,0.760000,0.759500,0.759800,83473.000000
2023.01.01 23:05,0.759800,0.759900,0.759700,0.759700,47818.000000
2023.01.01 23:10,0.759700,0.760200,0.759700,0.759900,93043.000000
2023.01.01 23:15,0.759900,0.760400,0.759800,0.760100,191816.000000
2023.01.01 23:20,0.760100,0.761000,0.759900,0.761000,88118.000000
2023.01.01 23:25,0.761000,0.762000,0.760800,0.761500,779867.000000
2023.01.01 23:30,0.761500,0.762500,0.761500,0.761600,361976.000000
2023.01.01 23:35,0.761600,0.761900,0.761200,0.761200,207979.000000
2023.01.01 23:40,0.761200,0.761500,0.760700,0.760700,118108.000000
2023.01.01 23:45,0.760700,0.760800,0.760500,0.760600,91921.000000
2023.01.01 23:50,0.760600,0.760900,0.760600,0.760700,29089.000000
2023.01.01 23:55,0.760700,0.760700,0.759900,0.759900,144826.000000
2023.01.02 00:00,0.759900,0.760000,0.758100,0.758200,513533.000000
2023.01.02 00:05,0.758200,0.758600,0.757800,0.758200,167598.000000
2023.01.02 00:10,0.758200,0.759000,0.758200,0.758300,124116.000000
2023.01.02 00:15,0.758300,0.758800,0.758300,0.758700,67242.000000
2023.01.02 00:20,0.758700,0.758800,0.758000,0.758000,98025.000000
2023.01.02 00:25,0.758000,0.758600,0.758000,0.758500,51517.000000
2023.01.02 00:30,0.758500,0.758800,0.758500,0.758600,23526.000000
2023.01.02 00:35,0.758600,0.758800,0.758600,0.758700,23777.000000
2023.01.02 00:40,0.758700,0.758800,0.758400,0.758600,33134.000000
2023.01.02 00:45,0.758600,0.758800,0.758400,0.758400,39360.000000
2023.01.02 00:50,0.758400,0.758800,0.758400,0.758800,49658.000000
2023.01.02 00:55,0.758800,0.758900,0.758600,0.758900,67847.000000
2023.01.02 01:00,0.758900,0.759500,0.758900,0.759400,46984.000000
2023.01.02 01:05,0.759400,0.759500,0.759000,0.759000,126435.000000
2023.01.02 01:10,0.759000,0.759100,0.758600,0.758600,119239.000000
2023.01.02 01:15,0.758600,0.758600,0.757900,0.758000,167778.000000
2023.01.02 01:20,0.758000,0.758100,0.757800,0.758000,38765.000000
2023.01.02 01:25,0.758000,0.758100,0.757900,0.758000,47315.000000
2023.01.02 01:30,0.758000,0.758400,0.758000,0.758100,34643.000000
2023.01.02 01:35,0.758100,0.758300,0.758100,0.758200,48226.000000
2023.01.02 01:40,0.758200,0.758600,0.758200,0.758300,104239.000000
2023.01.02 01:45,0.758300,0.758400,0.758300,0.758300,7708.000000
2023.01.02 01:50,0.758300,0.758400,0.757100,0.757100,186778.000000
2023.01.02 01:55,0.757100,0.757500,0.756400,0.757400,202290.000000
2023.01.02 02:00,0.757400,0.757400,0.756600,0.756600,68329.000000
2023.01.02 02:05,0.756600,0.757200,0.756100,0.757200,289769.000000
2023.01.02 02:10,0.757200,0.759900,0.757200,0.759700,369745.000000
2023.01.02 02:15,0.759700,0.759800,0.758700,0.758800,62670.000000
2023.01.02 02:20,0.758800,0.760000,0.758800,0.759500,401933.000000
2023.01.02 02:25,0.759500,0.759500,0.758600,0.758600,181758.000000
2023.01.02 02:30,0.758600,0.759700,0.758600,0.759600,28859.000000
2023.01.02 02:35,0.759600,0.759700,0.759000,0.759700,85754.000000
2023.01.02 02:40,0.759700,0.759900,0.759300,0.759400,66837.000000
2023.01.02 02:45,0.759400,0.759400,0.758800,0.758800,42254.000000
2023.01.02 02:50,0.758800,0.759600,0.758800,0.759600,14785.000000
2023.01.02 02:55,0.759600,0.760400,0.759500,0.760000,131440.000000
2023.01.02 03:00,0.760000,0.760700,0.759500,0.759600,174978.000000
2023.01.02 03:05,0.759600,0.759800,0.758400,0.758400,192433.000000
2023.01.02 03:10,0.758400,0.758400,0.757600,0.757600,137645.000000
2023.01.02 03:15,0.757600,0.757700,0.756800,0.756800,123460.000000
2023.01.02 03:20,0.756800,0.757300,0.756500,0.757300,214634.000000
2023.01.02 03:25,0.757300,0.757600,0.756100,0.756100,152971.000000
2023.01.02 03:30,0.756100,0.757100,0.755700,0.756800,450644.000000
2023.01.02 03:35,0.756800,0.757000,0.755400,0.755800,283260.000000
2023.01.02 03:40,0.755800,0.756300,0.755600,0.756200,138415.000000
2023.01.02 03:45,0.756200,0.757200,0.756200,0.756900,105283.000000
2023.01.02 03:50,0.756900,0.756900,0.755800,0.755800,55252.000000
2023.01.02 03:55,0.755800,0.756400,0.755600,0.755800,67775.000000
2023.01.02 04:00,0.755800,0.756200,0.755300,0.755300,225053.000000
2023.01.02 04:05,0.755300,0.755400,0.750200,0.751400,3494607.000000
2023.01.02 04:10,0.751400,0.751700,0.750600,0.750900,421940.000000
2023.01.02 04:15,0.750900,0.751000,0.749000,0.750900,1532348.000000
2023.01.02 04:20,0.750900,0.751800,0.750400,0.751800,420339.000000
2023.01.02 04:25,0.751800,0.753300,0.751500,0.752900,323694.000000
2023.01.02 04:30,0.752900,0.753700,0.752200,0.753700,265449.000000
2023.01.02 04:35,0.753700,0.753900,0.753000,0.753000,58606.000000
2023.01.02 04:40,0.753000,0.753000,0.752400,0.752500,217678.000000
2023.01.02 04:45,0.752500,0.752500,0.750700,0.750700,577419.000000
2023.01.02 04:50,0.750700,0.751100,0.749500,0.750300,593123.000000
2023.01.02 04:55,0.750300,0.750400,0.749400,0.749400,359682.000000
2023.01.02 05:00,0.749400,0.750700,0.749000,0.750600,262452.000000
2023.01.02 05:05,0.750600,0.750700,0.750200,0.750400,89291.000000
2023.01.02 05:10,0.750400,0.751300,0.750200,0.751000,202645.000000
2023.01.02 05:15,0.751000,0.751400,0.751000,0.751300,18596.000000
2023.01.02 05:20,0.751300,0.751500,0.750500,0.750500,123635.000000
2023.01.02 05:25,0.750500,0.750500,0.749700,0.750400,73317.000000
2023.01.02 05:30,0.750400,0.751000,0.750200,0.750700,133579.000000
2023.01.02 05:35,0.750700,0.751400,0.750700,0.751400,83116.000000
2023.01.02 05:40,0.751400,0.751500,0.751000,0.751200,102827.000000
2023.01.02 05:45,0.751200,0.751500,0.751200,0.751500,140264.000000
2023.01.02 05:50,0.751500,0.752400,0.751300,0.752400,304583.000000
2023.01.02 05:55,0.752400,0.752600,0.751500,0.751600,243264.000000
2023.01.02 06:00,0.751600,0.752400,0.751500,0.752400,217449.000000
2023.01.02 06:05,0.752400,0.753100,0.752300,0.752800,491003.000000
2023.01.02 06:10,0.752800,0.752900,0.752500,0.752800,96561.000000
2023.01.02 06:15,0.752800,0.752800,0.752300,0.752700,41002.000000
2023.01.02 06:20,0.752700,0.753100,0.752600,0.753000,72312.000000
2023.01.02 06:25,0.753000,0.753100,0.752600,0.752700,115537.000000
2023.01.02 06:30,0.752700,0.753500,0.752700,0.753500,467142.000000
2023.01.02 06:35,0.753500,0.753800,0.753200,0.753600,128590.000000
2023.01.02 06:40,0.753600,0.753800,0.753300,0.753300,251548.000000
2023.01.02 06:45,0.753300,0.753700,0.752500,0.753500,130179.000000
2023.01.02 06:50,0.753500,0.757700,0.753000,0.756900,1025150.000000
2023.01.02 06:55,0.756900,0.756900,0.755400,0.755600,224334.000000
2023.01.02 07:00,0.755600,0.756500,0.755600,0.755600,176929.000000
2023.01.02 07:05,0.755600,0.756300,0.755200,0.755200,190489.000000
2023.01.02 07:10,0.755200,0.755300,0.754700,0.755100,81033.000000
2023.01.02 07:15,0.755100,0.755100,0.753300,0.753300,357693.000000
2023.01.02 07:20,0.753300,0.753900,0.752800,0.752900,103270.000000
2023.01.02 07:25,0.752900,0.753700,0.752700,0.753700,70157.000000
2023.01.02 07:30,0.753700,0.754300,0.753400,0.754300,100702.000000
2023.01.02 07:35,0.754300,0.754400,0.753600,0.753600,50055.000000
2023.01.02 07:40,0.753600,0.754000,0.753600,0.753800,48053.000000
2023.01.02 07:45,0.753800,0.754300,0.753800,0.754000,48426.000000
2023.01.02 07:50,0.754000,0.754000,0.753900,0.753900,10564.000000
2023.01.02 07:55,0.753900,0.754700,0.753900,0.754700,19025.000000
2023.01.02 08:00,0.754700,0.755800,0.754600,0.755700,95459.000000
2023.01.02 08:05,0.755700,0.755800,0.754700,0.754800,200666.000000
2023.01.02 08:10,0.754800,0.754900,0.754300,0.754300,71040.000000
2023.01.02 08:15,0.754300,0.754400,0.753400,0.753400,99565.000000
2023.01.02 08:20,0.753400,0.755200,0.753400,0.755200,199383.000000
2023.01.02 08:25,0.755200,0.755800,0.755200,0.755700,158667.000000
2023.01.02 08:30,0.755700,0.755800,0.755300,0.755500,141214.000000
2023.01.02 08:35,0.755500,0.756400,0.755500,0.756200,154955.000000
2023.01.02 08:40,0.756200,0.756700,0.756000,0.756700,96481.000000
2023.01.02 08:45,0.756700,0.757300,0.756500,0.757300,358073.000000
2023.01.02 08:50,0.757300,0.757900,0.756800,0.757400,404099.000000
2023.01.02 08:55,0.757400,0.758300,0.757100,0.757400,459345.000000
2023.01.02 09:00,0.757400,0.757700,0.757200,0.757700,62801.000000
2023.01.02 09:05,0.757700,0.758900,0.757700,0.758900,263421.000000
2023.01.02 09:10,0.758900,0.759300,0.758700,0.759000,224436.000000
2023.01.02 09:15,0.759000,0.759200,0.758700,0.759100,205961.000000
2023.01.02 09:20,0.759100,0.759400,0.758400,0.758400,105103.000000
2023.01.02 09:25,0.758400,0.758500,0.757800,0.758200,344927.000000
2023.01.02 09:30,0.758200,0.758400,0.757300,0.757300,143245.000000
2023.01.02 09:35,0.757300,0.757300,0.755900,0.756400,204227.000000
2023.01.02 09:40,0.756400,0.756700,0.756000,0.756700,118637.000000
2023.01.02 09:45,0.756700,0.757000,0.756500,0.756500,35083.000000
2023.01.02 09:50,0.756500,0.757200,0.756100,0.756100,81929.000000
2023.01.02 09:55,0.756100,0.756400,0.756000,0.756000,67972.000000
2023.01.02 10:00,0.756000,0.756800,0.756000,0.756800,57008.000000
2023.01.02 10:05,0.756800,0.757700,0.756800,0.757300,57729.000000
2023.01.02 10:10,0.757300,0.763700,0.756700,0.763500,2519220.000000
2023.01.02 10:15,0.763500,0.768900,0.760900,0.764800,6004416.000000
2023.01.02 10:20,0.764800,0.766600,0.763600,0.764100,1061481.000000
2023.01.02 10:25,0.764100,0.765500,0.763400,0.764400,673668.000000
2023.01.02 10:30,0.764400,0.766000,0.764400,0.764900,226821.000000
2023.01.02 10:35,0.764900,0.767800,0.764500,0.767800,416501.000000
2023.01.02 10:40,0.767800,0.770800,0.767800,0.770700,1282348.000000
2023.01.02 10:45,0.770700,0.773300,0.769900,0.771200,1435164.000000
2023.01.02 10:50,0.771200,0.771800,0.768900,0.769800,508600.000000
2023.01.02 10:55,0.769800,0.771400,0.769400,0.769900,254163.000000
2023.01.02 11:00,0.769900,0.773600,0.769800,0.773100,817013.000000
2023.01.02 11:05,0.773100,0.776200,0.772800,0.775000,1348942.000000
2023.01.02 11:10,0.775000,0.780800,0.774900,0.780700,2120942.000000
2023.01.02 11:15,0.780700,0.781900,0.776600,0.777000,1090507.000000
2023.01.02 11:20,0.777000,0.778800,0.776700,0.778700,318794.000000
2023.01.02 11:25,0.778700,0.780000,0.778400,0.778800,288474.000000
2023.01.02 11:30,0.778800,0.780400,0.778700,0.780400,395090.000000
2023.01.02 11:35,0.780400,0.781100,0.780100,0.781100,193845.000000
2023.01.02 11:40,0.781100,0.781300,0.778400,0.778800,319826.000000
2023.01.02 11:45,0.778800,0.778900,0.776900,0.776900,188202.000000
2023.01.02 11:50,0.776900,0.777900,0.775300,0.777700,344155.000000
2023.01.02 11:55,0.777700,0.778700,0.777500,0.777700,113077.000000
2023.01.02 12:00,0.777700,0.777800,0.775900,0.776200,167395.000000
2023.01.02 12:05,0.776200,0.778800,0.776200,0.778100,281077.000000
2023.01.02 12:10,0.778100,0.778100,0.777200,0.777200,62413.000000
2023.01.02 12:15,0.777200,0.778500,0.776600,0.778400,78116.000000
2023.01.02 12:20,0.778400,0.779900,0.778300,0.778600,160171.000000
2023.01.02 12:25,0.778600,0.779300,0.778500,0.778600,60897.000000
2023.01.02 12:30,0.778600,0.779500,0.778600,0.779000,62298.000000
2023.01.02 12:35,0.779000,0.780500,0.779000,0.780500,195220.000000
2023.01.02 12:40,0.780500,0.780500,0.778600,0.779200,80294.000000
2023.01.02 12:45,0.779200,0.779600,0.777900,0.777900,118304.000000
2023.01.02 12:50,0.777900,0.778000,0.777200,0.777200,64808.000000
2023.01.02 12:55,0.777200,0.778000,0.776700,0.776700,158300.000000
2023.01.02 13:00,0.776700,0.777900,0.775800,0.777800,304290.000000
2023.01.02 13:05,0.777800,0.779900,0.777800,0.778100,428653.000000
2023.01.02 13:10,0.778100,0.778800,0.777700,0.778800,74287.000000
2023.01.02 13:15,0.778800,0.779100,0.778100,0.778100,39080.000000
2023.01.02 13:20,0.778100,0.778400,0.776400,0.776400,159452.000000
2023.01.02 13:25,0.776400,0.777900,0.776300,0.777800,105331.000000
2023.01.02 13:30,0.777800,0.779100,0.777800,0.778200,110212.000000
2023.01.02 13:35,0.778200,0.778500,0.778200,0.778200,43998.000000
2023.01.02 13:40,0.778200,0.778200,0.777600,0.777700,14798.000000
2023.01.02 13:45,0.777700,0.779100,0.777600,0.778800,160950.000000
2023.01.02 13:50,0.778800,0.779500,0.778600,0.779500,64267.000000
2023.01.02 13:55,0.779500,0.779500,0.779100,0.779100,46850.000000
2023.01.02 14:00,0.779100,0.779300,0.778100,0.778100,69971.000000
2023.01.02 14:05,0.778100,0.778500,0.777900,0.778200,50862.000000
2023.01.02 14:10,0.778200,0.778500,0.778200,0.778300,57815.000000
2023.01.02 14:15,0.778300,0.778900,0.777900,0.777900,34544.000000
2023.01.02 14:20,0.777900,0.778100,0.777300,0.777600,73521.000000
2023.01.02 14:25,0.777600,0.777700,0.776300,0.776300,148858.000000
2023.01.02 14:30,0.776300,0.777500,0.775600,0.775700,432267.000000
2023.01.02 14:35,0.775700,0.776100,0.774100,0.776000,819738.000000
2023.01.02 14:40,0.776000,0.777500,0.776000,0.777200,404056.000000
2023.01.02 14:45,0.777200,0.777600,0.777200,0.777400,34714.000000
2023.01.02 14:50,0.777400,0.778200,0.777300,0.777700,167280.000000
2023.01.02 14:55,0.777700,0.778100,0.777700,0.778100,12593.000000
2023.01.02 15:00,0.778100,0.778400,0.778100,0.778200,147352.000000
2023.01.02 15:05,0.778200,0.778600,0.777900,0.778600,178386.000000
2023.01.02 15:10,0.778600,0.779200,0.778500,0.779100,244641.000000
2023.01.02 15:15,0.779100,0.780400,0.779100,0.779200,266222.000000
2023.01.02 15:20,0.779200,0.779300,0.778500,0.779100,107197.000000
2023.01.02 15:25,0.779100,0.779400,0.778600,0.779000,26122.000000
2023.01.02 15:30,0.779000,0.779000,0.778200,0.778300,89631.000000
2023.01.02 15:35,0.778300,0.778600,0.777800,0.778000,116151.000000
2023.01.02 15:40,0.778000,0.778000,0.777100,0.777300,234774.000000
2023.01.02 15:45,0.777300,0.777700,0.777300,0.777700,23929.000000
2023.01.02 15:50,0.777700,0.777700,0.777300,0.777400,40798.000000
2023.01.02 15:55,0.777400,0.778300,0.777400,0.778300,98600.000000
2023.01.02 16:00,0.778300,0.779200,0.778300,0.779100,74843.000000
2023.01.02 16:05,0.779100,0.779100,0.776400,0.778000,386608.000000
2023.01.02 16:10,0.778000,0.778300,0.777400,0.777600,65017.000000
2023.01.02 16:15,0.777600,0.777900,0.777000,0.777100,125819.000000
2023.01.02 16:20,0.777100,0.778000,0.776600,0.778000,316894.000000
2023.01.02 16:25,0.778000,0.778800,0.778000,0.778700,168550.000000
2023.01.02 16:30,0.778700,0.779300,0.777900,0.778000,119953.000000
2023.01.02 16:35,0.778000,0.778700,0.777400,0.777700,226638.000000
2023.01.02 16:40,0.777700,0.778000,0.775900,0.775900,230018.000000
2023.01.02 16:45,0.775900,0.777200,0.775900,0.776800,117506.000000
2023.01.02 16:50,0.776800,0.777100,0.776600,0.776600,99195.000000
2023.01.02 16:55,0.776600,0.777200,0.776100,0.776600,68116.000000
2023.01.02 17:00,0.776600,0.778200,0.776400,0.777800,205817.000000
2023.01.02 17:05,0.777800,0.778000,0.777100,0.777700,117908.000000
2023.01.02 17:10,0.777700,0.778400,0.777400,0.778000,169845.000000
2023.01.02 17:15,0.778000,0.779300,0.778000,0.779100,88357.000000
2023.01.02 17:20,0.779100,0.779200,0.778600,0.779000,296116.000000
2023.01.02 17:25,0.779000,0.779000,0.777800,0.777800,699982.000000
2023.01.02 17:30,0.777800,0.778700,0.777800,0.778400,113493.000000
2023.01.02 17:35,0.778400,0.778400,0.777100,0.777800,315730.000000
2023.01.02 17:40,0.777800,0.779500,0.777800,0.779400,274611.000000
2023.01.02 17:45,0.779400,0.779500,0.778700,0.778800,17466.000000
2023.01.02 17:50,0.778800,0.779100,0.778500,0.778800,252999.000000
2023.01.02 17:55,0.778800,0.778800,0.778200,0.778500,122724.000000
2023.01.02 18:00,0.778500,0.780300,0.778000,0.778000,401399.000000
2023.01.02 18:05,0.778000,0.778700,0.777600,0.778700,71081.000000
2023.01.02 18:10,0.778700,0.779100,0.778300,0.778900,349930.000000
2023.01.02 18:15,0.778900,0.783800,0.778900,0.781900,1769467.000000
2023.01.02 18:20,0.781900,0.782400,0.780800,0.781900,388207.000000
2023.01.02 18:25,0.781900,0.781900,0.781000,0.781100,403887.000000
2023.01.02 18:30,0.781100,0.784400,0.780900,0.783100,829686.000000
2023.01.02 18:35,0.783100,0.783500,0.782600,0.782800,185742.000000
2023.01.02 18:40,0.782800,0.784700,0.782300,0.784200,533233.000000
2023.01.02 18:45,0.784200,0.784700,0.783500,0.784300,465024.000000
2023.01.02 18:50,0.784300,0.785800,0.783800,0.785100,815410.000000
2023.01.02 18:55,0.785100,0.785400,0.784200,0.784500,663536.000000
2023.01.02 19:00,0.784500,0.784700,0.782900,0.783000,515543.000000
2023.01.02 19:05,0.783000,0.783000,0.782600,0.782900,137203.000000
2023.01.02 19:10,0.782900,0.784200,0.782900,0.784000,383035.000000
2023.01.02 19:15,0.784000,0.785200,0.783900,0.785200,186381.000000
2023.01.02 19:20,0.785200,0.785500,0.784900,0.784900,250789.000000
2023.01.02 19:25,0.784900,0.785400,0.784700,0.785300,419458.000000
2023.01.02 19:30,0.785300,0.786200,0.784700,0.784700,437161.000000
2023.01.02 19:35,0.784700,0.785200,0.784300,0.784400,263298.000000
2023.01.02 19:40,0.784400,0.784800,0.784000,0.784700,245266.000000
2023.01.02 19:45,0.784700,0.785200,0.784000,0.784100,314794.000000
2023.01.02 19:50,0.784100,0.784300,0.781600,0.781700,554870.000000
2023.01.02 19:55,0.781700,0.782600,0.781000,0.781100,463530.000000
2023.01.02 20:00,0.781100,0.782500,0.781100,0.782400,188372.000000
2023.01.02 20:05,0.782400,0.782800,0.782300,0.782600,120356.000000
2023.01.02 20:10,0.782600,0.782600,0.780400,0.780400,718776.000000
2023.01.02 20:15,0.780400,0.781500,0.779000,0.779900,729332.000000
2023.01.02 20:20,0.779900,0.780500,0.778900,0.779200,272680.000000
2023.01.02 20:25,0.779200,0.780300,0.779200,0.780200,218911.000000
2023.01.02 20:30,0.780200,0.780700,0.780100,0.780200,146658.000000
2023.01.02 20:35,0.780200,0.780400,0.779600,0.780300,65294.000000
2023.01.02 20:40,0.780300,0.780300,0.779600,0.779600,97936.000000
2023.01.02 20:45,0.779600,0.780400,0.779600,0.780000,29006.000000
2023.01.02 20:50,0.780000,0.780800,0.780000,0.780700,69930.000000
2023.01.02 20:55,0.780700,0.781000,0.780600,0.780900,127127.000000
2023.01.02 21:00,0.780900,0.781500,0.780500,0.780500,125055.000000
2023.01.02 21:05,0.780500,0.780700,0.780100,0.780600,102625.000000
2023.01.02 21:10,0.780600,0.780700,0.780000,0.780000,23450.000000
2023.01.02 21:15,0.780000,0.781000,0.780000,0.781000,38177.000000
2023.01.02 21:20,0.781000,0.781500,0.780800,0.780800,122516.000000
2023.01.02 21:25,0.780800,0.780900,0.780400,0.780500,27559.000000
2023.01.02 21:30,0.780500,0.781500,0.780400,0.781500,70399.000000
2023.01.02 21:35,0.781500,0.782100,0.781300,0.781800,90478.000000
2023.01.02 21:40,0.781800,0.782000,0.781600,0.781900,24616.000000
2023.01.02 21:45,0.781900,0.782700,0.781900,0.782700,145496.000000
2023.01.02 21:50,0.782700,0.784100,0.782500,0.783400,464425.000000
2023.01.02 21:55,0.783400,0.783400,0.782100,0.782300,151098.000000
2023.01.02 22:00,0.782300,0.782900,0.782300,0.782700,108468.000000
2023.01.02 22:05,0.782700,0.782800,0.782100,0.782800,71079.000000
2023.01.02 22:10,0.782800,0.783600,0.782800,0.783500,53357.000000
2023.01.02 22:15,0.783500,0.783800,0.783100,0.783500,593034.000000
2023.01.02 22:20,0.783500,0.783800,0.783000,0.783000,78106.000000
2023.01.02 22:25,0.783000,0.783100,0.782000,0.782200,101807.000000
2023.01.02 22:30,0.782200,0.782800,0.782200,0.782800,68366.000000
2023.01.02 22:35,0.782800,0.782800,0.782200,0.782500,31144.000000
2023.01.02 22:40,0.782500,0.783000,0.782400,0.782600,48541.000000
2023.01.02 22:45,0.782600,0.784500,0.782600,0.783700,348053.000000
2023.01.02 22:50,0.783700,0.784000,0.783500,0.783900,20164.000000
2023.01.02 22:55,0.783900,0.784000,0.783500,0.783900,150462.000000
2023.01.02 23:00,0.783900,0.784300,0.782500,0.782600,343090.000000
2023.01.02 23:05,0.782600,0.782600,0.782300,0.782300,104550.000000
2023.01.02 23:10,0.782300,0.783000,0.782300,0.782700,53233.000000
2023.01.02 23:15,0.782700,0.783000,0.782300,0.783000,36895.000000
2023.01.02 23:20,0.783000,0.783000,0.782700,0.782900,11357.000000
2023.01.02 23:25,0.782900,0.783700,0.782800,0.783600,19920.000000
2023.01.02 23:30,0.783600,0.784400,0.783100,0.783700,144120.000000
2023.01.02 23:35,0.783700,0.784400,0.783500,0.784400,37698.000000
2023.01.02 23:40,0.784400,0.785100,0.784300,0.785100,439846.000000
2023.01.02 23:45,0.785100,0.785100,0.784100,0.784500,86093.000000
2023.01.02 23:50,0.784500,0.784600,0.784100,0.784200,41041.000000
2023.01.02 23:55,0.784200,0.784800,0.784000,0.784800,92496.000000
2023.01.03 00:00,0.784800,0.785800,0.784800,0.785000,190546.000000
2023.01.03 00:05,0.785000,0.785300,0.784500,0.784700,56278.000000
2023.01.03 00:10,0.784700,0.784800,0.784200,0.784200,28560.000000
2023.01.03 00:15,0.784200,0.784200,0.783700,0.783700,89131.000000
2023.01.03 00:20,0.783700,0.785000,0.783700,0.784900,58769.000000
2023.01.03 00:25,0.784900,0.785100,0.783600,0.783800,94990.000000
2023.01.03 00:30,0.783800,0.784400,0.783800,0.784000,55437.000000
2023.01.03 00:35,0.784000,0.785300,0.783900,0.785300,50527.000000
2023.01.03 00:40,0.785300,0.785400,0.784300,0.784600,73907.000000
2023.01.03 00:45,0.784600,0.784900,0.784500,0.784600,68761.000000
2023.01.03 00:50,0.784600,0.786400,0.784500,0.786100,316590.000000
2023.01.03 00:55,0.786100,0.791300,0.786100,0.788000,2356581.000000
2023.01.03 01:00,0.788000,0.788600,0.786100,0.786600,655542.000000
2023.01.03 01:05,0.786600,0.787500,0.786400,0.786600,159935.000000
2023.01.03 01:10,0.786600,0.786600,0.786100,0.786400,356354.000000
2023.01.03 01:15,0.786400,0.786800,0.786300,0.786400,46537.000000
2023.01.03 01:20,0.786400,0.786800,0.786400,0.786800,75851.000000
2023.01.03 01:25,0.786800,0.787000,0.785800,0.785900,187140.000000
2023.01.03 01:30,0.785900,0.785900,0.782500,0.783000,725460.000000
2023.01.03 01:35,0.783000,0.783000,0.782100,0.782500,255395.000000
2023.01.03 01:40,0.782500,0.783000,0.781600,0.782400,293762.000000
2023.01.03 01:45,0.782400,0.783700,0.779000,0.780200,837630.000000
2023.01.03 01:50,0.780200,0.781600,0.780200,0.781200,834284.000000
2023.01.03 01:55,0.781200,0.782000,0.780700,0.780800,258998.000000
2023.01.03 02:00,0.780800,0.783500,0.779600,0.783200,434691.000000
2023.01.03 02:05,0.783200,0.784900,0.782300,0.782300,519346.000000
2023.01.03 02:10,0.782300,0.783300,0.781600,0.783200,362525.000000
2023.01.03 02:15,0.783200,0.783400,0.782100,0.782300,557527.000000
2023.01.03 02:20,0.782300,0.783300,0.782300,0.782700,182512.000000
2023.01.03 02:25,0.782700,0.783400,0.782300,0.782700,119070.000000
2023.01.03 02:30,0.782700,0.783100,0.782200,0.782200,90963.000000
2023.01.03 02:35,0.782200,0.782300,0.781600,0.782200,58362.000000
2023.01.03 02:40,0.782200,0.783200,0.781600,0.782600,422076.000000
2023.01.03 02:45,0.782600,0.783000,0.780700,0.781000,255028.000000
2023.01.03 02:50,0.781000,0.781100,0.778200,0.779600,797428.000000
2023.01.03 02:55,0.779600,0.780400,0.779100,0.780400,174474.000000
2023.01.03 03:00,0.780400,0.781300,0.779000,0.779000,628208.000000
2023.01.03 03:05,0.779000,0.780400,0.779000,0.780300,155994.000000
2023.01.03 03:10,0.780300,0.780800,0.779500,0.780400,237889.000000
2023.01.03 03:15,0.780400,0.780900,0.780100,0.780400,124010.000000
2023.01.03 03:20,0.780400,0.780600,0.779600,0.780200,101485.000000
2023.01.03 03:25,0.780200,0.780300,0.779700,0.780100,54304.000000
2023.01.03 03:30,0.780100,0.781400,0.779900,0.781400,155057.000000
2023.01.03 03:35,0.781400,0.781800,0.781300,0.781800,43279.000000
2023.01.03 03:40,0.781800,0.782100,0.781300,0.782000,98159.000000
2023.01.03 03:45,0.782000,0.782500,0.782000,0.782500,42183.000000
2023.01.03 03:50,0.782500,0.782600,0.781500,0.782000,48551.000000
2023.01.03 03:55,0.782000,0.783000,0.781900,0.782800,64187.000000
2023.01.03 04:00,0.782800,0.783600,0.782200,0.783500,158583.000000
2023.01.03 04:05,0.783500,0.783600,0.782000,0.782000,204362.000000
2023.01.03 04:10,0.782000,0.782200,0.781500,0.781900,392628.000000
2023.01.03 04:15,0.781900,0.782300,0.780100,0.780200,145488.000000
2023.01.03 04:20,0.780200,0.780200,0.776700,0.777600,1682093.000000
2023.01.03 04:25,0.777600,0.778900,0.777300,0.777900,553725.000000
2023.01.03 04:30,0.777900,0.780400,0.777100,0.780200,714532.000000
2023.01.03 04:35,0.780200,0.780300,0.778700,0.778900,344124.000000
2023.01.03 04:40,0.778900,0.780100,0.778800,0.780100,131133.000000
2023.01.03 04:45,0.780100,0.780300,0.779300,0.779400,103537.000000
2023.01.03 04:50,0.779400,0.779400,0.778400,0.778900,145508.000000
2023.01.03 04:55,0.778900,0.779500,0.777900,0.779500,401141.000000
2023.01.03 05:00,0.779500,0.779800,0.778600,0.779800,106090.000000
2023.01.03 05:05,0.779800,0.779800,0.779400,0.779700,138702.000000
2023.01.03 05:10,0.779700,0.780500,0.779600,0.780300,59269.000000
2023.01.03 05:15,0.780300,0.780300,0.779200,0.779200,193170.000000
2023.01.03 05:20,0.779200,0.779400,0.778100,0.778300,192138.000000
2023.01.03 05:25,0.778300,0.778400,0.778200,0.778200,80904.000000
2023.01.03 05:30,0.778200,0.779300,0.778200,0.778900,85204.000000
2023.01.03 05:35,0.778900,0.779600,0.778600,0.779600,148545.000000
2023.01.03 05:40,0.779600,0.779800,0.779000,0.779300,128510.000000
2023.01.03 05:45,0.779300,0.779300,0.778600,0.778600,12402.000000
2023.01.03 05:50,0.778600,0.779400,0.778200,0.778200,360382.000000
2023.01.03 05:55,0.778200,0.778300,0.777600,0.777600,314897.000000
2023.01.03 06:00,0.777600,0.778100,0.776800,0.778100,265434.000000
2023.01.03 06:05,0.778100,0.778400,0.776900,0.776900,86995.000000
2023.01.03 06:10,0.776900,0.777500,0.775900,0.777100,390325.000000
2023.01.03 06:15,0.777100,0.777900,0.777000,0.777900,82290.000000
2023.01.03 06:20,0.777900,0.778900,0.777800,0.778900,112053.000000
2023.01.03 06:25,0.778900,0.778900,0.778200,0.778600,101312.000000
2023.01.03 06:30,0.778600,0.780400,0.778500,0.780400,220244.000000
2023.01.03 06:35,0.780400,0.780400,0.779800,0.779800,35333.000000
2023.01.03 06:40,0.779800,0.780300,0.779400,0.780200,40395.000000
2023.01.03 06:45,0.780200,0.780500,0.780100,0.780500,36088.000000
2023.01.03 06:50,0.780500,0.781200,0.779900,0.781200,147908.000000
2023.01.03 06:55,0.781200,0.781800,0.781200,0.781300,74558.000000
2023.01.03 07:00,0.781300,0.781700,0.781200,0.781400,111040.000000
2023.01.03 07:05,0.781400,0.781500,0.780900,0.781100,28271.000000
2023.01.03 07:10,0.781100,0.782200,0.781100,0.782200,204881.000000
2023.01.03 07:15,0.782200,0.782200,0.781800,0.781900,104955.000000
2023.01.03 07:20,0.781900,0.782200,0.781300,0.781300,91783.000000
2023.01.03 07:25,0.781300,0.781900,0.781200,0.781900,61938.000000
2023.01.03 07:30,0.781900,0.781900,0.780600,0.780600,94970.000000
2023.01.03 07:35,0.780600,0.781200,0.780600,0.780800,109747.000000
2023.01.03 07:40,0.780800,0.780800,0.780300,0.780300,114599.000000
2023.01.03 07:45,0.780300,0.780300,0.779400,0.779500,74976.000000
2023.01.03 07:50,0.779500,0.779700,0.778900,0.779000,66784.000000
2023.01.03 07:55,0.779000,0.779800,0.778800,0.779000,56698.000000
2023.01.03 08:00,0.779000,0.779900,0.778900,0.779900,168347.000000
2023.01.03 08:05,0.779900,0.780500,0.779900,0.780300,94704.000000
2023.01.03 08:10,0.780300,0.781900,0.780300,0.781900,279858.000000
2023.01.03 08:15,0.781900,0.783100,0.781900,0.782500,250855.000000
2023.01.03 08:20,0.782500,0.783400,0.781800,0.781800,123757.000000
2023.01.03 08:25,0.781800,0.781900,0.781100,0.781200,44503.000000
2023.01.03 08:30,0.781200,0.781200,0.779800,0.780100,333366.000000
2023.01.03 08:35,0.780100,0.782000,0.780100,0.781500,177818.000000
2023.01.03 08:40,0.781500,0.781700,0.780800,0.781400,130008.000000
2023.01.03 08:45,0.781400,0.782000,0.781200,0.781700,163871.000000
2023.01.03 08:50,0.781700,0.782100,0.781600,0.781800,96323.000000
2023.01.03 08:55,0.781800,0.782400,0.781300,0.782400,57683.000000
2023.01.03 09:00,0.782400,0.785100,0.782300,0.784700,648074.000000
2023.01.03 09:05,0.784700,0.785200,0.783700,0.783800,136279.000000
2023.01.03 09:10,0.783800,0.784900,0.783800,0.784600,85147.000000
2023.01.03 09:15,0.784600,0.785100,0.784400,0.784900,204153.000000
2023.01.03 09:20,0.784900,0.786800,0.784600,0.786600,580804.000000
2023.01.03 09:25,0.786600,0.786900,0.786000,0.786900,212217.000000
2023.01.03 09:30,0.786900,0.788500,0.786800,0.787000,389438.000000
2023.01.03 09:35,0.787000,0.787000,0.784800,0.784800,167147.000000
2023.01.03 09:40,0.784800,0.785100,0.784200,0.784600,491435.000000
2023.01.03 09:45,0.784600,0.784900,0.784500,0.784900,209407.000000
2023.01.03 09:50,0.784900,0.785200,0.784600,0.785000,112738.000000
2023.01.03 09:55,0.785000,0.785200,0.783900,0.784400,415675.000000
2023.01.03 10:00,0.784400,0.785000,0.784400,0.784500,74532.000000
2023.01.03 10:05,0.784500,0.785300,0.784500,0.785300,78824.000000
2023.01.03 10:10,0.785300,0.785500,0.785300,0.785400,76427.000000
2023.01.03 10:15,0.785400,0.786400,0.785400,0.785500,193652.000000
2023.01.03 10:20,0.785500,0.785500,0.784000,0.784100,70503.000000
2023.01.03 10:25,0.784100,0.784200,0.783900,0.783900,112477.000000
2023.01.03 10:30,0.783900,0.784300,0.783400,0.783900,68912.000000
2023.01.03 10:35,0.783900,0.784100,0.783700,0.784000,42507.000000
2023.01.03 10:40,0.784000,0.784800,0.784000,0.784400,51560.000000
2023.01.03 10:45,0.784400,0.785300,0.784400,0.785300,164269.000000
2023.01.03 10:50,0.785300,0.785300,0.784000,0.784100,84967.000000
2023.01.03 10:55,0.784100,0.784200,0.783500,0.784100,133047.000000
2023.01.03 11:00,0.784100,0.785200,0.784000,0.784700,143725.000000
2023.01.03 11:05,0.784700,0.784700,0.782600,0.782600,86717.000000
2023.01.03 11:10,0.782600,0.782700,0.781500,0.781800,608942.000000
2023.01.03 11:15,0.781800,0.782000,0.780400,0.780900,1016124.000000
2023.01.03 11:20,0.780900,0.781800,0.780800,0.781400,78065.000000
2023.01.03 11:25,0.781400,0.781400,0.780600,0.781300,115535.000000
2023.01.03 11:30,0.781300,0.781500,0.780400,0.780400,345592.000000
2023.01.03 11:35,0.780400,0.781500,0.780300,0.780300,282479.000000
2023.01.03 11:40,0.780300,0.780500,0.779800,0.779900,162964.000000
2023.01.03 11:45,0.779900,0.780900,0.779900,0.780500,300296.000000
2023.01.03 11:50,0.780500,0.781500,0.780300,0.781500,105716.000000
2023.01.03 11:55,0.781500,0.782500,0.781500,0.782100,148304.000000
2023.01.03 12:00,0.782100,0.782800,0.781700,0.782800,270413.000000
2023.01.03 12:05,0.782800,0.782800,0.781700,0.782200,90674.000000
2023.01.03 12:10,0.782200,0.783500,0.782200,0.783400,48137.000000
2023.01.03 12:15,0.783400,0.783800,0.782900,0.783200,271336.000000
2023.01.03 12:20,0.783200,0.784300,0.783200,0.783600,610766.000000
2023.01.03 12:25,0.783600,0.783800,0.782300,0.783100,605005.000000
2023.01.03 12:30,0.783100,0.784200,0.783100,0.783900,110561.000000
2023.01.03 12:35,0.783900,0.784100,0.783800,0.784100,71839.000000
2023.01.03 12:40,0.784100,0.784700,0.784100,0.784300,228425.000000
2023.01.03 12:45,0.784300,0.784500,0.783500,0.783500,72571.000000
2023.01.03 12:50,0.783500,0.785000,0.783500,0.784900,119424.000000
2023.01.03 12:55,0.784900,0.785400,0.784200,0.784300,302639.000000
2023.01.03 13:00,0.784300,0.785100,0.784300,0.784700,44964.000000
2023.01.03 13:05,0.784700,0.784900,0.784500,0.784800,17649.000000
2023.01.03 13:10,0.784800,0.784800,0.783500,0.783500,65296.000000
2023.01.03 13:15,0.783500,0.783900,0.783500,0.783600,42503.000000
2023.01.03 13:20,0.783600,0.783600,0.782000,0.782500,491644.000000
2023.01.03 13:25,0.782500,0.783400,0.782400,0.783000,76701.000000
2023.01.03 13:30,0.783000,0.783500,0.782200,0.782600,53538.000000
2023.01.03 13:35,0.782600,0.782900,0.782400,0.782900,141641.000000
2023.01.03 13:40,0.782900,0.783500,0.782700,0.783500,55225.000000
2023.01.03 13:45,0.783500,0.783500,0.782900,0.782900,123059.000000
2023.01.03 13:50,0.782900,0.782900,0.782400,0.782500,45526.000000
2023.01.03 13:55,0.782500,0.782500,0.781600,0.781800,134794.000000
2023.01.03 14:00,0.781800,0.782300,0.781100,0.781200,71001.000000
2023.01.03 14:05,0.781200,0.782000,0.781100,0.781800,35447.000000
2023.01.03 14:10,0.781800,0.782000,0.781500,0.781600,28078.000000
2023.01.03 14:15,0.781600,0.781600,0.780500,0.780600,279196.000000
2023.01.03 14:20,0.780600,0.781000,0.780300,0.780300,43832.000000
2023.01.03 14:25,0.780300,0.781900,0.780300,0.781900,349004.000000
2023.01.03 14:30,0.781900,0.783400,0.781900,0.783300,120140.000000
2023.01.03 14:35,0.783300,0.783400,0.782400,0.782500,138694.000000
2023.01.03 14:40,0.782500,0.782500,0.780100,0.780400,673709.000000
2023.01.03 14:45,0.780400,0.780500,0.778800,0.780500,620938.000000
2023.01.03 14:50,0.780500,0.780500,0.780100,0.780200,217790.000000
2023.01.03 14:55,0.780200,0.780200,0.779700,0.779900,135208.000000
2023.01.03 15:00,0.779900,0.780900,0.779900,0.780800,252133.000000
2023.01.03 15:05,0.780800,0.781400,0.780800,0.781400,43285.000000
2023.01.03 15:10,0.781400,0.781500,0.780100,0.780500,147326.000000
2023.01.03 15:15,0.780500,0.780500,0.779800,0.779900,36825.000000
2023.01.03 15:20,0.779900,0.781400,0.779800,0.781400,101865.000000
2023.01.03 15:25,0.781400,0.781500,0.780800,0.780800,228987.000000
2023.01.03 15:30,0.780800,0.781400,0.780400,0.781400,48846.000000
2023.01.03 15:35,0.781400,0.781500,0.781100,0.781100,43932.000000
2023.01.03 15:40,0.781100,0.781500,0.780700,0.780800,125948.000000
2023.01.03 15:45,0.780800,0.780800,0.779400,0.779500,93335.000000
2023.01.03 15:50,0.779500,0.779600,0.779000,0.779200,97056.000000
2023.01.03 15:55,0.779200,0.780100,0.779000,0.780100,115561.000000
2023.01.03 16:00,0.780100,0.781300,0.779800,0.781300,93543.000000
2023.01.03 16:05,0.781300,0.781900,0.780300,0.780600,339660.000000
2023.01.03 16:10,0.780600,0.781600,0.780500,0.781000,119127.000000
2023.01.03 16:15,0.781000,0.782200,0.781000,0.782200,47722.000000
2023.01.03 16:20,0.782200,0.783100,0.782100,0.782200,159095.000000
2023.01.03 16:25,0.782200,0.782200,0.781300,0.781600,38387.000000
2023.01.03 16:30,0.781600,0.781700,0.781300,0.781400,40346.000000
2023.01.03 16:35,0.781400,0.782900,0.781200,0.782900,154849.000000
2023.01.03 16:40,0.782900,0.783200,0.782200,0.782300,132646.000000
2023.01.03 16:45,0.782300,0.782700,0.782100,0.782700,41598.000000
2023.01.03 16:50,0.782700,0.783800,0.781500,0.781800,377900.000000
2023.01.03 16:55,0.781800,0.782100,0.781200,0.781600,100653.000000
2023.01.03 17:00,0.781600,0.782000,0.781400,0.782000,115150.000000
2023.01.03 17:05,0.782000,0.783500,0.782000,0.783500,156053.000000
2023.01.03 17:10,0.783500,0.784500,0.782700,0.783600,272610.000000
2023.01.03 17:15,0.783600,0.783700,0.782200,0.782500,119178.000000
2023.01.03 17:20,0.782500,0.783900,0.782400,0.783400,162939.000000
2023.01.03 17:25,0.783400,0.784000,0.783100,0.783800,79602.000000
2023.01.03 17:30,0.783800,0.785300,0.782700,0.784800,402362.000000
2023.01.03 17:35,0.784800,0.784800,0.782900,0.783900,324272.000000
2023.01.03 17:40,0.783900,0.786300,0.783900,0.784800,607594.000000
2023.01.03 17:45,0.784800,0.785200,0.782700,0.782700,483583.000000
2023.01.03 17:50,0.782700,0.782700,0.779100,0.779800,1794335.000000
2023.01.03 17:55,0.779800,0.779800,0.775100,0.777100,3069376.000000
2023.01.03 18:00,0.777100,0.781800,0.776500,0.781800,1750169.000000
2023.01.03 18:05,0.781800,0.782700,0.780500,0.782300,936930.000000
2023.01.03 18:10,0.782300,0.782300,0.779500,0.780000,942584.000000
2023.01.03 18:15,0.780000,0.780500,0.777400,0.777500,1136103.000000
2023.01.03 18:20,0.777500,0.779500,0.777200,0.779500,605276.000000
2023.01.03 18:25,0.779500,0.779900,0.778700,0.779000,348502.000000
2023.01.03 18:30,0.779000,0.779200,0.776400,0.777700,934363.000000
2023.01.03 18:35,0.777700,0.778600,0.777400,0.777800,553557.000000
2023.01.03 18:40,0.777800,0.779100,0.777500,0.778600,221948.000000
2023.01.03 18:45,0.778600,0.779300,0.778500,0.779000,452708.000000
2023.01.03 18:50,0.779000,0.779200,0.777800,0.778600,191051.000000
2023.01.03 18:55,0.778600,0.780500,0.778100,0.780500,513049.000000
2023.01.03 19:00,0.780500,0.780500,0.779100,0.779100,351706.000000
2023.01.03 19:05,0.779100,0.782200,0.778900,0.780200,520011.000000
2023.01.03 19:10,0.780200,0.780400,0.778800,0.778900,240763.000000
2023.01.03 19:15,0.778900,0.779800,0.778200,0.779200,309146.000000
2023.01.03 19:20,0.779200,0.780000,0.778000,0.779200,294225.000000
2023.01.03 19:25,0.779200,0.779200,0.776600,0.778400,1006602.000000
2023.01.03 19:30,0.778400,0.778400,0.776800,0.777300,111456.000000
2023.01.03 19:35,0.777300,0.779300,0.777300,0.779300,123521.000000
2023.01.03 19:40,0.779300,0.779700,0.779000,0.779200,84208.000000
2023.01.03 19:45,0.779200,0.779400,0.777900,0.778100,59716.000000
2023.01.03 19:50,0.778100,0.778700,0.777400,0.777900,96986.000000
2023.01.03 19:55,0.777900,0.778000,0.775100,0.775700,756170.000000
2023.01.03 20:00,0.775700,0.777300,0.775600,0.776900,340608.000000
2023.01.03 20:05,0.776900,0.777700,0.776400,0.777200,376728.000000
2023.01.03 20:10,0.777200,0.777800,0.777000,0.777000,144061.000000
2023.01.03 20:15,0.777000,0.777100,0.776200,0.776200,135094.000000
2023.01.03 20:20,0.776200,0.776700,0.775300,0.775400,260902.000000
2023.01.03 20:25,0.775400,0.775500,0.774500,0.775500,687867.000000
2023.01.03 20:30,0.775500,0.776300,0.774800,0.776200,584398.000000
2023.01.03 20:35,0.776200,0.776200,0.774800,0.774800,240355.000000
2023.01.03 20:40,0.774800,0.774900,0.772100,0.772100,1313735.000000
2023.01.03 20:45,0.772100,0.772400,0.771100,0.771400,1091651.000000
2023.01.03 20:50,0.771400,0.772100,0.771400,0.771900,239864.000000
2023.01.03 20:55,0.771900,0.773400,0.771500,0.773300,231380.000000
2023.01.03 21:00,0.773300,0.773600,0.772000,0.773600,113344.000000
2023.01.03 21:05,0.773600,0.773600,0.772400,0.772700,290456.000000
2023.01.03 21:10,0.772700,0.774200,0.772100,0.772400,1944757.000000
2023.01.03 21:15,0.772400,0.773100,0.772200,0.773000,213078.000000
2023.01.03 21:20,0.773000,0.773200,0.772500,0.773200,680778.000000
2023.01.03 21:25,0.773200,0.775200,0.773100,0.774200,706499.000000
2023.01.03 21:30,0.774200,0.775000,0.774100,0.774600,240451.000000
2023.01.03 21:35,0.774600,0.774600,0.773900,0.774100,307394.000000
2023.01.03 21:40,0.774100,0.774700,0.774000,0.774300,141464.000000
2023.01.03 21:45,0.774300,0.774300,0.773100,0.773600,71953.000000
2023.01.03 21:50,0.773600,0.774500,0.773500,0.774100,165869.000000
2023.01.03 21:55,0.774100,0.774900,0.773900,0.774800,272848.000000
2023.01.03 22:00,0.774800,0.775100,0.773900,0.774400,151011.000000
2023.01.03 22:05,0.774400,0.774700,0.774200,0.774200,65013.000000
2023.01.03 22:10,0.774200,0.774200,0.772900,0.774200,197040.000000
2023.01.03 22:15,0.774200,0.776000,0.774100,0.775500,354608.000000
2023.01.03 22:20,0.775500,0.776200,0.774500,0.774600,267042.000000
2023.01.03 22:25,0.774600,0.774800,0.774300,0.774400,172603.000000
2023.01.03 22:30,0.774400,0.774400,0.773800,0.774200,96437.000000
2023.01.03 22:35,0.774200,0.774400,0.773800,0.773900,201016.000000
2023.01.03 22:40,0.773900,0.775400,0.773800,0.775300,192860.000000
2023.01.03 22:45,0.775300,0.776200,0.775000,0.775700,651816.000000
2023.01.03 22:50,0.775700,0.776100,0.774700,0.774900,127182.000000
2023.01.03 22:55,0.774900,0.775800,0.774700,0.774700,91588.000000
2023.01.03 23:00,0.774700,0.775500,0.774300,0.774400,470820.000000
2023.01.03 23:05,0.774400,0.774600,0.774000,0.774100,50929.000000
2023.01.03 23:10,0.774100,0.775800,0.774100,0.775700,177774.000000
2023.01.03 23:15,0.775700,0.776600,0.775300,0.775300,426811.000000
2023.01.03 23:20,0.775300,0.775300,0.774600,0.774800,123233.000000
2023.01.03 23:25,0.774800,0.775600,0.774700,0.775200,37550.000000
2023.01.03 23:30,0.775200,0.776200,0.775000,0.776100,120254.000000
2023.01.03 23:35,0.776100,0.776500,0.775900,0.775900,154923.000000
2023.01.03 23:40,0.775900,0.776100,0.775400,0.776000,47043.000000
2023.01.03 23:45,0.776000,0.776000,0.775200,0.775600,97658.000000
2023.01.03 23:50,0.775600,0.776200,0.775500,0.775600,32960.000000
2023.01.03 23:55,0.775600,0.775600,0.774300,0.774500,160662.000000
2023.01.04 00:00,0.774500,0.774700,0.774400,0.774700,69760.000000
2023.01.04 00:05,0.774700,0.775900,0.774700,0.775500,119892.000000
2023.01.04 00:10,0.775500,0.775600,0.775100,0.775600,35735.000000
2023.01.04 00:15,0.775600,0.776000,0.775600,0.775700,68923.000000
2023.01.04 00:20,0.775700,0.776100,0.775600,0.775600,16824.000000
2023.01.04 00:25,0.775600,0.775600,0.775400,0.775400,43808.000000
2023.01.04 00:30,0.775400,0.775700,0.775100,0.775100,136069.000000
2023.01.04 00:35,0.775100,0.775500,0.775000,0.775000,99640.000000
2023.01.04 00:40,0.775000,0.776000,0.775000,0.776000,117110.000000
2023.01.04 00:45,0.776000,0.776000,0.775600,0.775700,58298.000000
2023.01.04 00:50,0.775700,0.776200,0.775700,0.775800,47519.000000
2023.01.04 00:55,0.775800,0.776100,0.775700,0.775700,151905.000000
2023.01.04 01:00,0.775700,0.777100,0.775700,0.777100,179596.000000
2023.01.04 01:05,0.777100,0.777900,0.776800,0.776900,252751.000000
2023.01.04 01:10,0.776900,0.776900,0.776200,0.776200,113729.000000
2023.01.04 01:15,0.776200,0.776300,0.775100,0.775200,94818.000000
2023.01.04 01:20,0.775200,0.775200,0.774900,0.775100,54187.000000
2023.01.04 01:25,0.775100,0.775400,0.775000,0.775200,56438.000000
2023.01.04 01:30,0.775200,0.775300,0.774500,0.774600,84875.000000
2023.01.04 01:35,0.774600,0.774600,0.773900,0.774000,207399.000000
2023.01.04 01:40,0.774000,0.774700,0.773400,0.774700,396338.000000
2023.01.04 01:45,0.774700,0.775000,0.774700,0.775000,17324.000000
2023.01.04 01:50,0.775000,0.776300,0.775000,0.776000,129038.000000
2023.01.04 01:55,0.776000,0.777100,0.776000,0.776700,108487.000000
2023.01.04 02:00,0.776700,0.777500,0.776700,0.777100,156501.000000
2023.01.04 02:05,0.777100,0.778500,0.776700,0.778300,360867.000000
2023.01.04 02:10,0.778300,0.779300,0.778100,0.778200,337944.000000
2023.01.04 02:15,0.778200,0.779800,0.778200,0.779400,266810.000000
2023.01.04 02:20,0.779400,0.779900,0.778700,0.779000,180106.000000
2023.01.04 02:25,0.779000,0.780100,0.778700,0.779600,202988.000000
2023.01.04 02:30,0.779600,0.779900,0.778300,0.778900,182995.000000
2023.01.04 02:35,0.778900,0.779800,0.778900,0.779700,111399.000000
2023.01.04 02:40,0.779700,0.780600,0.779400,0.780500,315651.000000
2023.01.04 02:45,0.780500,0.781000,0.780000,0.780800,341796.000000
2023.01.04 02:50,0.780800,0.781300,0.780500,0.780500,160188.000000
2023.01.04 02:55,0.780500,0.780500,0.779700,0.779700,144962.000000
2023.01.04 03:00,0.779700,0.781000,0.779100,0.779600,154881.000000
2023.01.04 03:05,0.779600,0.779600,0.778400,0.778400,476633.000000
2023.01.04 03:10,0.778400,0.779200,0.778300,0.778700,56368.000000
2023.01.04 03:15,0.778700,0.779800,0.778300,0.778800,209086.000000
2023.01.04 03:20,0.778800,0.779300,0.778400,0.779000,955775.000000
2023.01.04 03:25,0.779000,0.780200,0.778700,0.780000,282522.000000
2023.01.04 03:30,0.780000,0.780300,0.779400,0.779800,120772.000000
2023.01.04 03:35,0.779800,0.779800,0.777800,0.778100,123450.000000
2023.01.04 03:40,0.778100,0.778200,0.777300,0.777400,253346.000000
2023.01.04 03:45,0.777400,0.777500,0.777100,0.777500,106829.000000
2023.01.04 03:50,0.777500,0.778600,0.777500,0.778100,144990.000000
2023.01.04 03:55,0.778100,0.779700,0.777700,0.779600,193474.000000
2023.01.04 04:00,0.779600,0.780300,0.779100,0.780300,126993.000000
2023.01.04 04:05,0.780300,0.782700,0.780300,0.782600,489285.000000
2023.01.04 04:10,0.782600,0.784700,0.782500,0.783800,730430.000000
2023.01.04 04:15,0.783800,0.788900,0.783300,0.788800,1926713.000000
2023.01.04 04:20,0.788800,0.789500,0.785300,0.785600,1064673.000000
2023.01.04 04:25,0.785600,0.786000,0.785100,0.785500,351823.000000
2023.01.04 04:30,0.785500,0.787800,0.785400,0.787200,630631.000000
2023.01.04 04:35,0.787200,0.788500,0.787000,0.788400,337836.000000
2023.01.04 04:40,0.788400,0.788400,0.785900,0.787000,171929.000000
2023.01.04 04:45,0.787000,0.788800,0.787000,0.788500,249391.000000
2023.01.04 04:50,0.788500,0.789200,0.788300,0.788400,277569.000000
2023.01.04 04:55,0.788400,0.791200,0.788300,0.791200,1187272.000000
2023.01.04 05:00,0.791200,0.796800,0.791200,0.793400,3387307.000000
2023.01.04 05:05,0.793400,0.800000,0.793400,0.796900,2309870.000000
2023.01.04 05:10,0.796900,0.798700,0.796400,0.797300,939195.000000
2023.01.04 05:15,0.797300,0.799900,0.796600,0.799900,383632.000000
2023.01.04 05:20,0.799900,0.800300,0.797900,0.798500,288915.000000
2023.01.04 05:25,0.798500,0.798900,0.797300,0.797800,145007.000000
2023.01.04 05:30,0.797800,0.798700,0.797100,0.798700,394324.000000
2023.01.04 05:35,0.798700,0.800500,0.797500,0.797600,1096574.000000
2023.01.04 05:40,0.797600,0.801700,0.797300,0.800700,1088978.000000
2023.01.04 05:45,0.800700,0.802300,0.799500,0.799600,508253.000000
2023.01.04 05:50,0.799600,0.801200,0.798700,0.801200,558231.000000
2023.01.04 05:55,0.801200,0.804400,0.801200,0.803000,998330.000000
2023.01.04 06:00,0.803000,0.804300,0.801700,0.803400,607471.000000
2023.01.04 06:05,0.803400,0.810700,0.803400,0.805200,6081924.000000
2023.01.04 06:10,0.805200,0.809200,0.804600,0.806700,3482183.000000
2023.01.04 06:15,0.806700,0.807100,0.802600,0.803200,579386.000000
2023.01.04 06:20,0.803200,0.805000,0.802400,0.802700,194175.000000
2023.01.04 06:25,0.802700,0.804300,0.802300,0.803100,311537.000000
2023.01.04 06:30,0.803100,0.803400,0.801000,0.801300,1702628.000000
2023.01.04 06:35,0.801300,0.802700,0.798500,0.798600,670198.000000
2023.01.04 06:40,0.798600,0.798800,0.797200,0.798700,691980.000000
2023.01.04 06:45,0.798700,0.798800,0.797200,0.798100,246527.000000
2023.01.04 06:50,0.798100,0.802400,0.798100,0.802200,521803.000000
2023.01.04 06:55,0.802200,0.802700,0.801200,0.801400,465698.000000
2023.01.04 07:00,0.801400,0.803500,0.801300,0.803100,508854.000000
2023.01.04 07:05,0.803100,0.803700,0.800100,0.802000,354339.000000
2023.01.04 07:10,0.802000,0.802000,0.799300,0.800300,365358.000000
2023.01.04 07:15,0.800300,0.801800,0.800100,0.800300,240654.000000
2023.01.04 07:20,0.800300,0.800400,0.799100,0.799300,234588.000000
2023.01.04 07:25,0.799300,0.801900,0.799300,0.801000,358588.000000
2023.01.04 07:30,0.801000,0.802600,0.801000,0.802200,104976.000000
2023.01.04 07:35,0.802200,0.803500,0.802000,0.803300,355054.000000
2023.01.04 07:40,0.803300,0.803400,0.801700,0.801700,246916.000000
2023.01.04 07:45,0.801700,0.802700,0.801700,0.802500,91617.000000
2023.01.04 07:50,0.802500,0.802600,0.801000,0.801000,335293.000000
2023.01.04 07:55,0.801000,0.801600,0.800600,0.800600,151552.000000
2023.01.04 08:00,0.800600,0.802000,0.800600,0.801500,53605.000000
2023.01.04 08:05,0.801500,0.801500,0.799800,0.799800,230930.000000
2023.01.04 08:10,0.799800,0.800500,0.799200,0.799500,106005.000000
2023.01.04 08:15,0.799500,0.800100,0.799400,0.799600,114049.000000
2023.01.04 08:20,0.799600,0.799900,0.798700,0.799200,40001.000000
2023.01.04 08:25,0.799200,0.800300,0.799100,0.800300,266133.000000
2023.01.04 08:30,0.800300,0.800900,0.800300,0.800300,154709.000000
2023.01.04 08:35,0.800300,0.801400,0.800200,0.800400,424388.000000
2023.01.04 08:40,0.800400,0.801000,0.799400,0.799500,85076.000000
2023.01.04 08:45,0.799500,0.800000,0.799500,0.799900,189198.000000
2023.01.04 08:50,0.799900,0.801300,0.799900,0.801200,116994.000000
2023.01.04 08:55,0.801200,0.801800,0.801100,0.801600,166927.000000
2023.01.04 09:00,0.801600,0.802200,0.800500,0.800800,317357.000000
2023.01.04 09:05,0.800800,0.800900,0.800200,0.800400,143803.000000
2023.01.04 09:10,0.800400,0.800600,0.799800,0.799900,328003.000000
2023.01.04 09:15,0.799900,0.800500,0.799900,0.800300,78517.000000
2023.01.04 09:20,0.800300,0.801200,0.799900,0.801000,108928.000000
2023.01.04 09:25,0.801000,0.801400,0.801000,0.801300,24010.000000
2023.01.04 09:30,0.801300,0.802000,0.801300,0.801400,368550.000000
2023.01.04 09:35,0.801400,0.801800,0.800600,0.801800,84430.000000
2023.01.04 09:40,0.801800,0.803200,0.800500,0.803200,505658.000000
2023.01.04 09:45,0.803200,0.804700,0.802900,0.804200,447633.000000
2023.01.04 09:50,0.804200,0.804300,0.803400,0.804100,271828.000000
2023.01.04 09:55,0.804100,0.805300,0.803900,0.805200,242251.000000
2023.01.04 10:00,0.805200,0.806800,0.803500,0.803500,463262.000000
2023.01.04 10:05,0.803500,0.803500,0.801300,0.802400,643460.000000
2023.01.04 10:10,0.802400,0.804000,0.802400,0.803400,304828.000000
2023.01.04 10:15,0.803400,0.803400,0.802100,0.802700,121057.000000
2023.01.04 10:20,0.802700,0.802700,0.802000,0.802300,85729.000000
2023.01.04 10:25,0.802300,0.802600,0.801400,0.801400,115029.000000
2023.01.04 10:30,0.801400,0.802700,0.801000,0.802700,171827.000000
2023.01.04 10:35,0.802700,0.805100,0.802700,0.804600,651442.000000
2023.01.04 10:40,0.804600,0.804800,0.803800,0.804800,126261.000000
2023.01.04 10:45,0.804800,0.804800,0.803900,0.803900,56018.000000
2023.01.04 10:50,0.803900,0.803900,0.802500,0.802600,317418.000000
2023.01.04 10:55,0.802600,0.804800,0.802600,0.804700,395782.000000
2023.01.04 11:00,0.804700,0.804700,0.803600,0.804600,86151.000000
2023.01.04 11:05,0.804600,0.805900,0.804100,0.805900,138763.000000
2023.01.04 11:10,0.805900,0.806400,0.805000,0.805000,161991.000000
2023.01.04 11:15,0.805000,0.806100,0.804600,0.805500,129771.000000
2023.01.04 11:20,0.805500,0.808000,0.802600,0.803100,819266.000000
2023.01.04 11:25,0.803100,0.803600,0.800500,0.801700,843424.000000
2023.01.04 11:30,0.801700,0.801900,0.799500,0.799700,313008.000000
2023.01.04 11:35,0.799700,0.802100,0.799700,0.802100,204179.000000
2023.01.04 11:40,0.802100,0.803200,0.801700,0.801800,148603.000000
2023.01.04 11:45,0.801800,0.803200,0.801800,0.802800,78185.000000
2023.01.04 11:50,0.802800,0.804600,0.802700,0.804600,370450.000000
2023.01.04 11:55,0.804600,0.804800,0.803400,0.803400,92754.000000
2023.01.04 12:00,0.803400,0.804500,0.803400,0.804100,64141.000000
2023.01.04 12:05,0.804100,0.804100,0.802500,0.802500,103445.000000
2023.01.04 12:10,0.802500,0.803400,0.802100,0.803400,94147.000000
2023.01.04 12:15,0.803400,0.803400,0.802400,0.802500,236772.000000
2023.01.04 12:20,0.802500,0.802800,0.802000,0.802000,19104.000000
2023.01.04 12:25,0.802000,0.802000,0.801100,0.801600,99228.000000
2023.01.04 12:30,0.801600,0.801600,0.801000,0.801100,32663.000000
2023.01.04 12:35,0.801100,0.801300,0.800800,0.801200,48427.000000
2023.01.04 12:40,0.801200,0.801200,0.799900,0.800800,226936.000000
2023.01.04 12:45,0.800800,0.802400,0.800800,0.801900,226008.000000
2023.01.04 12:50,0.801900,0.802500,0.800100,0.800100,339165.000000
2023.01.04 12:55,0.800100,0.801700,0.800100,0.801400,60437.000000
2023.01.04 13:00,0.801400,0.801600,0.801100,0.801500,94260.000000
2023.01.04 13:05,0.801500,0.802000,0.801400,0.802000,43269.000000
2023.01.04 13:10,0.802000,0.802700,0.802000,0.802300,119085.000000
2023.01.04 13:15,0.802300,0.802800,0.802200,0.802700,77678.000000
2023.01.04 13:20,0.802700,0.802700,0.801500,0.801700,45471.000000
2023.01.04 13:25,0.801700,0.802400,0.801700,0.802400,26419.000000
2023.01.04 13:30,0.802400,0.802900,0.802200,0.802200,22153.000000
2023.01.04 13:35,0.802200,0.802200,0.801400,0.801400,61157.000000
2023.01.04 13:40,0.801400,0.801500,0.800500,0.800500,120365.000000
2023.01.04 13:45,0.800500,0.801500,0.800500,0.801500,142519.000000
2023.01.04 13:50,0.801500,0.802500,0.801400,0.802200,211833.000000
2023.01.04 13:55,0.802200,0.802300,0.801400,0.801900,127059.000000
2023.01.04 14:00,0.801900,0.802000,0.801400,0.802000,119224.000000
2023.01.04 14:05,0.802000,0.802000,0.800200,0.800600,219742.000000
2023.01.04 14:10,0.800600,0.800600,0.800200,0.800600,60875.000000
2023.01.04 14:15,0.800600,0.801200,0.800400,0.800600,63942.000000
2023.01.04 14:20,0.800600,0.800600,0.800000,0.800100,100221.000000
2023.01.04 14:25,0.800100,0.800500,0.799600,0.800500,162521.000000
2023.01.04 14:30,0.800500,0.800800,0.800500,0.800600,60073.000000
2023.01.04 14:35,0.800600,0.801100,0.800600,0.801100,50457.000000
2023.01.04 14:40,0.801100,0.801600,0.801000,0.801600,53184.000000
2023.01.04 14:45,0.801600,0.801600,0.800500,0.800900,33091.000000
2023.01.04 14:50,0.800900,0.801900,0.800900,0.801700,120771.000000
2023.01.04 14:55,0.801700,0.801800,0.800500,0.800500,46931.000000
2023.01.04 15:00,0.800500,0.801400,0.800300,0.800800,162874.000000
2023.01.04 15:05,0.800800,0.801000,0.800500,0.801000,97517.000000
2023.01.04 15:10,0.801000,0.802200,0.801000,0.802200,123161.000000
2023.01.04 15:15,0.802200,0.802200,0.801400,0.802000,139995.000000
2023.01.04 15:20,0.802000,0.803100,0.802000,0.803100,243000.000000
2023.01.04 15:25,0.803100,0.804000,0.803100,0.803600,274791.000000
2023.01.04 15:30,0.803600,0.803900,0.802400,0.802800,88696.000000
2023.01.04 15:35,0.802800,0.802800,0.801100,0.801100,146544.000000
2023.01.04 15:40,0.801100,0.801700,0.800900,0.801700,43653.000000
2023.01.04 15:45,0.801700,0.801700,0.800100,0.800100,209860.000000
2023.01.04 15:50,0.800100,0.800800,0.800000,0.800400,64869.000000
2023.01.04 15:55,0.800400,0.800700,0.800200,0.800600,25341.000000
2023.01.04 16:00,0.800600,0.801900,0.800600,0.801900,320699.000000
2023.01.04 16:05,0.801900,0.802700,0.801700,0.802600,46921.000000
2023.01.04 16:10,0.802600,0.802600,0.801800,0.802000,41990.000000
2023.01.04 16:15,0.802000,0.802500,0.801800,0.802400,62405.000000
2023.01.04 16:20,0.802400,0.803200,0.802400,0.803000,88373.000000
2023.01.04 16:25,0.803000,0.803400,0.802500,0.803100,97794.000000
2023.01.04 16:30,0.803100,0.803300,0.802500,0.803100,29291.000000
2023.01.04 16:35,0.803100,0.804000,0.803000,0.803800,149799.000000
2023.01.04 16:40,0.803800,0.805000,0.803700,0.804100,314604.000000
2023.01.04 16:45,0.804100,0.804600,0.803700,0.804400,170952.000000
2023.01.04 16:50,0.804400,0.805200,0.804000,0.804000,164110.000000
2023.01.04 16:55,0.804000,0.804000,0.802900,0.804000,56014.000000
2023.01.04 17:00,0.804000,0.804700,0.803400,0.803600,90203.000000
2023.01.04 17:05,0.803600,0.803600,0.802900,0.803200,35215.000000
2023.01.04 17:10,0.803200,0.803200,0.802000,0.802000,70094.000000
2023.01.04 17:15,0.802000,0.802000,0.800400,0.801500,431743.000000
2023.01.04 17:20,0.801500,0.801500,0.800800,0.801000,46718.000000
2023.01.04 17:25,0.801000,0.804000,0.801000,0.802000,585115.000000
2023.01.04 17:30,0.802000,0.802400,0.801300,0.801800,57248.000000
2023.01.04 17:35,0.801800,0.804700,0.801800,0.803400,283576.000000
2023.01.04 17:40,0.803400,0.804800,0.801900,0.801900,253949.000000
2023.01.04 17:45,0.801900,0.802800,0.800300,0.802000,505571.000000
2023.01.04 17:50,0.802000,0.803000,0.801100,0.801700,134910.000000
2023.01.04 17:55,0.801700,0.803700,0.801600,0.803700,320340.000000
2023.01.04 18:00,0.803700,0.805000,0.800800,0.801000,2375615.000000
2023.01.04 18:05,0.801000,0.801600,0.793900,0.796600,3132058.000000
2023.01.04 18:10,0.796600,0.798900,0.795300,0.798800,471882.000000
2023.01.04 18:15,0.798800,0.801200,0.798800,0.801000,430991.000000
2023.01.04 18:20,0.801000,0.801500,0.799700,0.800800,162751.000000
2023.01.04 18:25,0.800800,0.800800,0.799100,0.800600,425817.000000
2023.01.04 18:30,0.800600,0.801100,0.799300,0.800500,209524.000000
2023.01.04 18:35,0.800500,0.802900,0.800500,0.802500,315907.000000
2023.01.04 18:40,0.802500,0.803700,0.801500,0.803400,343128.000000
2023.01.04 18:45,0.803400,0.804900,0.803400,0.804800,797682.000000
2023.01.04 18:50,0.804800,0.805600,0.804400,0.805100,426395.000000
2023.01.04 18:55,0.805100,0.807200,0.804400,0.807200,695562.000000
2023.01.04 19:00,0.807200,0.807300,0.804100,0.804200,377979.000000
2023.01.04 19:05,0.804200,0.805400,0.803200,0.805400,164957.000000
2023.01.04 19:10,0.805400,0.808900,0.805300,0.808700,999864.000000
2023.01.04 19:15,0.808700,0.809200,0.807600,0.808100,495457.000000
2023.01.04 19:20,0.808100,0.808300,0.806900,0.806900,259091.000000
2023.01.04 19:25,0.806900,0.807300,0.806400,0.806600,119321.000000
2023.01.04 19:30,0.806600,0.807400,0.806400,0.806500,76782.000000
2023.01.04 19:35,0.806500,0.806700,0.804500,0.804800,433820.000000
2023.01.04 19:40,0.804800,0.805200,0.803700,0.804000,464593.000000
2023.01.04 19:45,0.804000,0.805200,0.803800,0.805200,199167.000000
2023.01.04 19:50,0.805200,0.805400,0.804600,0.804600,130642.000000
2023.01.04 19:55,0.804600,0.804900,0.804100,0.804500,54361.000000
2023.01.04 20:00,0.804500,0.804700,0.804000,0.804000,61159.000000
2023.01.04 20:05,0.804000,0.804200,0.803700,0.803700,123512.000000
2023.01.04 20:10,0.803700,0.806900,0.803300,0.806500,565301.000000
2023.01.04 20:15,0.806500,0.807300,0.806400,0.806600,74410.000000
2023.01.04 20:20,0.806600,0.807800,0.806400,0.807800,304423.000000
2023.01.04 20:25,0.807800,0.808100,0.807200,0.807300,115724.000000
2023.01.04 20:30,0.807300,0.812200,0.807300,0.809100,2421967.000000
2023.01.04 20:35,0.809100,0.809900,0.807800,0.808100,661286.000000
2023.01.04 20:40,0.808100,0.809400,0.807900,0.809300,343419.000000
2023.01.04 20:45,0.809300,0.810200,0.808400,0.809400,207325.000000
2023.01.04 20:50,0.809400,0.809700,0.808100,0.808100,219528.000000
2023.01.04 20:55,0.808100,0.808100,0.806600,0.806800,155289.000000
2023.01.04 21:00,0.806800,0.807200,0.805000,0.806800,377546.000000
2023.01.04 21:05,0.806800,0.808900,0.806500,0.808900,370371.000000
2023.01.04 21:10,0.808900,0.809000,0.808000,0.808300,165324.000000
2023.01.04 21:15,0.808300,0.810600,0.808300,0.810500,155780.000000
2023.01.04 21:20,0.810500,0.811100,0.809800,0.811100,191348.000000
2023.01.04 21:25,0.811100,0.812500,0.810600,0.810600,470705.000000
2023.01.04 21:30,0.810600,0.811000,0.809200,0.809800,263667.000000
2023.01.04 21:35,0.809800,0.812900,0.809800,0.812900,468177.000000
2023.01.04 21:40,0.812900,0.813500,0.812300,0.813300,257387.000000
2023.01.04 21:45,0.813300,0.813700,0.811500,0.813400,232665.000000
2023.01.04 21:50,0.813400,0.813700,0.812500,0.812600,388878.000000
2023.01.04 21:55,0.812600,0.812600,0.810300,0.810600,593027.000000
2023.01.04 22:00,0.810600,0.812400,0.804800,0.806500,1883803.000000
2023.01.04 22:05,0.806500,0.807700,0.803300,0.803600,1102131.000000
2023.01.04 22:10,0.803600,0.805100,0.801800,0.805100,729626.000000
2023.01.04 22:15,0.805100,0.808300,0.804900,0.808000,394560.000000
2023.01.04 22:20,0.808000,0.809000,0.804300,0.804400,344839.000000
2023.01.04 22:25,0.804400,0.804700,0.797800,0.799500,1977057.000000
2023.01.04 22:30,0.799500,0.801600,0.798700,0.800700,963098.000000
2023.01.04 22:35,0.800700,0.802600,0.800700,0.801600,531202.000000
2023.01.04 22:40,0.801600,0.803400,0.801100,0.802000,105942.000000
2023.01.04 22:45,0.802000,0.804000,0.802000,0.803000,133101.000000
2023.01.04 22:50,0.803000,0.803200,0.801200,0.801200,374208.000000
2023.01.04 22:55,0.801200,0.803800,0.800700,0.803700,573264.000000
2023.01.04 23:00,0.803700,0.803900,0.802300,0.802600,85140.000000
2023.01.04 23:05,0.802600,0.802600,0.801300,0.801800,258075.000000
2023.01.04 23:10,0.801800,0.802800,0.801100,0.801100,164576.000000
2023.01.04 23:15,0.801100,0.801500,0.800800,0.801500,73222.000000
2023.01.04 23:20,0.801500,0.802100,0.799100,0.799100,366009.000000
2023.01.04 23:25,0.799100,0.801300,0.799100,0.800700,457670.000000
2023.01.04 23:30,0.800700,0.800800,0.799400,0.799400,167435.000000
2023.01.04 23:35,0.799400,0.799500,0.796700,0.797200,638956.000000
2023.01.04 23:40,0.797200,0.797200,0.794100,0.796800,1319637.000000
2023.01.04 23:45,0.796800,0.798100,0.795600,0.798100,777407.000000
2023.01.04 23:50,0.798100,0.798700,0.797600,0.798200,523534.000000
2023.01.04 23:55,0.798200,0.799400,0.797100,0.799400,295085.000000
2023.01.05 00:00,0.799400,0.800600,0.798200,0.800600,317520.000000
2023.01.05 00:05,0.800600,0.801500,0.800000,0.800000,483252.000000
2023.01.05 00:10,0.800000,0.801200,0.799700,0.800200,314152.000000
2023.01.05 00:15,0.800200,0.801500,0.799900,0.800900,250380.000000
2023.01.05 00:20,0.800900,0.801800,0.800800,0.801800,243922.000000
2023.01.05 00:25,0.801800,0.802300,0.801700,0.802100,131412.000000
2023.01.05 00:30,0.802100,0.802400,0.801600,0.802100,252849.000000
2023.01.05 00:35,0.802100,0.802100,0.800400,0.800900,605000.000000
2023.01.05 00:40,0.800900,0.801000,0.800500,0.800600,64550.000000
2023.01.05 00:45,0.800600,0.801100,0.800600,0.800600,159560.000000
2023.01.05 00:50,0.800600,0.800700,0.799200,0.799500,234288.000000
2023.01.05 00:55,0.799500,0.800000,0.799200,0.799600,481832.000000
2023.01.05 01:00,0.799600,0.800900,0.799500,0.800800,143135.000000
2023.01.05 01:05,0.800800,0.801000,0.799600,0.799600,141787.000000
2023.01.05 01:10,0.799600,0.800500,0.799500,0.800500,96924.000000
2023.01.05 01:15,0.800500,0.800700,0.800200,0.800700,14512.000000
2023.01.05 01:20,0.800700,0.801000,0.800700,0.801000,53505.000000
2023.01.05 01:25,0.801000,0.802200,0.801000,0.802200,112442.000000
2023.01.05 01:30,0.802200,0.802200,0.801500,0.801800,116057.000000
2023.01.05 01:35,0.801800,0.802500,0.801600,0.802400,23597.000000
2023.01.05 01:40,0.802400,0.803400,0.802200,0.802300,339154.000000
2023.01.05 01:45,0.802300,0.802900,0.802100,0.802600,419826.000000
2023.01.05 01:50,0.802600,0.802600,0.802400,0.802400,24629.000000
2023.01.05 01:55,0.802400,0.802400,0.802000,0.802100,38524.000000
2023.01.05 02:00,0.802100,0.803200,0.802000,0.803200,323169.000000
2023.01.05 02:05,0.803200,0.804200,0.803200,0.804200,132131.000000
2023.01.05 02:10,0.804200,0.805700,0.804000,0.805000,346625.000000
2023.01.05 02:15,0.805000,0.805400,0.804400,0.804500,63633.000000
2023.01.05 02:20,0.804500,0.805100,0.804500,0.805100,42112.000000
2023.01.05 02:25,0.805100,0.805600,0.804000,0.805500,124590.000000
2023.01.05 02:30,0.805500,0.806100,0.805500,0.805800,201849.000000
2023.01.05 02:35,0.805800,0.806600,0.805500,0.806500,70146.000000
2023.01.05 02:40,0.806500,0.806700,0.806000,0.806400,61311.000000
2023.01.05 02:45,0.806400,0.806600,0.805200,0.805200,164941.000000
2023.01.05 02:50,0.805200,0.806400,0.805200,0.806300,81526.000000
2023.01.05 02:55,0.806300,0.807100,0.805700,0.806500,244562.000000
2023.01.05 03:00,0.806500,0.807900,0.805900,0.807700,237072.000000
2023.01.05 03:05,0.807700,0.808000,0.807500,0.807800,85126.000000
2023.01.05 03:10,0.807800,0.808500,0.806900,0.808400,177080.000000
2023.01.05 03:15,0.808400,0.810500,0.807900,0.810100,518677.000000
2023.01.05 03:20,0.810100,0.810200,0.808200,0.808200,85964.000000
2023.01.05 03:25,0.808200,0.808900,0.807700,0.807800,294866.000000
2023.01.05 03:30,0.807800,0.808100,0.806300,0.806300,119477.000000
2023.01.05 03:35,0.806300,0.806300,0.804900,0.805100,115083.000000
2023.01.05 03:40,0.805100,0.805400,0.804200,0.804300,234377.000000
2023.01.05 03:45,0.804300,0.804600,0.801800,0.801800,592291.000000
2023.01.05 03:50,0.801800,0.803400,0.801400,0.802600,502010.000000
2023.01.05 03:55,0.802600,0.803000,0.800900,0.800900,165307.000000
