2023.01.01 00:00,1.264000,1.264000,1.263000,1.263000,804.800000
2023.01.01 00:01,1.263000,1.264000,1.263000,1.264000,1471.000000
2023.01.01 00:02,1.264000,1.264000,1.263000,1.264000,612.300000
2023.01.01 00:03,1.264000,1.264000,1.264000,1.264000,32.800000
2023.01.01 00:04,1.264000,1.264000,1.264000,1.264000,89.500000
2023.01.01 00:05,1.264000,1.264000,1.264000,1.264000,4426.900000
2023.01.01 00:06,1.264000,1.264000,1.264000,1.264000,0.000000
2023.01.01 00:07,1.264000,1.264000,1.264000,1.264000,0.000000
2023.01.01 00:08,1.264000,1.264000,1.264000,1.264000,0.000000
2023.01.01 00:09,1.264000,1.264000,1.264000,1.264000,0.000000
2023.01.01 00:10,1.264000,1.264000,1.264000,1.264000,2242.100000
2023.01.01 00:11,1.264000,1.265000,1.264000,1.265000,101.800000
2023.01.01 00:12,1.265000,1.265000,1.265000,1.265000,0.000000
2023.01.01 00:13,1.265000,1.265000,1.265000,1.265000,0.000000
2023.01.01 00:14,1.265000,1.265000,1.265000,1.265000,0.000000
2023.01.01 00:15,1.265000,1.265000,1.265000,1.265000,595.100000
2023.01.01 00:16,1.265000,1.265000,1.263000,1.263000,6401.900000
2023.01.01 00:17,1.263000,1.263000,1.263000,1.263000,3835.300000
2023.01.01 00:18,1.263000,1.263000,1.263000,1.263000,3022.000000
2023.01.01 00:19,1.263000,1.263000,1.263000,1.263000,0.000000
2023.01.01 00:20,1.263000,1.263000,1.263000,1.263000,0.000000
2023.01.01 00:21,1.263000,1.264000,1.263000,1.264000,696.000000
2023.01.01 00:22,1.264000,1.264000,1.262000,1.262000,1114.400000
2023.01.01 00:23,1.262000,1.262000,1.262000,1.262000,176.900000
2023.01.01 00:24,1.262000,1.262000,1.262000,1.262000,91.900000
2023.01.01 00:25,1.262000,1.263000,1.262000,1.263000,5.100000
2023.01.01 00:26,1.263000,1.263000,1.263000,1.263000,0.000000
2023.01.01 00:27,1.263000,1.263000,1.263000,1.263000,100.000000
2023.01.01 00:28,1.263000,1.263000,1.263000,1.263000,175.800000
2023.01.01 00:29,1.263000,1.263000,1.262000,1.262000,692.700000
2023.01.01 00:30,1.262000,1.262000,1.262000,1.262000,0.000000
2023.01.01 00:31,1.262000,1.262000,1.261000,1.261000,11719.600000
2023.01.01 00:32,1.261000,1.262000,1.261000,1.262000,165.000000
2023.01.01 00:33,1.262000,1.262000,1.261000,1.261000,39.600000
2023.01.01 00:34,1.261000,1.262000,1.261000,1.261000,1782.200000
2023.01.01 00:35,1.261000,1.261000,1.260000,1.261000,24725.100000
2023.01.01 00:36,1.261000,1.262000,1.261000,1.261000,709.700000
2023.01.01 00:37,1.261000,1.261000,1.261000,1.261000,7936.300000
2023.01.01 00:38,1.261000,1.261000,1.261000,1.261000,1253.500000
2023.01.01 00:39,1.261000,1.261000,1.259000,1.260000,2602.600000
2023.01.01 00:40,1.260000,1.260000,1.260000,1.260000,311.800000
2023.01.01 00:41,1.260000,1.260000,1.260000,1.260000,50.300000
2023.01.01 00:42,1.260000,1.260000,1.260000,1.260000,33.200000
2023.01.01 00:43,1.260000,1.260000,1.259000,1.259000,2918.800000
2023.01.01 00:44,1.259000,1.259000,1.258000,1.258000,17841.000000
2023.01.01 00:45,1.258000,1.260000,1.258000,1.260000,3106.200000
2023.01.01 00:46,1.260000,1.260000,1.260000,1.260000,40.300000
2023.01.01 00:47,1.260000,1.260000,1.260000,1.260000,4.800000
2023.01.01 00:48,1.260000,1.260000,1.259000,1.259000,393.300000
2023.01.01 00:49,1.259000,1.259000,1.259000,1.259000,434.900000
2023.01.01 00:50,1.259000,1.260000,1.259000,1.260000,2038.400000
2023.01.01 00:51,1.260000,1.260000,1.260000,1.260000,0.000000
2023.01.01 00:52,1.260000,1.260000,1.259000,1.260000,1464.500000
2023.01.01 00:53,1.260000,1.260000,1.259000,1.259000,81.700000
2023.01.01 00:54,1.259000,1.259000,1.259000,1.259000,5.800000
2023.01.01 00:55,1.259000,1.259000,1.259000,1.259000,848.100000
2023.01.01 00:56,1.259000,1.259000,1.258000,1.258000,1328.200000
2023.01.01 00:57,1.258000,1.258000,1.257000,1.258000,3873.200000
2023.01.01 00:58,1.258000,1.258000,1.257000,1.257000,23796.400000
2023.01.01 00:59,1.257000,1.257000,1.256000,1.257000,22357.500000
2023.01.01 01:00,1.257000,1.257000,1.252000,1.253000,324408.100000
2023.01.01 01:01,1.253000,1.255000,1.253000,1.255000,4583.800000
2023.01.01 01:02,1.255000,1.255000,1.253000,1.255000,8098.500000
2023.01.01 01:03,1.255000,1.255000,1.254000,1.254000,8145.700000
2023.01.01 01:04,1.254000,1.255000,1.254000,1.255000,485.800000
2023.01.01 01:05,1.255000,1.255000,1.254000,1.254000,3210.300000
2023.01.01 01:06,1.254000,1.255000,1.254000,1.255000,2748.100000
2023.01.01 01:07,1.255000,1.255000,1.254000,1.254000,597.900000
2023.01.01 01:08,1.254000,1.254000,1.254000,1.254000,1710.800000
2023.01.01 01:09,1.254000,1.254000,1.254000,1.254000,27639.500000
2023.01.01 01:10,1.254000,1.256000,1.254000,1.256000,2536.200000
2023.01.01 01:11,1.256000,1.256000,1.255000,1.255000,10.200000
2023.01.01 01:12,1.255000,1.255000,1.255000,1.255000,0.000000
2023.01.01 01:13,1.255000,1.255000,1.255000,1.255000,0.000000
2023.01.01 01:14,1.255000,1.258000,1.255000,1.258000,54357.300000
2023.01.01 01:15,1.258000,1.258000,1.257000,1.258000,16677.300000
2023.01.01 01:16,1.258000,1.258000,1.257000,1.257000,6956.200000
2023.01.01 01:17,1.257000,1.257000,1.256000,1.256000,2855.100000
2023.01.01 01:18,1.256000,1.256000,1.254000,1.254000,14026.000000
2023.01.01 01:19,1.254000,1.254000,1.250000,1.251000,90637.200000
2023.01.01 01:20,1.251000,1.252000,1.250000,1.252000,5457.400000
2023.01.01 01:21,1.252000,1.252000,1.251000,1.251000,100.000000
2023.01.01 01:22,1.251000,1.252000,1.251000,1.252000,10.000000
2023.01.01 01:23,1.252000,1.252000,1.252000,1.252000,770.800000
2023.01.01 01:24,1.252000,1.252000,1.250000,1.251000,6964.800000
2023.01.01 01:25,1.251000,1.251000,1.250000,1.250000,1272.600000
2023.01.01 01:26,1.250000,1.253000,1.250000,1.253000,46288.400000
2023.01.01 01:27,1.253000,1.253000,1.253000,1.253000,150.000000
2023.01.01 01:28,1.253000,1.253000,1.252000,1.252000,2206.000000
2023.01.01 01:29,1.252000,1.253000,1.252000,1.252000,3316.100000
2023.01.01 01:30,1.252000,1.252000,1.250000,1.250000,8265.000000
2023.01.01 01:31,1.250000,1.252000,1.250000,1.252000,6547.500000
2023.01.01 01:32,1.252000,1.252000,1.251000,1.251000,1759.700000
2023.01.01 01:33,1.251000,1.252000,1.251000,1.252000,552.700000
2023.01.01 01:34,1.252000,1.253000,1.252000,1.253000,1338.400000
2023.01.01 01:35,1.253000,1.253000,1.253000,1.253000,6269.300000
2023.01.01 01:36,1.253000,1.256000,1.253000,1.253000,148651.300000
2023.01.01 01:37,1.253000,1.253000,1.252000,1.252000,2547.700000
2023.01.01 01:38,1.252000,1.252000,1.252000,1.252000,0.000000
2023.01.01 01:39,1.252000,1.252000,1.252000,1.252000,201.000000
2023.01.01 01:40,1.252000,1.253000,1.252000,1.253000,76.000000
2023.01.01 01:41,1.253000,1.253000,1.251000,1.251000,2389.800000
2023.01.01 01:42,1.251000,1.251000,1.251000,1.251000,0.000000
2023.01.01 01:43,1.251000,1.251000,1.251000,1.251000,0.000000
2023.01.01 01:44,1.251000,1.254000,1.251000,1.253000,19585.000000
2023.01.01 01:45,1.253000,1.253000,1.252000,1.252000,367.900000
2023.01.01 01:46,1.252000,1.252000,1.252000,1.252000,0.000000
2023.01.01 01:47,1.252000,1.253000,1.252000,1.253000,496.700000
2023.01.01 01:48,1.253000,1.253000,1.253000,1.253000,0.000000
2023.01.01 01:49,1.253000,1.253000,1.253000,1.253000,6011.600000
2023.01.01 01:50,1.253000,1.253000,1.246000,1.246000,65358.500000
2023.01.01 01:51,1.246000,1.252000,1.246000,1.251000,51505.500000
2023.01.01 01:52,1.251000,1.251000,1.250000,1.251000,6689.900000
2023.01.01 01:53,1.251000,1.251000,1.251000,1.251000,8438.600000
2023.01.01 01:54,1.251000,1.251000,1.251000,1.251000,0.000000
2023.01.01 01:55,1.251000,1.251000,1.251000,1.251000,882.100000
2023.01.01 01:56,1.251000,1.251000,1.251000,1.251000,0.000000
2023.01.01 01:57,1.251000,1.251000,1.250000,1.250000,1303.800000
2023.01.01 01:58,1.250000,1.250000,1.250000,1.250000,112.600000
2023.01.01 01:59,1.250000,1.251000,1.250000,1.251000,0.400000
2023.01.01 02:00,1.251000,1.251000,1.250000,1.250000,1581.900000
2023.01.01 02:01,1.250000,1.250000,1.247000,1.247000,20365.300000
2023.01.01 02:02,1.247000,1.248000,1.246000,1.248000,15025.500000
2023.01.01 02:03,1.248000,1.248000,1.247000,1.248000,12750.100000
2023.01.01 02:04,1.248000,1.248000,1.247000,1.248000,13491.900000
2023.01.01 02:05,1.248000,1.249000,1.248000,1.249000,40287.600000
2023.01.01 02:06,1.249000,1.249000,1.247000,1.247000,812.400000
2023.01.01 02:07,1.247000,1.248000,1.247000,1.248000,26176.500000
2023.01.01 02:08,1.248000,1.248000,1.248000,1.248000,6683.600000
2023.01.01 02:09,1.248000,1.248000,1.247000,1.247000,2182.800000
2023.01.01 02:10,1.247000,1.248000,1.247000,1.248000,700.000000
2023.01.01 02:11,1.248000,1.249000,1.248000,1.249000,2884.500000
2023.01.01 02:12,1.249000,1.249000,1.247000,1.247000,20000.000000
2023.01.01 02:13,1.247000,1.250000,1.247000,1.250000,36757.200000
2023.01.01 02:14,1.250000,1.250000,1.250000,1.250000,1100.800000
2023.01.01 02:15,1.250000,1.251000,1.250000,1.251000,517.400000
2023.01.01 02:16,1.251000,1.252000,1.251000,1.251000,37281.000000
2023.01.01 02:17,1.251000,1.253000,1.251000,1.253000,24653.200000
2023.01.01 02:18,1.253000,1.253000,1.252000,1.253000,722.700000
2023.01.01 02:19,1.253000,1.253000,1.252000,1.253000,2429.900000
2023.01.01 02:20,1.253000,1.254000,1.253000,1.254000,4231.100000
2023.01.01 02:21,1.254000,1.254000,1.253000,1.253000,2071.100000
2023.01.01 02:22,1.253000,1.253000,1.252000,1.253000,40763.900000
2023.01.01 02:23,1.253000,1.254000,1.252000,1.252000,39780.400000
2023.01.01 02:24,1.252000,1.253000,1.252000,1.253000,1486.800000
2023.01.01 02:25,1.253000,1.253000,1.253000,1.253000,133.500000
2023.01.01 02:26,1.253000,1.253000,1.251000,1.251000,1668.000000
2023.01.01 02:27,1.251000,1.251000,1.251000,1.251000,0.000000
2023.01.01 02:28,1.251000,1.252000,1.251000,1.252000,310.700000
2023.01.01 02:29,1.252000,1.253000,1.252000,1.253000,131.500000
2023.01.01 02:30,1.253000,1.253000,1.252000,1.253000,24004.000000
2023.01.01 02:31,1.253000,1.253000,1.253000,1.253000,5130.200000
2023.01.01 02:32,1.253000,1.253000,1.253000,1.253000,0.000000
2023.01.01 02:33,1.253000,1.253000,1.253000,1.253000,2091.500000
2023.01.01 02:34,1.253000,1.255000,1.253000,1.255000,21844.200000
2023.01.01 02:35,1.255000,1.255000,1.254000,1.254000,998.800000
2023.01.01 02:36,1.254000,1.255000,1.254000,1.255000,1142.100000
2023.01.01 02:37,1.255000,1.255000,1.254000,1.255000,12580.100000
2023.01.01 02:38,1.255000,1.255000,1.255000,1.255000,159.100000
2023.01.01 02:39,1.255000,1.256000,1.255000,1.256000,1379.300000
2023.01.01 02:40,1.256000,1.256000,1.256000,1.256000,19156.800000
2023.01.01 02:41,1.256000,1.257000,1.256000,1.257000,2559.000000
2023.01.01 02:42,1.257000,1.257000,1.257000,1.257000,1327.400000
2023.01.01 02:43,1.257000,1.257000,1.256000,1.256000,9431.500000
2023.01.01 02:44,1.256000,1.256000,1.256000,1.256000,0.000000
2023.01.01 02:45,1.256000,1.256000,1.256000,1.256000,15803.600000
2023.01.01 02:46,1.256000,1.257000,1.256000,1.257000,300.000000
2023.01.01 02:47,1.257000,1.257000,1.257000,1.257000,1206.900000
2023.01.01 02:48,1.257000,1.257000,1.257000,1.257000,932.900000
2023.01.01 02:49,1.257000,1.257000,1.255000,1.255000,11570.300000
2023.01.01 02:50,1.255000,1.256000,1.255000,1.256000,3.900000
2023.01.01 02:51,1.256000,1.256000,1.256000,1.256000,0.000000
2023.01.01 02:52,1.256000,1.256000,1.256000,1.256000,473.100000
2023.01.01 02:53,1.256000,1.256000,1.255000,1.255000,717.000000
2023.01.01 02:54,1.255000,1.255000,1.255000,1.255000,0.000000
2023.01.01 02:55,1.255000,1.255000,1.255000,1.255000,0.000000
2023.01.01 02:56,1.255000,1.255000,1.254000,1.254000,23348.400000
2023.01.01 02:57,1.254000,1.254000,1.254000,1.254000,397.100000
2023.01.01 02:58,1.254000,1.254000,1.254000,1.254000,0.000000
2023.01.01 02:59,1.254000,1.255000,1.254000,1.255000,6154.800000
2023.01.01 03:00,1.255000,1.256000,1.255000,1.255000,144974.200000
2023.01.01 03:01,1.255000,1.255000,1.253000,1.253000,180565.100000
2023.01.01 03:02,1.253000,1.253000,1.252000,1.253000,11986.800000
2023.01.01 03:03,1.253000,1.253000,1.251000,1.251000,6803.100000
2023.01.01 03:04,1.251000,1.251000,1.249000,1.251000,164297.500000
2023.01.01 03:05,1.251000,1.252000,1.251000,1.251000,4113.100000
2023.01.01 03:06,1.251000,1.251000,1.250000,1.250000,3413.900000
2023.01.01 03:07,1.250000,1.250000,1.249000,1.250000,4532.100000
2023.01.01 03:08,1.250000,1.250000,1.248000,1.249000,897.700000
2023.01.01 03:09,1.249000,1.250000,1.248000,1.250000,23034.900000
2023.01.01 03:10,1.250000,1.250000,1.249000,1.249000,22342.700000
2023.01.01 03:11,1.249000,1.251000,1.249000,1.250000,46025.000000
2023.01.01 03:12,1.250000,1.250000,1.249000,1.249000,16170.800000
2023.01.01 03:13,1.249000,1.249000,1.249000,1.249000,71.500000
2023.01.01 03:14,1.249000,1.249000,1.247000,1.249000,37607.000000
2023.01.01 03:15,1.249000,1.249000,1.248000,1.248000,26019.400000
2023.01.01 03:16,1.248000,1.248000,1.248000,1.248000,5185.100000
2023.01.01 03:17,1.248000,1.248000,1.248000,1.248000,6087.600000
2023.01.01 03:18,1.248000,1.249000,1.248000,1.249000,25605.500000
2023.01.01 03:19,1.249000,1.250000,1.249000,1.250000,4970.300000
2023.01.01 03:20,1.250000,1.250000,1.250000,1.250000,94.200000
2023.01.01 03:21,1.250000,1.250000,1.250000,1.250000,11789.700000
2023.01.01 03:22,1.250000,1.251000,1.250000,1.250000,13520.600000
2023.01.01 03:23,1.250000,1.251000,1.250000,1.251000,2297.400000
2023.01.01 03:24,1.251000,1.251000,1.250000,1.250000,2608.900000
2023.01.01 03:25,1.250000,1.252000,1.250000,1.252000,2746.400000
2023.01.01 03:26,1.252000,1.252000,1.252000,1.252000,10981.300000
2023.01.01 03:27,1.252000,1.252000,1.251000,1.252000,12182.700000
2023.01.01 03:28,1.252000,1.252000,1.251000,1.251000,195.900000
2023.01.01 03:29,1.251000,1.251000,1.251000,1.251000,0.000000
2023.01.01 03:30,1.251000,1.251000,1.251000,1.251000,17161.400000
2023.01.01 03:31,1.251000,1.251000,1.251000,1.251000,0.000000
2023.01.01 03:32,1.251000,1.251000,1.250000,1.250000,5013.100000
2023.01.01 03:33,1.250000,1.250000,1.250000,1.250000,5485.900000
2023.01.01 03:34,1.250000,1.250000,1.249000,1.250000,12768.800000
2023.01.01 03:35,1.250000,1.250000,1.249000,1.249000,7255.500000
2023.01.01 03:36,1.249000,1.249000,1.247000,1.248000,56466.900000
2023.01.01 03:37,1.248000,1.248000,1.246000,1.246000,52268.900000
2023.01.01 03:38,1.246000,1.248000,1.246000,1.248000,41059.700000
2023.01.01 03:39,1.248000,1.248000,1.248000,1.248000,0.000000
2023.01.01 03:40,1.248000,1.248000,1.248000,1.248000,131.800000
2023.01.01 03:41,1.248000,1.248000,1.246000,1.246000,2772.400000
2023.01.01 03:42,1.246000,1.247000,1.246000,1.247000,1517.200000
2023.01.01 03:43,1.247000,1.247000,1.247000,1.247000,94.800000
2023.01.01 03:44,1.247000,1.247000,1.247000,1.247000,94.800000
2023.01.01 03:45,1.247000,1.247000,1.247000,1.247000,893.100000
2023.01.01 03:46,1.247000,1.248000,1.247000,1.248000,9720.200000
2023.01.01 03:47,1.248000,1.249000,1.248000,1.249000,8490.400000
2023.01.01 03:48,1.249000,1.249000,1.249000,1.249000,260.900000
2023.01.01 03:49,1.249000,1.249000,1.249000,1.249000,0.000000
2023.01.01 03:50,1.249000,1.249000,1.247000,1.247000,2268.100000
2023.01.01 03:51,1.247000,1.248000,1.247000,1.248000,45.300000
2023.01.01 03:52,1.248000,1.248000,1.247000,1.247000,1.500000
2023.01.01 03:53,1.247000,1.248000,1.247000,1.248000,817.300000
2023.01.01 03:54,1.248000,1.249000,1.248000,1.249000,4212.100000
2023.01.01 03:55,1.249000,1.249000,1.249000,1.249000,0.000000
2023.01.01 03:56,1.249000,1.249000,1.249000,1.249000,0.000000
2023.01.01 03:57,1.249000,1.249000,1.249000,1.249000,150.000000
2023.01.01 03:58,1.249000,1.249000,1.248000,1.248000,7679.000000
2023.01.01 03:59,1.248000,1.248000,1.248000,1.248000,0.000000
2023.01.01 04:00,1.248000,1.248000,1.247000,1.247000,6812.400000
2023.01.01 04:01,1.247000,1.247000,1.247000,1.247000,2652.000000
2023.01.01 04:02,1.247000,1.247000,1.246000,1.246000,3651.200000
2023.01.01 04:03,1.246000,1.247000,1.246000,1.247000,40.100000
2023.01.01 04:04,1.247000,1.247000,1.242000,1.243000,107568.600000
2023.01.01 04:05,1.243000,1.244000,1.242000,1.243000,41877.300000
2023.01.01 04:06,1.243000,1.244000,1.243000,1.244000,100.000000
2023.01.01 04:07,1.244000,1.244000,1.243000,1.243000,100.000000
2023.01.01 04:08,1.243000,1.243000,1.243000,1.243000,0.000000
2023.01.01 04:09,1.243000,1.243000,1.243000,1.243000,100.000000
2023.01.01 04:10,1.243000,1.245000,1.243000,1.245000,5555.300000
2023.01.01 04:11,1.245000,1.245000,1.244000,1.244000,5786.400000
2023.01.01 04:12,1.244000,1.244000,1.244000,1.244000,7278.700000
2023.01.01 04:13,1.244000,1.244000,1.243000,1.243000,3.800000
2023.01.01 04:14,1.243000,1.244000,1.243000,1.244000,3035.200000
2023.01.01 04:15,1.244000,1.245000,1.244000,1.245000,4710.600000
2023.01.01 04:16,1.245000,1.245000,1.244000,1.244000,13898.300000
2023.01.01 04:17,1.244000,1.246000,1.244000,1.246000,25222.600000
2023.01.01 04:18,1.246000,1.246000,1.246000,1.246000,0.000000
2023.01.01 04:19,1.246000,1.246000,1.246000,1.246000,0.500000
2023.01.01 04:20,1.246000,1.246000,1.245000,1.246000,7.800000
2023.01.01 04:21,1.246000,1.246000,1.244000,1.244000,24690.800000
2023.01.01 04:22,1.244000,1.244000,1.244000,1.244000,0.000000
2023.01.01 04:23,1.244000,1.244000,1.242000,1.242000,5181.700000
2023.01.01 04:24,1.242000,1.244000,1.242000,1.244000,23676.900000
2023.01.01 04:25,1.244000,1.244000,1.244000,1.244000,0.000000
2023.01.01 04:26,1.244000,1.244000,1.244000,1.244000,0.000000
2023.01.01 04:27,1.244000,1.244000,1.244000,1.244000,0.000000
2023.01.01 04:28,1.244000,1.244000,1.244000,1.244000,0.000000
2023.01.01 04:29,1.244000,1.245000,1.244000,1.245000,162.300000
2023.01.01 04:30,1.245000,1.245000,1.244000,1.244000,14777.700000
2023.01.01 04:31,1.244000,1.244000,1.244000,1.244000,500.000000
2023.01.01 04:32,1.244000,1.244000,1.243000,1.243000,579.300000
2023.01.01 04:33,1.243000,1.243000,1.243000,1.243000,79.300000
2023.01.01 04:34,1.243000,1.243000,1.242000,1.243000,8677.900000
2023.01.01 04:35,1.243000,1.243000,1.243000,1.243000,4866.800000
2023.01.01 04:36,1.243000,1.243000,1.243000,1.243000,7524.200000
2023.01.01 04:37,1.243000,1.243000,1.242000,1.242000,23876.000000
2023.01.01 04:38,1.242000,1.242000,1.242000,1.242000,61739.200000
2023.01.01 04:39,1.242000,1.242000,1.241000,1.242000,57409.900000
2023.01.01 04:40,1.242000,1.244000,1.241000,1.244000,58563.100000
2023.01.01 04:41,1.244000,1.244000,1.244000,1.244000,0.000000
2023.01.01 04:42,1.244000,1.245000,1.244000,1.245000,3597.900000
2023.01.01 04:43,1.245000,1.245000,1.243000,1.244000,1593.400000
2023.01.01 04:44,1.244000,1.244000,1.244000,1.244000,21.200000
2023.01.01 04:45,1.244000,1.246000,1.244000,1.246000,67269.600000
2023.01.01 04:46,1.246000,1.246000,1.246000,1.246000,11197.900000
2023.01.01 04:47,1.246000,1.247000,1.246000,1.246000,2266.600000
2023.01.01 04:48,1.246000,1.247000,1.246000,1.247000,2692.400000
2023.01.01 04:49,1.247000,1.247000,1.247000,1.247000,3813.800000
2023.01.01 04:50,1.247000,1.247000,1.247000,1.247000,0.000000
2023.01.01 04:51,1.247000,1.248000,1.247000,1.247000,20552.200000
2023.01.01 04:52,1.247000,1.247000,1.245000,1.245000,3562.000000
2023.01.01 04:53,1.245000,1.246000,1.245000,1.246000,3023.900000
2023.01.01 04:54,1.246000,1.247000,1.246000,1.247000,46377.700000
2023.01.01 04:55,1.247000,1.247000,1.246000,1.247000,0.500000
2023.01.01 04:56,1.247000,1.247000,1.247000,1.247000,32221.300000
2023.01.01 04:57,1.247000,1.248000,1.247000,1.248000,10669.400000
2023.01.01 04:58,1.248000,1.249000,1.247000,1.247000,23528.800000
2023.01.01 04:59,1.247000,1.247000,1.247000,1.247000,19452.100000
2023.01.01 05:00,1.247000,1.247000,1.245000,1.245000,152.100000
2023.01.01 05:01,1.245000,1.246000,1.244000,1.244000,39871.300000
2023.01.01 05:02,1.244000,1.244000,1.244000,1.244000,0.000000
2023.01.01 05:03,1.244000,1.244000,1.244000,1.244000,0.000000
2023.01.01 05:04,1.244000,1.244000,1.244000,1.244000,2500.000000
2023.01.01 05:05,1.244000,1.245000,1.244000,1.244000,327.700000
2023.01.01 05:06,1.244000,1.244000,1.244000,1.244000,0.000000
2023.01.01 05:07,1.244000,1.246000,1.244000,1.245000,16802.500000
2023.01.01 05:08,1.245000,1.245000,1.245000,1.245000,0.000000
2023.01.01 05:09,1.245000,1.246000,1.245000,1.246000,724.100000
2023.01.01 05:10,1.246000,1.246000,1.246000,1.246000,0.000000
2023.01.01 05:11,1.246000,1.246000,1.246000,1.246000,10000.000000
2023.01.01 05:12,1.246000,1.246000,1.246000,1.246000,0.000000
2023.01.01 05:13,1.246000,1.246000,1.246000,1.246000,60429.200000
2023.01.01 05:14,1.246000,1.248000,1.246000,1.247000,16759.300000
2023.01.01 05:15,1.247000,1.248000,1.247000,1.248000,6280.600000
2023.01.01 05:16,1.248000,1.248000,1.248000,1.248000,1503.500000
2023.01.01 05:17,1.248000,1.248000,1.248000,1.248000,0.000000
2023.01.01 05:18,1.248000,1.248000,1.248000,1.248000,0.000000
2023.01.01 05:19,1.248000,1.248000,1.247000,1.247000,135.000000
2023.01.01 05:20,1.247000,1.247000,1.247000,1.247000,0.000000
2023.01.01 05:21,1.247000,1.247000,1.247000,1.247000,0.000000
2023.01.01 05:22,1.247000,1.247000,1.247000,1.247000,2.200000
2023.01.01 05:23,1.247000,1.247000,1.247000,1.247000,0.000000
2023.01.01 05:24,1.247000,1.247000,1.247000,1.247000,3707.500000
2023.01.01 05:25,1.247000,1.248000,1.247000,1.248000,6357.500000
2023.01.01 05:26,1.248000,1.250000,1.248000,1.250000,8485.100000
2023.01.01 05:27,1.250000,1.250000,1.248000,1.249000,45.800000
2023.01.01 05:28,1.249000,1.251000,1.249000,1.251000,76470.200000
2023.01.01 05:29,1.251000,1.251000,1.249000,1.250000,4538.100000
2023.01.01 05:30,1.250000,1.250000,1.249000,1.250000,6109.000000
2023.01.01 05:31,1.250000,1.250000,1.250000,1.250000,0.200000
2023.01.01 05:32,1.250000,1.250000,1.250000,1.250000,0.000000
2023.01.01 05:33,1.250000,1.252000,1.250000,1.250000,34944.200000
2023.01.01 05:34,1.250000,1.250000,1.250000,1.250000,0.000000
2023.01.01 05:35,1.250000,1.251000,1.250000,1.251000,302.700000
2023.01.01 05:36,1.251000,1.251000,1.250000,1.250000,6327.900000
2023.01.01 05:37,1.250000,1.250000,1.250000,1.250000,0.000000
2023.01.01 05:38,1.250000,1.251000,1.250000,1.251000,285.900000
2023.01.01 05:39,1.251000,1.251000,1.250000,1.250000,1016.300000
2023.01.01 05:40,1.250000,1.250000,1.250000,1.250000,0.000000
2023.01.01 05:41,1.250000,1.251000,1.250000,1.251000,4725.200000
2023.01.01 05:42,1.251000,1.251000,1.251000,1.251000,103.900000
2023.01.01 05:43,1.251000,1.251000,1.251000,1.251000,0.000000
2023.01.01 05:44,1.251000,1.251000,1.251000,1.251000,7949.700000
2023.01.01 05:45,1.251000,1.251000,1.251000,1.251000,2289.700000
2023.01.01 05:46,1.251000,1.251000,1.250000,1.250000,7956.400000
2023.01.01 05:47,1.250000,1.250000,1.250000,1.250000,0.000000
2023.01.01 05:48,1.250000,1.250000,1.250000,1.250000,0.000000
2023.01.01 05:49,1.250000,1.251000,1.250000,1.251000,2687.800000
2023.01.01 05:50,1.251000,1.251000,1.250000,1.251000,4691.900000
2023.01.01 05:51,1.251000,1.251000,1.250000,1.250000,8668.600000
2023.01.01 05:52,1.250000,1.251000,1.250000,1.251000,2268.100000
2023.01.01 05:53,1.251000,1.251000,1.251000,1.251000,0.000000
2023.01.01 05:54,1.251000,1.251000,1.251000,1.251000,0.000000
2023.01.01 05:55,1.251000,1.251000,1.251000,1.251000,0.000000
2023.01.01 05:56,1.251000,1.251000,1.251000,1.251000,21941.100000
2023.01.01 05:57,1.251000,1.251000,1.250000,1.250000,2405.000000
2023.01.01 05:58,1.250000,1.251000,1.250000,1.251000,8851.300000
2023.01.01 05:59,1.251000,1.251000,1.251000,1.251000,0.000000
2023.01.01 06:00,1.251000,1.252000,1.249000,1.249000,27036.900000
2023.01.01 06:01,1.249000,1.249000,1.248000,1.249000,2279.100000
2023.01.01 06:02,1.249000,1.249000,1.249000,1.249000,0.000000
2023.01.01 06:03,1.249000,1.249000,1.248000,1.248000,640.000000
2023.01.01 06:04,1.248000,1.250000,1.248000,1.250000,28858.000000
2023.01.01 06:05,1.250000,1.251000,1.250000,1.251000,33835.800000
2023.01.01 06:06,1.251000,1.251000,1.251000,1.251000,0.000000
2023.01.01 06:07,1.251000,1.251000,1.251000,1.251000,0.000000
2023.01.01 06:08,1.251000,1.251000,1.251000,1.251000,0.000000
2023.01.01 06:09,1.251000,1.251000,1.251000,1.251000,0.000000
2023.01.01 06:10,1.251000,1.251000,1.249000,1.249000,18352.800000
2023.01.01 06:11,1.249000,1.249000,1.249000,1.249000,0.000000
2023.01.01 06:12,1.249000,1.249000,1.249000,1.249000,0.000000
2023.01.01 06:13,1.249000,1.249000,1.249000,1.249000,324.900000
2023.01.01 06:14,1.249000,1.249000,1.249000,1.249000,0.000000
2023.01.01 06:15,1.249000,1.249000,1.248000,1.248000,17147.300000
2023.01.01 06:16,1.248000,1.248000,1.248000,1.248000,0.000000
2023.01.01 06:17,1.248000,1.248000,1.247000,1.247000,9157.200000
2023.01.01 06:18,1.247000,1.247000,1.246000,1.246000,28244.200000
2023.01.01 06:19,1.246000,1.246000,1.245000,1.245000,24497.200000
2023.01.01 06:20,1.245000,1.247000,1.245000,1.246000,12002.000000
2023.01.01 06:21,1.246000,1.246000,1.246000,1.246000,6.200000
2023.01.01 06:22,1.246000,1.248000,1.246000,1.248000,20291.400000
2023.01.01 06:23,1.248000,1.248000,1.247000,1.247000,386.900000
2023.01.01 06:24,1.247000,1.248000,1.247000,1.248000,594.200000
2023.01.01 06:25,1.248000,1.248000,1.248000,1.248000,866.500000
2023.01.01 06:26,1.248000,1.248000,1.248000,1.248000,0.000000
2023.01.01 06:27,1.248000,1.249000,1.248000,1.249000,17701.100000
2023.01.01 06:28,1.249000,1.249000,1.248000,1.249000,851.600000
2023.01.01 06:29,1.249000,1.249000,1.249000,1.249000,0.000000
2023.01.01 06:30,1.249000,1.249000,1.249000,1.249000,0.000000
2023.01.01 06:31,1.249000,1.249000,1.249000,1.249000,0.000000
2023.01.01 06:32,1.249000,1.249000,1.249000,1.249000,5035.600000
2023.01.01 06:33,1.249000,1.250000,1.249000,1.250000,44721.100000
2023.01.01 06:34,1.250000,1.250000,1.250000,1.250000,3912.100000
2023.01.01 06:35,1.250000,1.250000,1.249000,1.249000,2010.800000
2023.01.01 06:36,1.249000,1.249000,1.249000,1.249000,0.000000
2023.01.01 06:37,1.249000,1.250000,1.249000,1.250000,2713.000000
2023.01.01 06:38,1.250000,1.250000,1.250000,1.250000,0.000000
2023.01.01 06:39,1.250000,1.250000,1.250000,1.250000,0.000000
2023.01.01 06:40,1.250000,1.250000,1.250000,1.250000,1019.800000
2023.01.01 06:41,1.250000,1.250000,1.250000,1.250000,0.000000
2023.01.01 06:42,1.250000,1.250000,1.249000,1.249000,151.000000
2023.01.01 06:43,1.249000,1.250000,1.249000,1.250000,2128.900000
2023.01.01 06:44,1.250000,1.251000,1.250000,1.251000,995.900000
2023.01.01 06:45,1.251000,1.251000,1.251000,1.251000,8375.400000
2023.01.01 06:46,1.251000,1.251000,1.249000,1.250000,11410.000000
2023.01.01 06:47,1.250000,1.250000,1.250000,1.250000,300.000000
2023.01.01 06:48,1.250000,1.250000,1.250000,1.250000,0.000000
2023.01.01 06:49,1.250000,1.250000,1.250000,1.250000,0.000000
2023.01.01 06:50,1.250000,1.250000,1.249000,1.249000,4261.500000
2023.01.01 06:51,1.249000,1.249000,1.249000,1.249000,0.000000
2023.01.01 06:52,1.249000,1.249000,1.249000,1.249000,0.000000
2023.01.01 06:53,1.249000,1.249000,1.249000,1.249000,0.000000
2023.01.01 06:54,1.249000,1.250000,1.249000,1.250000,10790.200000
2023.01.01 06:55,1.250000,1.250000,1.250000,1.250000,0.000000
2023.01.01 06:56,1.250000,1.250000,1.250000,1.250000,0.000000
2023.01.01 06:57,1.250000,1.250000,1.250000,1.250000,0.000000
2023.01.01 06:58,1.250000,1.250000,1.250000,1.250000,0.000000
2023.01.01 06:59,1.250000,1.250000,1.250000,1.250000,0.000000
2023.01.01 07:00,1.250000,1.250000,1.250000,1.250000,100.300000
2023.01.01 07:01,1.250000,1.250000,1.249000,1.250000,8666.300000
2023.01.01 07:02,1.250000,1.250000,1.248000,1.248000,49814.700000
2023.01.01 07:03,1.248000,1.250000,1.248000,1.249000,15952.200000
2023.01.01 07:04,1.249000,1.250000,1.249000,1.250000,0.100000
2023.01.01 07:05,1.250000,1.250000,1.250000,1.250000,0.000000
2023.01.01 07:06,1.250000,1.250000,1.248000,1.248000,1684.100000
2023.01.01 07:07,1.248000,1.248000,1.246000,1.246000,2193.800000
2023.01.01 07:08,1.246000,1.247000,1.246000,1.247000,1004.000000
2023.01.01 07:09,1.247000,1.247000,1.247000,1.247000,0.000000
2023.01.01 07:10,1.247000,1.247000,1.247000,1.247000,952.400000
2023.01.01 07:11,1.247000,1.247000,1.247000,1.247000,0.000000
2023.01.01 07:12,1.247000,1.247000,1.247000,1.247000,0.000000
2023.01.01 07:13,1.247000,1.247000,1.246000,1.246000,7384.800000
2023.01.01 07:14,1.246000,1.247000,1.246000,1.247000,1318.500000
2023.01.01 07:15,1.247000,1.247000,1.247000,1.247000,0.000000
2023.01.01 07:16,1.247000,1.247000,1.246000,1.246000,261.200000
2023.01.01 07:17,1.246000,1.246000,1.246000,1.246000,0.000000
2023.01.01 07:18,1.246000,1.246000,1.246000,1.246000,0.000000
2023.01.01 07:19,1.246000,1.247000,1.245000,1.245000,11435.100000
2023.01.01 07:20,1.245000,1.246000,1.245000,1.246000,265.400000
2023.01.01 07:21,1.246000,1.246000,1.244000,1.244000,25121.400000
2023.01.01 07:22,1.244000,1.245000,1.244000,1.245000,1192.200000
2023.01.01 07:23,1.245000,1.245000,1.245000,1.245000,37338.800000
2023.01.01 07:24,1.245000,1.245000,1.245000,1.245000,0.000000
2023.01.01 07:25,1.245000,1.246000,1.245000,1.246000,3.700000
2023.01.01 07:26,1.246000,1.246000,1.246000,1.246000,5204.500000
2023.01.01 07:27,1.246000,1.246000,1.246000,1.246000,0.000000
2023.01.01 07:28,1.246000,1.246000,1.246000,1.246000,0.000000
2023.01.01 07:29,1.246000,1.246000,1.244000,1.244000,5571.600000
2023.01.01 07:30,1.244000,1.245000,1.244000,1.245000,105.600000
2023.01.01 07:31,1.245000,1.245000,1.244000,1.245000,1910.000000
2023.01.01 07:32,1.245000,1.245000,1.244000,1.244000,28545.100000
2023.01.01 07:33,1.244000,1.244000,1.244000,1.244000,136.500000
2023.01.01 07:34,1.244000,1.246000,1.244000,1.246000,19282.100000
2023.01.01 07:35,1.246000,1.246000,1.246000,1.246000,651.200000
2023.01.01 07:36,1.246000,1.246000,1.245000,1.246000,411.300000
2023.01.01 07:37,1.246000,1.246000,1.246000,1.246000,4567.500000
2023.01.01 07:38,1.246000,1.246000,1.246000,1.246000,9824.700000
2023.01.01 07:39,1.246000,1.246000,1.246000,1.246000,33.700000
2023.01.01 07:40,1.246000,1.246000,1.243000,1.244000,41412.300000
2023.01.01 07:41,1.244000,1.245000,1.244000,1.245000,12951.500000
2023.01.01 07:42,1.245000,1.245000,1.244000,1.244000,7414.100000
2023.01.01 07:43,1.244000,1.245000,1.244000,1.245000,7303.800000
2023.01.01 07:44,1.245000,1.245000,1.242000,1.243000,28011.900000
2023.01.01 07:45,1.243000,1.243000,1.241000,1.243000,38704.300000
2023.01.01 07:46,1.243000,1.243000,1.243000,1.243000,1000.500000
2023.01.01 07:47,1.243000,1.243000,1.241000,1.241000,18444.300000
2023.01.01 07:48,1.241000,1.242000,1.241000,1.242000,2686.900000
2023.01.01 07:49,1.242000,1.242000,1.242000,1.242000,0.000000
2023.01.01 07:50,1.242000,1.242000,1.238000,1.240000,140230.100000
2023.01.01 07:51,1.240000,1.241000,1.240000,1.241000,4570.900000
2023.01.01 07:52,1.241000,1.242000,1.241000,1.241000,136.000000
2023.01.01 07:53,1.241000,1.241000,1.240000,1.240000,21058.100000
2023.01.01 07:54,1.240000,1.241000,1.240000,1.240000,46900.200000
2023.01.01 07:55,1.240000,1.241000,1.240000,1.241000,4.700000
2023.01.01 07:56,1.241000,1.241000,1.239000,1.239000,16374.800000
2023.01.01 07:57,1.239000,1.240000,1.239000,1.240000,126.300000
2023.01.01 07:58,1.240000,1.240000,1.239000,1.240000,1736.300000
2023.01.01 07:59,1.240000,1.240000,1.238000,1.240000,61915.400000
2023.01.01 08:00,1.240000,1.240000,1.239000,1.240000,225.000000
2023.01.01 08:01,1.240000,1.240000,1.239000,1.239000,1186.000000
2023.01.01 08:02,1.239000,1.240000,1.239000,1.240000,838.700000
2023.01.01 08:03,1.240000,1.240000,1.239000,1.239000,178.100000
2023.01.01 08:04,1.239000,1.240000,1.239000,1.239000,10025.700000
2023.01.01 08:05,1.239000,1.239000,1.239000,1.239000,0.000000
2023.01.01 08:06,1.239000,1.240000,1.239000,1.240000,39761.300000
2023.01.01 08:07,1.240000,1.241000,1.240000,1.240000,9574.400000
2023.01.01 08:08,1.240000,1.240000,1.239000,1.239000,161.200000
2023.01.01 08:09,1.239000,1.239000,1.239000,1.239000,5746.600000
2023.01.01 08:10,1.239000,1.239000,1.238000,1.238000,237.700000
2023.01.01 08:11,1.238000,1.239000,1.238000,1.238000,5.900000
2023.01.01 08:12,1.238000,1.239000,1.238000,1.239000,69.700000
2023.01.01 08:13,1.239000,1.239000,1.237000,1.238000,51887.100000
2023.01.01 08:14,1.238000,1.239000,1.238000,1.239000,1045.400000
2023.01.01 08:15,1.239000,1.240000,1.238000,1.240000,41559.200000
2023.01.01 08:16,1.240000,1.240000,1.240000,1.240000,940.400000
2023.01.01 08:17,1.240000,1.241000,1.239000,1.241000,110030.700000
2023.01.01 08:18,1.241000,1.241000,1.239000,1.240000,9629.100000
2023.01.01 08:19,1.240000,1.240000,1.238000,1.238000,21527.800000
2023.01.01 08:20,1.238000,1.240000,1.238000,1.240000,18371.200000
2023.01.01 08:21,1.240000,1.240000,1.239000,1.240000,1895.700000
2023.01.01 08:22,1.240000,1.240000,1.240000,1.240000,0.000000
2023.01.01 08:23,1.240000,1.240000,1.239000,1.239000,11832.000000
2023.01.01 08:24,1.239000,1.240000,1.239000,1.240000,26006.100000
2023.01.01 08:25,1.240000,1.241000,1.240000,1.241000,5447.700000
2023.01.01 08:26,1.241000,1.241000,1.241000,1.241000,836.600000
2023.01.01 08:27,1.241000,1.242000,1.241000,1.242000,78760.900000
2023.01.01 08:28,1.242000,1.242000,1.242000,1.242000,0.000000
2023.01.01 08:29,1.242000,1.242000,1.242000,1.242000,1573.400000
2023.01.01 08:30,1.242000,1.242000,1.242000,1.242000,843.700000
2023.01.01 08:31,1.242000,1.242000,1.240000,1.240000,14.000000
2023.01.01 08:32,1.240000,1.241000,1.240000,1.241000,47.300000
2023.01.01 08:33,1.241000,1.241000,1.241000,1.241000,0.000000
2023.01.01 08:34,1.241000,1.241000,1.241000,1.241000,3632.300000
2023.01.01 08:35,1.241000,1.242000,1.241000,1.242000,4.700000
2023.01.01 08:36,1.242000,1.242000,1.242000,1.242000,45.000000
2023.01.01 08:37,1.242000,1.244000,1.242000,1.243000,61013.800000
2023.01.01 08:38,1.243000,1.243000,1.242000,1.242000,3049.800000
2023.01.01 08:39,1.242000,1.242000,1.242000,1.242000,7.900000
2023.01.01 08:40,1.242000,1.242000,1.242000,1.242000,518.500000
2023.01.01 08:41,1.242000,1.242000,1.242000,1.242000,398.300000
2023.01.01 08:42,1.242000,1.243000,1.242000,1.243000,13319.100000
2023.01.01 08:43,1.243000,1.243000,1.243000,1.243000,200.000000
2023.01.01 08:44,1.243000,1.243000,1.243000,1.243000,14.000000
2023.01.01 08:45,1.243000,1.243000,1.243000,1.243000,119.800000
2023.01.01 08:46,1.243000,1.244000,1.243000,1.244000,5731.200000
2023.01.01 08:47,1.244000,1.244000,1.244000,1.244000,0.000000
2023.01.01 08:48,1.244000,1.244000,1.244000,1.244000,3748.300000
2023.01.01 08:49,1.244000,1.244000,1.244000,1.244000,4.600000
2023.01.01 08:50,1.244000,1.244000,1.244000,1.244000,4153.900000
2023.01.01 08:51,1.244000,1.245000,1.244000,1.245000,3454.800000
2023.01.01 08:52,1.245000,1.245000,1.244000,1.245000,3292.000000
2023.01.01 08:53,1.245000,1.245000,1.244000,1.244000,13159.300000
2023.01.01 08:54,1.244000,1.244000,1.244000,1.244000,0.600000
2023.01.01 08:55,1.244000,1.244000,1.243000,1.243000,31073.700000
2023.01.01 08:56,1.243000,1.243000,1.243000,1.243000,0.000000
2023.01.01 08:57,1.243000,1.244000,1.243000,1.244000,1089.500000
2023.01.01 08:58,1.244000,1.244000,1.244000,1.244000,642.700000
2023.01.01 08:59,1.244000,1.244000,1.244000,1.244000,840.900000
2023.01.01 09:00,1.244000,1.244000,1.243000,1.243000,1898.300000
2023.01.01 09:01,1.243000,1.244000,1.243000,1.244000,10.100000
2023.01.01 09:02,1.244000,1.244000,1.243000,1.243000,87.900000
2023.01.01 09:03,1.243000,1.243000,1.243000,1.243000,0.000000
2023.01.01 09:04,1.243000,1.244000,1.243000,1.244000,804.100000
2023.01.01 09:05,1.244000,1.244000,1.244000,1.244000,150000.000000
2023.01.01 09:06,1.244000,1.244000,1.244000,1.244000,0.000000
2023.01.01 09:07,1.244000,1.244000,1.244000,1.244000,1834.600000
2023.01.01 09:08,1.244000,1.245000,1.244000,1.245000,20481.600000
2023.01.01 09:09,1.245000,1.245000,1.245000,1.245000,0.700000
2023.01.01 09:10,1.245000,1.245000,1.245000,1.245000,909.700000
2023.01.01 09:11,1.245000,1.245000,1.244000,1.244000,13191.700000
2023.01.01 09:12,1.244000,1.244000,1.243000,1.243000,1175.600000
2023.01.01 09:13,1.243000,1.244000,1.243000,1.244000,0.600000
2023.01.01 09:14,1.244000,1.244000,1.244000,1.244000,10719.000000
2023.01.01 09:15,1.244000,1.245000,1.244000,1.245000,0.600000
2023.01.01 09:16,1.245000,1.245000,1.244000,1.245000,6253.000000
2023.01.01 09:17,1.245000,1.245000,1.245000,1.245000,0.000000
2023.01.01 09:18,1.245000,1.245000,1.245000,1.245000,0.000000
2023.01.01 09:19,1.245000,1.245000,1.244000,1.245000,727.700000
2023.01.01 09:20,1.245000,1.245000,1.243000,1.244000,3927.700000
2023.01.01 09:21,1.244000,1.244000,1.244000,1.244000,3889.400000
2023.01.01 09:22,1.244000,1.244000,1.244000,1.244000,10468.400000
2023.01.01 09:23,1.244000,1.244000,1.244000,1.244000,0.000000
2023.01.01 09:24,1.244000,1.244000,1.243000,1.243000,5657.600000
2023.01.01 09:25,1.243000,1.244000,1.243000,1.244000,25385.000000
2023.01.01 09:26,1.244000,1.244000,1.244000,1.244000,0.000000
2023.01.01 09:27,1.244000,1.244000,1.244000,1.244000,832.800000
2023.01.01 09:28,1.244000,1.244000,1.244000,1.244000,5947.500000
2023.01.01 09:29,1.244000,1.244000,1.244000,1.244000,0.000000
2023.01.01 09:30,1.244000,1.245000,1.244000,1.245000,194.500000
2023.01.01 09:31,1.245000,1.245000,1.245000,1.245000,0.000000
2023.01.01 09:32,1.245000,1.245000,1.244000,1.244000,2.000000
2023.01.01 09:33,1.244000,1.244000,1.244000,1.244000,1829.800000
2023.01.01 09:34,1.244000,1.244000,1.244000,1.244000,0.000000
2023.01.01 09:35,1.244000,1.244000,1.244000,1.244000,0.000000
2023.01.01 09:36,1.244000,1.244000,1.244000,1.244000,0.600000
2023.01.01 09:37,1.244000,1.244000,1.244000,1.244000,804.100000
2023.01.01 09:38,1.244000,1.244000,1.244000,1.244000,7187.500000
2023.01.01 09:39,1.244000,1.245000,1.243000,1.243000,239.100000
2023.01.01 09:40,1.243000,1.244000,1.243000,1.244000,3798.600000
2023.01.01 09:41,1.244000,1.245000,1.244000,1.245000,25317.100000
2023.01.01 09:42,1.245000,1.245000,1.245000,1.245000,0.000000
2023.01.01 09:43,1.245000,1.245000,1.245000,1.245000,0.000000
2023.01.01 09:44,1.245000,1.246000,1.245000,1.245000,7284.400000
2023.01.01 09:45,1.245000,1.245000,1.245000,1.245000,3677.500000
2023.01.01 09:46,1.245000,1.245000,1.245000,1.245000,9076.000000
2023.01.01 09:47,1.245000,1.245000,1.245000,1.245000,0.000000
2023.01.01 09:48,1.245000,1.246000,1.245000,1.246000,10647.900000
2023.01.01 09:49,1.246000,1.246000,1.246000,1.246000,154.500000
2023.01.01 09:50,1.246000,1.246000,1.245000,1.245000,3.100000
2023.01.01 09:51,1.245000,1.245000,1.245000,1.245000,5623.000000
2023.01.01 09:52,1.245000,1.245000,1.244000,1.245000,435.600000
2023.01.01 09:53,1.245000,1.245000,1.245000,1.245000,0.000000
2023.01.01 09:54,1.245000,1.245000,1.245000,1.245000,0.000000
2023.01.01 09:55,1.245000,1.245000,1.245000,1.245000,0.000000
2023.01.01 09:56,1.245000,1.245000,1.245000,1.245000,1496.700000
2023.01.01 09:57,1.245000,1.246000,1.245000,1.245000,7393.800000
2023.01.01 09:58,1.245000,1.245000,1.245000,1.245000,0.000000
2023.01.01 09:59,1.245000,1.245000,1.245000,1.245000,0.000000
2023.01.01 10:00,1.245000,1.246000,1.245000,1.246000,7440.600000
2023.01.01 10:01,1.246000,1.246000,1.246000,1.246000,0.000000
2023.01.01 10:02,1.246000,1.247000,1.246000,1.247000,7275.000000
2023.01.01 10:03,1.247000,1.247000,1.246000,1.246000,19082.800000
2023.01.01 10:04,1.246000,1.246000,1.246000,1.246000,500.000000
2023.01.01 10:05,1.246000,1.246000,1.244000,1.244000,6515.600000
2023.01.01 10:06,1.244000,1.244000,1.244000,1.244000,0.000000
2023.01.01 10:07,1.244000,1.245000,1.244000,1.245000,304.500000
2023.01.01 10:08,1.245000,1.246000,1.244000,1.246000,14702.400000
2023.01.01 10:09,1.246000,1.246000,1.245000,1.246000,18936.700000
2023.01.01 10:10,1.246000,1.246000,1.246000,1.246000,0.000000
2023.01.01 10:11,1.246000,1.246000,1.245000,1.245000,7370.300000
2023.01.01 10:12,1.245000,1.245000,1.244000,1.244000,4701.000000
2023.01.01 10:13,1.244000,1.244000,1.244000,1.244000,1779.000000
2023.01.01 10:14,1.244000,1.245000,1.244000,1.245000,379.000000
2023.01.01 10:15,1.245000,1.245000,1.244000,1.244000,2151.100000
2023.01.01 10:16,1.244000,1.244000,1.244000,1.244000,6008.700000
2023.01.01 10:17,1.244000,1.244000,1.242000,1.242000,5305.400000
2023.01.01 10:18,1.242000,1.243000,1.242000,1.243000,0.100000
2023.01.01 10:19,1.243000,1.243000,1.243000,1.243000,246.400000
2023.01.01 10:20,1.243000,1.243000,1.241000,1.242000,4801.400000
2023.01.01 10:21,1.242000,1.242000,1.242000,1.242000,96.500000
2023.01.01 10:22,1.242000,1.242000,1.242000,1.242000,0.000000
2023.01.01 10:23,1.242000,1.242000,1.242000,1.242000,0.000000
2023.01.01 10:24,1.242000,1.242000,1.242000,1.242000,5646.300000
2023.01.01 10:25,1.242000,1.242000,1.242000,1.242000,0.000000
2023.01.01 10:26,1.242000,1.242000,1.241000,1.242000,1293.300000
2023.01.01 10:27,1.242000,1.242000,1.242000,1.242000,79.500000
2023.01.01 10:28,1.242000,1.242000,1.242000,1.242000,655.300000
2023.01.01 10:29,1.242000,1.243000,1.242000,1.243000,6904.300000
2023.01.01 10:30,1.243000,1.243000,1.243000,1.243000,203.200000
2023.01.01 10:31,1.243000,1.243000,1.243000,1.243000,2057.300000
2023.01.01 10:32,1.243000,1.243000,1.243000,1.243000,10.000000
2023.01.01 10:33,1.243000,1.243000,1.243000,1.243000,945.200000
2023.01.01 10:34,1.243000,1.243000,1.243000,1.243000,0.000000
2023.01.01 10:35,1.243000,1.243000,1.243000,1.243000,4621.800000
2023.01.01 10:36,1.243000,1.243000,1.242000,1.242000,231.800000
2023.01.01 10:37,1.242000,1.242000,1.242000,1.242000,2585.900000
2023.01.01 10:38,1.242000,1.243000,1.242000,1.243000,562.100000
2023.01.01 10:39,1.243000,1.244000,1.243000,1.244000,1450.900000
2023.01.01 10:40,1.244000,1.244000,1.244000,1.244000,423.300000
2023.01.01 10:41,1.244000,1.244000,1.244000,1.244000,0.000000
2023.01.01 10:42,1.244000,1.244000,1.244000,1.244000,100.000000
2023.01.01 10:43,1.244000,1.244000,1.244000,1.244000,17.000000
2023.01.01 10:44,1.244000,1.244000,1.244000,1.244000,0.000000
2023.01.01 10:45,1.244000,1.244000,1.244000,1.244000,1117.200000
2023.01.01 10:46,1.244000,1.244000,1.244000,1.244000,0.000000
2023.01.01 10:47,1.244000,1.245000,1.244000,1.245000,9106.500000
2023.01.01 10:48,1.245000,1.245000,1.245000,1.245000,6702.000000
2023.01.01 10:49,1.245000,1.245000,1.245000,1.245000,347.300000
2023.01.01 10:50,1.245000,1.245000,1.244000,1.244000,716.900000
2023.01.01 10:51,1.244000,1.245000,1.244000,1.245000,1818.600000
2023.01.01 10:52,1.245000,1.245000,1.244000,1.244000,2882.200000
2023.01.01 10:53,1.244000,1.244000,1.244000,1.244000,393.800000
2023.01.01 10:54,1.244000,1.244000,1.244000,1.244000,628.400000
2023.01.01 10:55,1.244000,1.244000,1.244000,1.244000,32.800000
2023.01.01 10:56,1.244000,1.246000,1.243000,1.245000,14171.300000
2023.01.01 10:57,1.245000,1.246000,1.245000,1.246000,1086.400000
2023.01.01 10:58,1.246000,1.246000,1.246000,1.246000,124.500000
2023.01.01 10:59,1.246000,1.246000,1.246000,1.246000,0.000000
2023.01.01 11:00,1.246000,1.246000,1.245000,1.245000,10145.400000
2023.01.01 11:01,1.245000,1.245000,1.245000,1.245000,227.100000
2023.01.01 11:02,1.245000,1.245000,1.245000,1.245000,1079.700000
2023.01.01 11:03,1.245000,1.245000,1.245000,1.245000,0.000000
2023.01.01 11:04,1.245000,1.245000,1.245000,1.245000,0.000000
2023.01.01 11:05,1.245000,1.247000,1.245000,1.247000,9397.600000
2023.01.01 11:06,1.247000,1.247000,1.246000,1.246000,958.100000
2023.01.01 11:07,1.246000,1.247000,1.246000,1.247000,923.400000
2023.01.01 11:08,1.247000,1.247000,1.247000,1.247000,2413.000000
2023.01.01 11:09,1.247000,1.247000,1.246000,1.246000,75.600000
2023.01.01 11:10,1.246000,1.247000,1.246000,1.247000,396.200000
2023.01.01 11:11,1.247000,1.247000,1.247000,1.247000,44.000000
2023.01.01 11:12,1.247000,1.247000,1.247000,1.247000,0.000000
2023.01.01 11:13,1.247000,1.247000,1.247000,1.247000,195.800000
2023.01.01 11:14,1.247000,1.247000,1.246000,1.246000,2756.700000
2023.01.01 11:15,1.246000,1.246000,1.246000,1.246000,3687.200000
2023.01.01 11:16,1.246000,1.247000,1.246000,1.247000,3082.500000
2023.01.01 11:17,1.247000,1.247000,1.246000,1.246000,601.200000
2023.01.01 11:18,1.246000,1.246000,1.246000,1.246000,0.000000
2023.01.01 11:19,1.246000,1.248000,1.246000,1.248000,13462.100000
2023.01.01 11:20,1.248000,1.248000,1.248000,1.248000,0.000000
2023.01.01 11:21,1.248000,1.248000,1.247000,1.247000,1444.000000
2023.01.01 11:22,1.247000,1.247000,1.247000,1.247000,0.000000
2023.01.01 11:23,1.247000,1.247000,1.247000,1.247000,0.000000
2023.01.01 11:24,1.247000,1.248000,1.247000,1.248000,2289.100000
2023.01.01 11:25,1.248000,1.248000,1.247000,1.248000,1122.100000
2023.01.01 11:26,1.248000,1.248000,1.248000,1.248000,243.300000
2023.01.01 11:27,1.248000,1.248000,1.248000,1.248000,0.000000
2023.01.01 11:28,1.248000,1.248000,1.248000,1.248000,0.000000
2023.01.01 11:29,1.248000,1.248000,1.248000,1.248000,0.000000
2023.01.01 11:30,1.248000,1.248000,1.248000,1.248000,0.000000
2023.01.01 11:31,1.248000,1.248000,1.247000,1.247000,637.500000
2023.01.01 11:32,1.247000,1.247000,1.247000,1.247000,6256.000000
2023.01.01 11:33,1.247000,1.247000,1.247000,1.247000,0.000000
2023.01.01 11:34,1.247000,1.247000,1.246000,1.246000,10916.700000
2023.01.01 11:35,1.246000,1.247000,1.246000,1.246000,3040.700000
2023.01.01 11:36,1.246000,1.246000,1.245000,1.245000,410.900000
2023.01.01 11:37,1.245000,1.245000,1.245000,1.245000,10543.000000
2023.01.01 11:38,1.245000,1.245000,1.245000,1.245000,0.000000
2023.01.01 11:39,1.245000,1.245000,1.244000,1.244000,30476.400000
2023.01.01 11:40,1.244000,1.244000,1.244000,1.244000,160.700000
2023.01.01 11:41,1.244000,1.245000,1.244000,1.245000,1192.300000
2023.01.01 11:42,1.245000,1.245000,1.245000,1.245000,22.000000
2023.01.01 11:43,1.245000,1.245000,1.245000,1.245000,0.000000
2023.01.01 11:44,1.245000,1.245000,1.243000,1.244000,12863.400000
2023.01.01 11:45,1.244000,1.245000,1.244000,1.245000,40.600000
2023.01.01 11:46,1.245000,1.245000,1.245000,1.245000,0.000000
2023.01.01 11:47,1.245000,1.245000,1.245000,1.245000,0.000000
2023.01.01 11:48,1.245000,1.245000,1.244000,1.245000,1582.200000
2023.01.01 11:49,1.245000,1.245000,1.244000,1.244000,385.400000
2023.01.01 11:50,1.244000,1.245000,1.244000,1.245000,14084.200000
2023.01.01 11:51,1.245000,1.245000,1.245000,1.245000,0.000000
2023.01.01 11:52,1.245000,1.245000,1.244000,1.244000,4572.000000
2023.01.01 11:53,1.244000,1.244000,1.244000,1.244000,0.000000
2023.01.01 11:54,1.244000,1.244000,1.244000,1.244000,6656.500000
2023.01.01 11:55,1.244000,1.245000,1.244000,1.245000,567.200000
2023.01.01 11:56,1.245000,1.245000,1.244000,1.244000,100.000000
2023.01.01 11:57,1.244000,1.244000,1.243000,1.243000,33.500000
2023.01.01 11:58,1.243000,1.243000,1.243000,1.243000,12861.800000
2023.01.01 11:59,1.243000,1.243000,1.241000,1.243000,29121.600000
2023.01.01 12:00,1.243000,1.244000,1.243000,1.244000,5591.100000
2023.01.01 12:01,1.244000,1.244000,1.244000,1.244000,1150.800000
2023.01.01 12:02,1.244000,1.244000,1.244000,1.244000,530.600000
2023.01.01 12:03,1.244000,1.244000,1.243000,1.243000,7952.900000
2023.01.01 12:04,1.243000,1.243000,1.243000,1.243000,16.000000
2023.01.01 12:05,1.243000,1.243000,1.243000,1.243000,0.000000
2023.01.01 12:06,1.243000,1.243000,1.243000,1.243000,7.700000
2023.01.01 12:07,1.243000,1.243000,1.242000,1.242000,46.800000
2023.01.01 12:08,1.242000,1.242000,1.242000,1.242000,0.000000
2023.01.01 12:09,1.242000,1.244000,1.242000,1.244000,14954.000000
2023.01.01 12:10,1.244000,1.244000,1.243000,1.243000,23061.200000
2023.01.01 12:11,1.243000,1.243000,1.242000,1.243000,28426.500000
2023.01.01 12:12,1.243000,1.243000,1.242000,1.242000,3999.800000
2023.01.01 12:13,1.242000,1.242000,1.242000,1.242000,0.000000
2023.01.01 12:14,1.242000,1.244000,1.242000,1.244000,1010.600000
2023.01.01 12:15,1.244000,1.244000,1.243000,1.243000,21734.900000
2023.01.01 12:16,1.243000,1.244000,1.243000,1.244000,2.900000
2023.01.01 12:17,1.244000,1.246000,1.244000,1.246000,34431.300000
2023.01.01 12:18,1.246000,1.246000,1.245000,1.245000,5659.200000
2023.01.01 12:19,1.245000,1.245000,1.245000,1.245000,0.000000
2023.01.01 12:20,1.245000,1.245000,1.245000,1.245000,392.700000
2023.01.01 12:21,1.245000,1.245000,1.245000,1.245000,592.800000
2023.01.01 12:22,1.245000,1.246000,1.245000,1.246000,2990.300000
2023.01.01 12:23,1.246000,1.246000,1.246000,1.246000,1692.600000
2023.01.01 12:24,1.246000,1.246000,1.246000,1.246000,7535.700000
2023.01.01 12:25,1.246000,1.246000,1.246000,1.246000,0.000000
2023.01.01 12:26,1.246000,1.247000,1.246000,1.247000,4808.300000
2023.01.01 12:27,1.247000,1.247000,1.247000,1.247000,14066.800000
2023.01.01 12:28,1.247000,1.247000,1.247000,1.247000,0.000000
2023.01.01 12:29,1.247000,1.247000,1.247000,1.247000,0.000000
2023.01.01 12:30,1.247000,1.247000,1.247000,1.247000,48.800000
2023.01.01 12:31,1.247000,1.247000,1.247000,1.247000,0.000000
2023.01.01 12:32,1.247000,1.247000,1.247000,1.247000,337.300000
2023.01.01 12:33,1.247000,1.248000,1.247000,1.248000,9019.600000
2023.01.01 12:34,1.248000,1.248000,1.247000,1.247000,3125.500000
2023.01.01 12:35,1.247000,1.247000,1.247000,1.247000,61.300000
2023.01.01 12:36,1.247000,1.247000,1.247000,1.247000,0.000000
2023.01.01 12:37,1.247000,1.247000,1.247000,1.247000,0.000000
2023.01.01 12:38,1.247000,1.247000,1.247000,1.247000,0.000000
2023.01.01 12:39,1.247000,1.248000,1.247000,1.247000,1077.500000
2023.01.01 12:40,1.247000,1.248000,1.247000,1.248000,561.300000
2023.01.01 12:41,1.248000,1.248000,1.248000,1.248000,2180.200000
2023.01.01 12:42,1.248000,1.248000,1.248000,1.248000,0.000000
2023.01.01 12:43,1.248000,1.249000,1.248000,1.248000,8120.300000
2023.01.01 12:44,1.248000,1.249000,1.248000,1.249000,18.700000
2023.01.01 12:45,1.249000,1.249000,1.248000,1.248000,51.900000
2023.01.01 12:46,1.248000,1.248000,1.248000,1.248000,104.200000
2023.01.01 12:47,1.248000,1.248000,1.248000,1.248000,279.100000
2023.01.01 12:48,1.248000,1.249000,1.247000,1.247000,8263.100000
2023.01.01 12:49,1.247000,1.249000,1.247000,1.249000,518.800000
2023.01.01 12:50,1.249000,1.249000,1.249000,1.249000,3212.700000
2023.01.01 12:51,1.249000,1.249000,1.249000,1.249000,0.000000
2023.01.01 12:52,1.249000,1.249000,1.249000,1.249000,0.000000
2023.01.01 12:53,1.249000,1.249000,1.249000,1.249000,2.000000
2023.01.01 12:54,1.249000,1.250000,1.249000,1.250000,952.800000
2023.01.01 12:55,1.250000,1.250000,1.249000,1.249000,1625.400000
2023.01.01 12:56,1.249000,1.250000,1.249000,1.250000,113.300000
2023.01.01 12:57,1.250000,1.250000,1.250000,1.250000,0.000000
2023.01.01 12:58,1.250000,1.250000,1.250000,1.250000,10462.400000
2023.01.01 12:59,1.250000,1.251000,1.250000,1.251000,4791.700000
2023.01.01 13:00,1.251000,1.252000,1.250000,1.252000,16187.900000
2023.01.01 13:01,1.252000,1.252000,1.250000,1.251000,20577.400000
2023.01.01 13:02,1.251000,1.251000,1.251000,1.251000,591.800000
2023.01.01 13:03,1.251000,1.251000,1.251000,1.251000,0.000000
2023.01.01 13:04,1.251000,1.251000,1.250000,1.250000,112.100000
2023.01.01 13:05,1.250000,1.250000,1.249000,1.250000,14291.000000
2023.01.01 13:06,1.250000,1.250000,1.249000,1.249000,6031.000000
2023.01.01 13:07,1.249000,1.249000,1.249000,1.249000,0.000000
2023.01.01 13:08,1.249000,1.249000,1.249000,1.249000,0.000000
2023.01.01 13:09,1.249000,1.249000,1.249000,1.249000,0.000000
2023.01.01 13:10,1.249000,1.250000,1.249000,1.250000,310.700000
2023.01.01 13:11,1.250000,1.250000,1.250000,1.250000,0.000000
2023.01.01 13:12,1.250000,1.250000,1.250000,1.250000,0.000000
2023.01.01 13:13,1.250000,1.250000,1.250000,1.250000,0.000000
2023.01.01 13:14,1.250000,1.251000,1.250000,1.251000,10414.400000
2023.01.01 13:15,1.251000,1.251000,1.250000,1.250000,4.000000
2023.01.01 13:16,1.250000,1.251000,1.250000,1.251000,172.500000
2023.01.01 13:17,1.251000,1.251000,1.251000,1.251000,691.200000
2023.01.01 13:18,1.251000,1.251000,1.250000,1.250000,3762.500000
2023.01.01 13:19,1.250000,1.250000,1.250000,1.250000,0.000000
2023.01.01 13:20,1.250000,1.250000,1.250000,1.250000,2765.500000
2023.01.01 13:21,1.250000,1.250000,1.250000,1.250000,0.000000
2023.01.01 13:22,1.250000,1.251000,1.250000,1.251000,61.900000
2023.01.01 13:23,1.251000,1.251000,1.250000,1.250000,57.800000
2023.01.01 13:24,1.250000,1.251000,1.250000,1.251000,110.000000
2023.01.01 13:25,1.251000,1.251000,1.250000,1.250000,76.600000
2023.01.01 13:26,1.250000,1.250000,1.250000,1.250000,2332.600000
2023.01.01 13:27,1.250000,1.250000,1.250000,1.250000,512.500000
2023.01.01 13:28,1.250000,1.250000,1.250000,1.250000,480.300000
2023.01.01 13:29,1.250000,1.250000,1.250000,1.250000,0.000000
2023.01.01 13:30,1.250000,1.250000,1.250000,1.250000,0.000000
2023.01.01 13:31,1.250000,1.250000,1.249000,1.249000,4084.800000
2023.01.01 13:32,1.249000,1.249000,1.249000,1.249000,8.900000
2023.01.01 13:33,1.249000,1.249000,1.248000,1.249000,691.300000
2023.01.01 13:34,1.249000,1.249000,1.248000,1.248000,1485.400000
2023.01.01 13:35,1.248000,1.248000,1.247000,1.247000,7461.700000
2023.01.01 13:36,1.247000,1.248000,1.247000,1.247000,621.400000
2023.01.01 13:37,1.247000,1.248000,1.247000,1.248000,3980.300000
2023.01.01 13:38,1.248000,1.248000,1.248000,1.248000,0.000000
2023.01.01 13:39,1.248000,1.249000,1.248000,1.249000,211.700000
2023.01.01 13:40,1.249000,1.249000,1.249000,1.249000,100.000000
2023.01.01 13:41,1.249000,1.249000,1.249000,1.249000,0.000000
2023.01.01 13:42,1.249000,1.249000,1.249000,1.249000,60.000000
2023.01.01 13:43,1.249000,1.249000,1.249000,1.249000,314.000000
2023.01.01 13:44,1.249000,1.249000,1.248000,1.248000,5947.300000
2023.01.01 13:45,1.248000,1.248000,1.247000,1.247000,1302.600000
2023.01.01 13:46,1.247000,1.248000,1.247000,1.248000,321.900000
2023.01.01 13:47,1.248000,1.248000,1.248000,1.248000,0.000000
2023.01.01 13:48,1.248000,1.249000,1.248000,1.249000,6652.000000
2023.01.01 13:49,1.249000,1.249000,1.249000,1.249000,0.000000
2023.01.01 13:50,1.249000,1.249000,1.249000,1.249000,234.700000
2023.01.01 13:51,1.249000,1.249000,1.249000,1.249000,0.000000
2023.01.01 13:52,1.249000,1.249000,1.249000,1.249000,0.000000
2023.01.01 13:53,1.249000,1.249000,1.248000,1.248000,1248.100000
2023.01.01 13:54,1.248000,1.248000,1.248000,1.248000,0.000000
2023.01.01 13:55,1.248000,1.249000,1.248000,1.249000,3.700000
2023.01.01 13:56,1.249000,1.249000,1.249000,1.249000,0.000000
2023.01.01 13:57,1.249000,1.249000,1.248000,1.248000,309.300000
2023.01.01 13:58,1.248000,1.248000,1.248000,1.248000,0.000000
2023.01.01 13:59,1.248000,1.250000,1.248000,1.250000,12838.200000
2023.01.01 14:00,1.250000,1.250000,1.249000,1.250000,5245.700000
2023.01.01 14:01,1.250000,1.252000,1.250000,1.250000,15068.500000
2023.01.01 14:02,1.250000,1.251000,1.250000,1.251000,216.300000
2023.01.01 14:03,1.251000,1.251000,1.251000,1.251000,371.300000
2023.01.01 14:04,1.251000,1.251000,1.251000,1.251000,26.100000
2023.01.01 14:05,1.251000,1.251000,1.251000,1.251000,1340.600000
2023.01.01 14:06,1.251000,1.253000,1.251000,1.253000,29163.000000
2023.01.01 14:07,1.253000,1.253000,1.252000,1.252000,1069.300000
2023.01.01 14:08,1.252000,1.252000,1.251000,1.251000,2254.900000
2023.01.01 14:09,1.251000,1.253000,1.251000,1.252000,1018.900000
2023.01.01 14:10,1.252000,1.253000,1.252000,1.253000,896.100000
2023.01.01 14:11,1.253000,1.253000,1.252000,1.252000,4267.300000
2023.01.01 14:12,1.252000,1.253000,1.252000,1.253000,3072.300000
2023.01.01 14:13,1.253000,1.253000,1.252000,1.252000,6051.900000
2023.01.01 14:14,1.252000,1.253000,1.252000,1.253000,2400.000000
2023.01.01 14:15,1.253000,1.253000,1.252000,1.252000,4141.300000
2023.01.01 14:16,1.252000,1.252000,1.251000,1.251000,128.200000
2023.01.01 14:17,1.251000,1.252000,1.251000,1.251000,29.300000
2023.01.01 14:18,1.251000,1.251000,1.251000,1.251000,0.000000
2023.01.01 14:19,1.251000,1.252000,1.251000,1.252000,532.300000
2023.01.01 14:20,1.252000,1.252000,1.251000,1.251000,2715.400000
2023.01.01 14:21,1.251000,1.252000,1.251000,1.252000,1385.200000
2023.01.01 14:22,1.252000,1.253000,1.252000,1.253000,1528.900000
2023.01.01 14:23,1.253000,1.253000,1.252000,1.252000,10.500000
2023.01.01 14:24,1.252000,1.252000,1.252000,1.252000,20.000000
2023.01.01 14:25,1.252000,1.252000,1.252000,1.252000,3.500000
2023.01.01 14:26,1.252000,1.253000,1.251000,1.252000,689.900000
2023.01.01 14:27,1.252000,1.252000,1.252000,1.252000,0.000000
2023.01.01 14:28,1.252000,1.252000,1.252000,1.252000,2392.300000
2023.01.01 14:29,1.252000,1.252000,1.251000,1.251000,10207.800000
2023.01.01 14:30,1.251000,1.252000,1.250000,1.251000,12144.700000
2023.01.01 14:31,1.251000,1.252000,1.251000,1.252000,3809.200000
2023.01.01 14:32,1.252000,1.252000,1.252000,1.252000,7.900000
2023.01.01 14:33,1.252000,1.252000,1.251000,1.251000,3793.900000
2023.01.01 14:34,1.251000,1.251000,1.251000,1.251000,0.000000
2023.01.01 14:35,1.251000,1.253000,1.251000,1.253000,5247.900000
2023.01.01 14:36,1.253000,1.253000,1.251000,1.251000,10124.700000
2023.01.01 14:37,1.251000,1.251000,1.251000,1.251000,0.000000
2023.01.01 14:38,1.251000,1.253000,1.251000,1.253000,334.500000
2023.01.01 14:39,1.253000,1.253000,1.252000,1.252000,6.800000
2023.01.01 14:40,1.252000,1.253000,1.252000,1.253000,224.800000
2023.01.01 14:41,1.253000,1.253000,1.252000,1.252000,1300.300000
2023.01.01 14:42,1.252000,1.252000,1.252000,1.252000,0.000000
2023.01.01 14:43,1.252000,1.252000,1.252000,1.252000,0.000000
2023.01.01 14:44,1.252000,1.252000,1.251000,1.251000,955.100000
2023.01.01 14:45,1.251000,1.251000,1.251000,1.251000,0.000000
2023.01.01 14:46,1.251000,1.252000,1.251000,1.252000,7540.600000
2023.01.01 14:47,1.252000,1.252000,1.252000,1.252000,0.000000
2023.01.01 14:48,1.252000,1.252000,1.252000,1.252000,2022.800000
2023.01.01 14:49,1.252000,1.252000,1.252000,1.252000,958.400000
2023.01.01 14:50,1.252000,1.252000,1.251000,1.251000,10.100000
2023.01.01 14:51,1.251000,1.252000,1.251000,1.251000,3221.100000
2023.01.01 14:52,1.251000,1.252000,1.251000,1.251000,112.000000
2023.01.01 14:53,1.251000,1.251000,1.251000,1.251000,0.000000
2023.01.01 14:54,1.251000,1.252000,1.251000,1.252000,1544.100000
2023.01.01 14:55,1.252000,1.253000,1.252000,1.252000,764.400000
2023.01.01 14:56,1.252000,1.253000,1.252000,1.253000,565.000000
2023.01.01 14:57,1.253000,1.253000,1.252000,1.252000,1236.100000
2023.01.01 14:58,1.252000,1.252000,1.252000,1.252000,0.000000
2023.01.01 14:59,1.252000,1.252000,1.252000,1.252000,40.100000
2023.01.01 15:00,1.252000,1.254000,1.252000,1.254000,6614.400000
2023.01.01 15:01,1.254000,1.254000,1.254000,1.254000,5202.800000
2023.01.01 15:02,1.254000,1.254000,1.254000,1.254000,4744.100000
2023.01.01 15:03,1.254000,1.254000,1.254000,1.254000,5633.800000
2023.01.01 15:04,1.254000,1.255000,1.254000,1.255000,719.900000
2023.01.01 15:05,1.255000,1.255000,1.253000,1.253000,6953.400000
2023.01.01 15:06,1.253000,1.253000,1.253000,1.253000,54058.100000
2023.01.01 15:07,1.253000,1.253000,1.253000,1.253000,2.000000
2023.01.01 15:08,1.253000,1.253000,1.253000,1.253000,0.000000
2023.01.01 15:09,1.253000,1.254000,1.253000,1.254000,5695.700000
2023.01.01 15:10,1.254000,1.254000,1.252000,1.252000,2905.400000
2023.01.01 15:11,1.252000,1.252000,1.252000,1.252000,0.000000
2023.01.01 15:12,1.252000,1.253000,1.252000,1.253000,2938.700000
2023.01.01 15:13,1.253000,1.254000,1.253000,1.254000,2753.500000
2023.01.01 15:14,1.254000,1.254000,1.254000,1.254000,26254.400000
2023.01.01 15:15,1.254000,1.255000,1.254000,1.255000,12256.500000
2023.01.01 15:16,1.255000,1.256000,1.255000,1.255000,2431.800000
2023.01.01 15:17,1.255000,1.255000,1.255000,1.255000,2.300000
2023.01.01 15:18,1.255000,1.256000,1.255000,1.256000,58613.400000
2023.01.01 15:19,1.256000,1.256000,1.255000,1.255000,0.200000
2023.01.01 15:20,1.255000,1.255000,1.255000,1.255000,76.700000
2023.01.01 15:21,1.255000,1.256000,1.255000,1.256000,7209.400000
2023.01.01 15:22,1.256000,1.256000,1.256000,1.256000,2069.300000
2023.01.01 15:23,1.256000,1.258000,1.256000,1.257000,42872.800000
2023.01.01 15:24,1.257000,1.257000,1.257000,1.257000,0.000000
2023.01.01 15:25,1.257000,1.258000,1.257000,1.258000,0.500000
2023.01.01 15:26,1.258000,1.258000,1.257000,1.258000,100.700000
2023.01.01 15:27,1.258000,1.258000,1.257000,1.258000,233.900000
2023.01.01 15:28,1.258000,1.259000,1.256000,1.259000,4993.700000
2023.01.01 15:29,1.259000,1.259000,1.258000,1.259000,105.000000
2023.01.01 15:30,1.259000,1.259000,1.258000,1.258000,7985.400000
2023.01.01 15:31,1.258000,1.259000,1.258000,1.259000,9183.400000
2023.01.01 15:32,1.259000,1.259000,1.257000,1.257000,502.200000
2023.01.01 15:33,1.257000,1.257000,1.256000,1.256000,8140.000000
2023.01.01 15:34,1.256000,1.257000,1.256000,1.257000,1006.000000
2023.01.01 15:35,1.257000,1.257000,1.257000,1.257000,0.200000
2023.01.01 15:36,1.257000,1.258000,1.257000,1.258000,354.600000
2023.01.01 15:37,1.258000,1.258000,1.258000,1.258000,0.000000
2023.01.01 15:38,1.258000,1.258000,1.257000,1.258000,24013.400000
2023.01.01 15:39,1.258000,1.258000,1.257000,1.257000,170.300000
2023.01.01 15:40,1.257000,1.257000,1.257000,1.257000,200.000000
2023.01.01 15:41,1.257000,1.257000,1.257000,1.257000,10320.600000
2023.01.01 15:42,1.257000,1.257000,1.257000,1.257000,12.200000
2023.01.01 15:43,1.257000,1.257000,1.257000,1.257000,0.200000
2023.01.01 15:44,1.257000,1.258000,1.257000,1.258000,201.300000
2023.01.01 15:45,1.258000,1.258000,1.258000,1.258000,9794.300000
2023.01.01 15:46,1.258000,1.258000,1.258000,1.258000,0.000000
2023.01.01 15:47,1.258000,1.258000,1.258000,1.258000,0.000000
2023.01.01 15:48,1.258000,1.258000,1.258000,1.258000,0.000000
2023.01.01 15:49,1.258000,1.258000,1.258000,1.258000,0.000000
2023.01.01 15:50,1.258000,1.258000,1.258000,1.258000,12161.300000
2023.01.01 15:51,1.258000,1.258000,1.258000,1.258000,191.500000
2023.01.01 15:52,1.258000,1.259000,1.258000,1.258000,3926.700000
2023.01.01 15:53,1.258000,1.259000,1.258000,1.259000,15141.200000
2023.01.01 15:54,1.259000,1.259000,1.259000,1.259000,148.300000
2023.01.01 15:55,1.259000,1.259000,1.257000,1.258000,10081.700000
2023.01.01 15:56,1.258000,1.258000,1.258000,1.258000,0.000000
2023.01.01 15:57,1.258000,1.258000,1.258000,1.258000,0.000000
2023.01.01 15:58,1.258000,1.258000,1.258000,1.258000,2.000000
2023.01.01 15:59,1.258000,1.258000,1.258000,1.258000,0.000000
2023.01.01 16:00,1.258000,1.260000,1.258000,1.259000,14427.700000
2023.01.01 16:01,1.259000,1.259000,1.258000,1.259000,5137.200000
2023.01.01 16:02,1.259000,1.259000,1.259000,1.259000,0.000000
2023.01.01 16:03,1.259000,1.259000,1.258000,1.258000,5.400000
2023.01.01 16:04,1.258000,1.259000,1.258000,1.259000,7291.000000
2023.01.01 16:05,1.259000,1.260000,1.259000,1.260000,114.500000
2023.01.01 16:06,1.260000,1.260000,1.258000,1.258000,1000.000000
2023.01.01 16:07,1.258000,1.258000,1.258000,1.258000,150.900000
2023.01.01 16:08,1.258000,1.258000,1.258000,1.258000,0.000000
2023.01.01 16:09,1.258000,1.259000,1.258000,1.258000,2330.000000
2023.01.01 16:10,1.258000,1.259000,1.258000,1.259000,431.800000
2023.01.01 16:11,1.259000,1.259000,1.258000,1.258000,1689.100000
2023.01.01 16:12,1.258000,1.258000,1.258000,1.258000,0.000000
2023.01.01 16:13,1.258000,1.258000,1.258000,1.258000,6911.700000
2023.01.01 16:14,1.258000,1.258000,1.256000,1.256000,10552.600000
2023.01.01 16:15,1.256000,1.258000,1.256000,1.258000,4458.300000
2023.01.01 16:16,1.258000,1.258000,1.258000,1.258000,0.000000
2023.01.01 16:17,1.258000,1.258000,1.257000,1.257000,3719.400000
2023.01.01 16:18,1.257000,1.257000,1.254000,1.255000,33499.800000
2023.01.01 16:19,1.255000,1.255000,1.255000,1.255000,0.000000
2023.01.01 16:20,1.255000,1.255000,1.253000,1.255000,68162.800000
2023.01.01 16:21,1.255000,1.255000,1.254000,1.254000,12497.200000
2023.01.01 16:22,1.254000,1.254000,1.254000,1.254000,0.000000
2023.01.01 16:23,1.254000,1.255000,1.254000,1.255000,253.600000
2023.01.01 16:24,1.255000,1.255000,1.254000,1.254000,40.000000
2023.01.01 16:25,1.254000,1.255000,1.254000,1.255000,3903.000000
2023.01.01 16:26,1.255000,1.255000,1.254000,1.255000,13158.400000
2023.01.01 16:27,1.255000,1.255000,1.254000,1.254000,130.100000
2023.01.01 16:28,1.254000,1.254000,1.254000,1.254000,0.000000
2023.01.01 16:29,1.254000,1.254000,1.254000,1.254000,0.000000
2023.01.01 16:30,1.254000,1.256000,1.254000,1.256000,2202.200000
2023.01.01 16:31,1.256000,1.257000,1.256000,1.257000,8663.800000
2023.01.01 16:32,1.257000,1.257000,1.255000,1.256000,1098.300000
2023.01.01 16:33,1.256000,1.256000,1.256000,1.256000,0.000000
2023.01.01 16:34,1.256000,1.256000,1.253000,1.253000,5133.600000
2023.01.01 16:35,1.253000,1.254000,1.253000,1.253000,988.900000
2023.01.01 16:36,1.253000,1.254000,1.252000,1.253000,6474.500000
2023.01.01 16:37,1.253000,1.254000,1.253000,1.254000,8751.600000
2023.01.01 16:38,1.254000,1.254000,1.252000,1.252000,973.700000
2023.01.01 16:39,1.252000,1.252000,1.252000,1.252000,0.000000
