2023.01.01 00:00,0.385500,0.386000,0.385400,0.385500,8985.000000
2023.01.01 00:05,0.385500,0.386200,0.385500,0.385700,79931.000000
2023.01.01 00:10,0.385700,0.386600,0.385700,0.386200,4482.000000
2023.01.01 00:15,0.386200,0.386600,0.385800,0.385900,26646.000000
2023.01.01 00:20,0.385900,0.386000,0.385300,0.385500,13536.000000
2023.01.01 00:25,0.385500,0.385500,0.385000,0.385300,43702.000000
2023.01.01 00:30,0.385300,0.385300,0.384700,0.384700,31699.000000
2023.01.01 00:35,0.384700,0.385000,0.384100,0.385000,253547.000000
2023.01.01 00:40,0.385000,0.385000,0.383700,0.383800,187968.000000
2023.01.01 00:45,0.383800,0.384200,0.383600,0.383900,28876.000000
2023.01.01 00:50,0.383900,0.383900,0.383100,0.383100,129363.000000
2023.01.01 00:55,0.383100,0.383600,0.383100,0.383200,8617.000000
2023.01.01 01:00,0.383200,0.383500,0.382700,0.383300,261697.000000
2023.01.01 01:05,0.383300,0.383400,0.382600,0.383400,84142.000000
2023.01.01 01:10,0.383400,0.384100,0.383300,0.384100,205756.000000
2023.01.01 01:15,0.384100,0.384600,0.382400,0.382400,281671.000000
2023.01.01 01:20,0.382400,0.382500,0.381700,0.381900,246408.000000
2023.01.01 01:25,0.381900,0.382600,0.381800,0.382600,111378.000000
2023.01.01 01:30,0.382600,0.382600,0.381700,0.381700,59151.000000
2023.01.01 01:35,0.381700,0.381800,0.379900,0.380700,361861.000000
2023.01.01 01:40,0.380700,0.381400,0.380500,0.381100,69908.000000
2023.01.01 01:45,0.381100,0.381200,0.380700,0.380800,17681.000000
2023.01.01 01:50,0.380800,0.381200,0.378800,0.380900,464723.000000
2023.01.01 01:55,0.380900,0.380900,0.380300,0.380500,49300.000000
2023.01.01 02:00,0.380500,0.380500,0.378900,0.379300,195384.000000
2023.01.01 02:05,0.379300,0.379400,0.378100,0.378600,301361.000000
2023.01.01 02:10,0.378600,0.380100,0.377700,0.380100,436415.000000
2023.01.01 02:15,0.380100,0.381000,0.379800,0.381000,135061.000000
2023.01.01 02:20,0.381000,0.381000,0.380600,0.380900,130304.000000
2023.01.01 02:25,0.380900,0.381300,0.380300,0.381200,97459.000000
2023.01.01 02:30,0.381200,0.381700,0.380800,0.381700,56214.000000
2023.01.01 02:35,0.381700,0.382300,0.381700,0.382000,140772.000000
2023.01.01 02:40,0.382000,0.382700,0.382000,0.382200,94864.000000
2023.01.01 02:45,0.382200,0.382800,0.381900,0.382400,78493.000000
2023.01.01 02:50,0.382400,0.382500,0.381700,0.382500,33513.000000
2023.01.01 02:55,0.382500,0.382600,0.382000,0.382600,71696.000000
2023.01.01 03:00,0.382600,0.382900,0.381300,0.381800,149677.000000
2023.01.01 03:05,0.381800,0.382100,0.380600,0.380600,65615.000000
2023.01.01 03:10,0.380600,0.381100,0.380500,0.380500,38221.000000
2023.01.01 03:15,0.380500,0.380600,0.379800,0.380600,66494.000000
2023.01.01 03:20,0.380600,0.381200,0.380500,0.380800,17262.000000
2023.01.01 03:25,0.380800,0.381500,0.380800,0.381200,55177.000000
2023.01.01 03:30,0.381200,0.381500,0.380200,0.380400,114026.000000
2023.01.01 03:35,0.380400,0.380400,0.378900,0.379900,202097.000000
2023.01.01 03:40,0.379900,0.379900,0.379000,0.379200,90688.000000
2023.01.01 03:45,0.379200,0.379800,0.378700,0.379500,102769.000000
2023.01.01 03:50,0.379500,0.379800,0.379400,0.379700,20011.000000
2023.01.01 03:55,0.379700,0.379800,0.379400,0.379500,108223.000000
2023.01.01 04:00,0.379500,0.379700,0.378900,0.378900,95730.000000
2023.01.01 04:05,0.378900,0.379400,0.378800,0.379400,126939.000000
2023.01.01 04:10,0.379400,0.380500,0.379400,0.380200,28272.000000
2023.01.01 04:15,0.380200,0.382900,0.379600,0.382800,2073257.000000
2023.01.01 04:20,0.382800,0.384800,0.378800,0.381500,6152832.000000
2023.01.01 04:25,0.381500,0.381600,0.380900,0.380900,129309.000000
2023.01.01 04:30,0.380900,0.380900,0.379500,0.380700,1968541.000000
2023.01.01 04:35,0.380700,0.382300,0.379200,0.379600,3066588.000000
2023.01.01 04:40,0.379600,0.380200,0.379500,0.379600,46688.000000
2023.01.01 04:45,0.379600,0.379700,0.379200,0.379200,43893.000000
2023.01.01 04:50,0.379200,0.379300,0.378300,0.379000,159931.000000
2023.01.01 04:55,0.379000,0.380200,0.379000,0.379400,86304.000000
2023.01.01 05:00,0.379400,0.379500,0.378600,0.378700,50864.000000
2023.01.01 05:05,0.378700,0.379400,0.378700,0.379000,119904.000000
2023.01.01 05:10,0.379000,0.380200,0.379000,0.380200,75948.000000
2023.01.01 05:15,0.380200,0.380500,0.379700,0.379800,120493.000000
2023.01.01 05:20,0.379800,0.380600,0.379800,0.380500,50204.000000
2023.01.01 05:25,0.380500,0.382900,0.379600,0.380600,1710611.000000
2023.01.01 05:30,0.380600,0.382100,0.379000,0.381800,3002249.000000
2023.01.01 05:35,0.381800,0.382200,0.380600,0.380600,170001.000000
2023.01.01 05:40,0.380600,0.380900,0.380500,0.380600,84910.000000
2023.01.01 05:45,0.380600,0.380800,0.380200,0.380400,125903.000000
2023.01.01 05:50,0.380400,0.380500,0.380200,0.380200,76432.000000
2023.01.01 05:55,0.380200,0.380400,0.380100,0.380400,5897.000000
2023.01.01 06:00,0.380400,0.380400,0.379300,0.379600,277298.000000
2023.01.01 06:05,0.379600,0.379700,0.379500,0.379700,9982.000000
2023.01.01 06:10,0.379700,0.379700,0.379200,0.379200,32815.000000
2023.01.01 06:15,0.379200,0.379300,0.378700,0.378900,70111.000000
2023.01.01 06:20,0.378900,0.379600,0.378900,0.379300,56184.000000
2023.01.01 06:25,0.379300,0.379400,0.378900,0.379400,14786.000000
2023.01.01 06:30,0.379400,0.379800,0.379300,0.379800,36511.000000
2023.01.01 06:35,0.379800,0.380000,0.379500,0.379800,197786.000000
2023.01.01 06:40,0.379800,0.379900,0.379300,0.379600,52037.000000
2023.01.01 06:45,0.379600,0.380400,0.379500,0.379500,74416.000000
2023.01.01 06:50,0.379500,0.379700,0.379100,0.379700,84034.000000
2023.01.01 06:55,0.379700,0.380000,0.379600,0.379600,19169.000000
2023.01.01 07:00,0.379600,0.379700,0.379200,0.379600,132309.000000
2023.01.01 07:05,0.379600,0.379700,0.378700,0.378800,117699.000000
2023.01.01 07:10,0.378800,0.379000,0.378400,0.378600,61781.000000
2023.01.01 07:15,0.378600,0.379300,0.378400,0.378700,243347.000000
2023.01.01 07:20,0.378700,0.378700,0.378100,0.378500,46409.000000
2023.01.01 07:25,0.378500,0.379100,0.378500,0.378800,32419.000000
2023.01.01 07:30,0.378800,0.379000,0.378600,0.378700,15572.000000
2023.01.01 07:35,0.378700,0.379000,0.378700,0.378900,81.000000
2023.01.01 07:40,0.378900,0.379000,0.377800,0.377900,96075.000000
2023.01.01 07:45,0.377900,0.377900,0.376700,0.376900,477417.000000
2023.01.01 07:50,0.376900,0.377900,0.376700,0.377500,244795.000000
2023.01.01 07:55,0.377500,0.377500,0.375200,0.376800,468510.000000
2023.01.01 08:00,0.376800,0.377400,0.376100,0.377000,298237.000000
2023.01.01 08:05,0.377000,0.377100,0.376600,0.376700,78286.000000
2023.01.01 08:10,0.376700,0.376800,0.376400,0.376400,86166.000000
2023.01.01 08:15,0.376400,0.376700,0.375600,0.376200,339045.000000
2023.01.01 08:20,0.376200,0.376200,0.375100,0.376000,131798.000000
2023.01.01 08:25,0.376000,0.376900,0.376000,0.376800,27229.000000
2023.01.01 08:30,0.376800,0.377200,0.376800,0.377100,50856.000000
2023.01.01 08:35,0.377100,0.377700,0.376900,0.376900,152138.000000
2023.01.01 08:40,0.376900,0.377000,0.376500,0.376800,18436.000000
2023.01.01 08:45,0.376800,0.377800,0.376800,0.377500,126383.000000
2023.01.01 08:50,0.377500,0.377900,0.377500,0.377600,68424.000000
2023.01.01 08:55,0.377600,0.377700,0.377400,0.377500,26426.000000
2023.01.01 09:00,0.377500,0.378600,0.377500,0.378500,261439.000000
2023.01.01 09:05,0.378500,0.378700,0.378300,0.378600,13840.000000
2023.01.01 09:10,0.378600,0.378900,0.378500,0.378800,35761.000000
2023.01.01 09:15,0.378800,0.380400,0.378800,0.380100,440259.000000
2023.01.01 09:20,0.380100,0.380100,0.379400,0.379400,35432.000000
2023.01.01 09:25,0.379400,0.380600,0.379400,0.379900,126260.000000
2023.01.01 09:30,0.379900,0.380600,0.379500,0.379500,104668.000000
2023.01.01 09:35,0.379500,0.379900,0.379300,0.379300,15955.000000
2023.01.01 09:40,0.379300,0.380100,0.379300,0.379900,49225.000000
2023.01.01 09:45,0.379900,0.379900,0.379400,0.379400,24038.000000
2023.01.01 09:50,0.379400,0.379500,0.379200,0.379300,44502.000000
2023.01.01 09:55,0.379300,0.379800,0.379100,0.379800,139392.000000
2023.01.01 10:00,0.379800,0.380600,0.379700,0.379700,137073.000000
2023.01.01 10:05,0.379700,0.379800,0.379000,0.379800,448636.000000
2023.01.01 10:10,0.379800,0.379800,0.378900,0.379200,30646.000000
2023.01.01 10:15,0.379200,0.379300,0.378400,0.378400,151365.000000
2023.01.01 10:20,0.378400,0.378500,0.378100,0.378100,38273.000000
2023.01.01 10:25,0.378100,0.378300,0.378000,0.378100,116530.000000
2023.01.01 10:30,0.378100,0.378600,0.378100,0.378400,18742.000000
2023.01.01 10:35,0.378400,0.378900,0.378300,0.378900,19281.000000
2023.01.01 10:40,0.378900,0.379400,0.378900,0.379300,62984.000000
2023.01.01 10:45,0.379300,0.379400,0.378700,0.378700,16293.000000
2023.01.01 10:50,0.378700,0.379100,0.378700,0.378900,24.000000
2023.01.01 10:55,0.378900,0.379600,0.378800,0.378900,188484.000000
2023.01.01 11:00,0.378900,0.379700,0.378600,0.379700,101380.000000
2023.01.01 11:05,0.379700,0.380000,0.379100,0.379200,55415.000000
2023.01.01 11:10,0.379200,0.379600,0.378800,0.378800,77418.000000
2023.01.01 11:15,0.378800,0.379800,0.378800,0.379700,10383.000000
2023.01.01 11:20,0.379700,0.380200,0.379600,0.380200,59509.000000
2023.01.01 11:25,0.380200,0.380800,0.380000,0.380700,22128.000000
2023.01.01 11:30,0.380700,0.380700,0.379800,0.379900,62243.000000
2023.01.01 11:35,0.379900,0.380000,0.379500,0.379700,113176.000000
2023.01.01 11:40,0.379700,0.380000,0.379500,0.379900,77098.000000
2023.01.01 11:45,0.379900,0.380300,0.379900,0.380000,135735.000000
2023.01.01 11:50,0.380000,0.380100,0.379000,0.379600,77667.000000
2023.01.01 11:55,0.379600,0.379600,0.378900,0.378900,3754.000000
2023.01.01 12:00,0.378900,0.379400,0.378600,0.378600,72083.000000
2023.01.01 12:05,0.378600,0.379000,0.378500,0.378700,46152.000000
2023.01.01 12:10,0.378700,0.379000,0.378500,0.378800,14038.000000
2023.01.01 12:15,0.378800,0.379200,0.378800,0.379000,8832.000000
2023.01.01 12:20,0.379000,0.380000,0.379000,0.379700,11895.000000
2023.01.01 12:25,0.379700,0.380300,0.379100,0.379200,91992.000000
2023.01.01 12:30,0.379200,0.379800,0.379200,0.379800,21362.000000
2023.01.01 12:35,0.379800,0.380400,0.379800,0.380300,7807.000000
2023.01.01 12:40,0.380300,0.380600,0.380100,0.380600,12651.000000
2023.01.01 12:45,0.380600,0.380600,0.380200,0.380300,8648.000000
2023.01.01 12:50,0.380300,0.380700,0.380300,0.380500,33360.000000
2023.01.01 12:55,0.380500,0.381200,0.380500,0.381100,56990.000000
2023.01.01 13:00,0.381100,0.382000,0.381100,0.381200,161104.000000
2023.01.01 13:05,0.381200,0.381400,0.381000,0.381400,3123.000000
2023.01.01 13:10,0.381400,0.381800,0.381300,0.381800,3255.000000
2023.01.01 13:15,0.381800,0.382500,0.381800,0.382100,119956.000000
2023.01.01 13:20,0.382100,0.382400,0.381900,0.382300,33290.000000
2023.01.01 13:25,0.382300,0.382400,0.382100,0.382100,48701.000000
2023.01.01 13:30,0.382100,0.382200,0.381300,0.381400,78477.000000
2023.01.01 13:35,0.381400,0.382100,0.381400,0.382000,14015.000000
2023.01.01 13:40,0.382000,0.382200,0.381200,0.381200,51191.000000
2023.01.01 13:45,0.381200,0.382000,0.381200,0.381700,24524.000000
2023.01.01 13:50,0.381700,0.381700,0.381500,0.381600,10241.000000
2023.01.01 13:55,0.381600,0.381800,0.381200,0.381800,20272.000000
2023.01.01 14:00,0.381800,0.382800,0.381800,0.382600,73837.000000
2023.01.01 14:05,0.382600,0.383400,0.382600,0.383300,168797.000000
2023.01.01 14:10,0.383300,0.383300,0.382900,0.382900,1063.000000
2023.01.01 14:15,0.382900,0.383000,0.382400,0.382800,42269.000000
2023.01.01 14:20,0.382800,0.383500,0.382700,0.383200,16914.000000
2023.01.01 14:25,0.383200,0.383200,0.382900,0.382900,27777.000000
2023.01.01 14:30,0.382900,0.383100,0.382800,0.383000,4676.000000
2023.01.01 14:35,0.383000,0.383300,0.382800,0.382900,54403.000000
2023.01.01 14:40,0.382900,0.383400,0.382900,0.383300,108596.000000
2023.01.01 14:45,0.383300,0.383400,0.382800,0.382800,21868.000000
2023.01.01 14:50,0.382800,0.383100,0.382800,0.383100,15055.000000
2023.01.01 14:55,0.383100,0.383500,0.383000,0.383400,27073.000000
2023.01.01 15:00,0.383400,0.384100,0.383400,0.383700,122184.000000
2023.01.01 15:05,0.383700,0.384000,0.383400,0.384000,31372.000000
2023.01.01 15:10,0.384000,0.384200,0.383400,0.384000,104176.000000
2023.01.01 15:15,0.384000,0.384300,0.383700,0.384200,227832.000000
2023.01.01 15:20,0.384200,0.384300,0.384100,0.384200,8630.000000
2023.01.01 15:25,0.384200,0.384800,0.384100,0.384800,59608.000000
2023.01.01 15:30,0.384800,0.385400,0.383900,0.384000,339118.000000
2023.01.01 15:35,0.384000,0.384500,0.383900,0.384000,122299.000000
2023.01.01 15:40,0.384000,0.384400,0.383900,0.384100,40970.000000
2023.01.01 15:45,0.384100,0.384800,0.384100,0.384500,32765.000000
2023.01.01 15:50,0.384500,0.385500,0.384300,0.385400,118765.000000
2023.01.01 15:55,0.385400,0.385400,0.385000,0.385100,29839.000000
2023.01.01 16:00,0.385100,0.386100,0.385100,0.385200,150754.000000
2023.01.01 16:05,0.385200,0.385600,0.385200,0.385300,21849.000000
2023.01.01 16:10,0.385300,0.386800,0.385300,0.386000,327537.000000
2023.01.01 16:15,0.386000,0.386300,0.384600,0.385800,855628.000000
2023.01.01 16:20,0.385800,0.385900,0.385500,0.385800,39043.000000
2023.01.01 16:25,0.385800,0.385800,0.385200,0.385400,61908.000000
2023.01.01 16:30,0.385400,0.386300,0.382900,0.384100,779656.000000
2023.01.01 16:35,0.384100,0.384900,0.383500,0.383700,182174.000000
2023.01.01 16:40,0.383700,0.384400,0.383200,0.383200,264166.000000
2023.01.01 16:45,0.383200,0.383700,0.383100,0.383200,75039.000000
2023.01.01 16:50,0.383200,0.383800,0.383200,0.383500,53507.000000
2023.01.01 16:55,0.383500,0.384500,0.383300,0.384500,177090.000000
2023.01.01 17:00,0.384500,0.385100,0.384200,0.385100,132052.000000
2023.01.01 17:05,0.385100,0.385100,0.384300,0.384600,82862.000000
2023.01.01 17:10,0.384600,0.385600,0.384500,0.384800,41946.000000
2023.01.01 17:15,0.384800,0.385400,0.384600,0.384700,33687.000000
2023.01.01 17:20,0.384700,0.384700,0.383800,0.383800,53686.000000
2023.01.01 17:25,0.383800,0.384400,0.383800,0.384300,14389.000000
2023.01.01 17:30,0.384300,0.384600,0.384300,0.384400,33903.000000
2023.01.01 17:35,0.384400,0.384700,0.384300,0.384600,42545.000000
2023.01.01 17:40,0.384600,0.384800,0.384200,0.384300,26103.000000
2023.01.01 17:45,0.384300,0.384600,0.384200,0.384500,29745.000000
2023.01.01 17:50,0.384500,0.384500,0.383800,0.383900,31069.000000
2023.01.01 17:55,0.383900,0.383900,0.383500,0.383500,26645.000000
2023.01.01 18:00,0.383500,0.384000,0.383500,0.383600,134515.000000
2023.01.01 18:05,0.383600,0.383800,0.383600,0.383700,45397.000000
2023.01.01 18:10,0.383700,0.383800,0.383600,0.383800,11146.000000
2023.01.01 18:15,0.383800,0.384300,0.383800,0.384300,21333.000000
2023.01.01 18:20,0.384300,0.384300,0.383900,0.384000,33333.000000
2023.01.01 18:25,0.384000,0.384300,0.383800,0.384300,46335.000000
2023.01.01 18:30,0.384300,0.385300,0.384300,0.385100,39087.000000
2023.01.01 18:35,0.385100,0.385200,0.384600,0.385100,90618.000000
2023.01.01 18:40,0.385100,0.386000,0.385100,0.385900,98135.000000
2023.01.01 18:45,0.385900,0.386900,0.385500,0.385800,142532.000000
2023.01.01 18:50,0.385800,0.386000,0.385600,0.385700,25335.000000
2023.01.01 18:55,0.385700,0.386600,0.385700,0.386400,61825.000000
2023.01.01 19:00,0.386400,0.387500,0.386400,0.386500,312326.000000
2023.01.01 19:05,0.386500,0.387500,0.386500,0.387500,359688.000000
2023.01.01 19:10,0.387500,0.387500,0.386500,0.386900,64993.000000
2023.01.01 19:15,0.386900,0.387000,0.386600,0.387000,19142.000000
2023.01.01 19:20,0.387000,0.387000,0.386400,0.386800,231806.000000
2023.01.01 19:25,0.386800,0.387300,0.386700,0.387200,63374.000000
2023.01.01 19:30,0.387200,0.387600,0.387000,0.387500,35578.000000
2023.01.01 19:35,0.387500,0.387500,0.386700,0.386900,7876.000000
2023.01.01 19:40,0.386900,0.386900,0.386300,0.386600,56416.000000
2023.01.01 19:45,0.386600,0.386600,0.386200,0.386500,42350.000000
2023.01.01 19:50,0.386500,0.386600,0.386400,0.386400,3715.000000
2023.01.01 19:55,0.386400,0.386800,0.386100,0.386100,74115.000000
2023.01.01 20:00,0.386100,0.386700,0.385900,0.386200,56097.000000
2023.01.01 20:05,0.386200,0.386700,0.386200,0.386400,1546.000000
2023.01.01 20:10,0.386400,0.386500,0.386200,0.386300,20617.000000
2023.01.01 20:15,0.386300,0.386900,0.386200,0.386800,29384.000000
2023.01.01 20:20,0.386800,0.387200,0.386500,0.387200,72827.000000
2023.01.01 20:25,0.387200,0.387500,0.386600,0.386600,14586.000000
2023.01.01 20:30,0.386600,0.386700,0.386200,0.386500,224859.000000
2023.01.01 20:35,0.386500,0.386900,0.386500,0.386800,51646.000000
2023.01.01 20:40,0.386800,0.386800,0.386300,0.386300,11394.000000
2023.01.01 20:45,0.386300,0.386600,0.386000,0.386600,22577.000000
2023.01.01 20:50,0.386600,0.386700,0.386500,0.386600,11246.000000
2023.01.01 20:55,0.386600,0.386800,0.386300,0.386400,22533.000000
2023.01.01 21:00,0.386400,0.387400,0.386400,0.387300,98816.000000
2023.01.01 21:05,0.387300,0.388300,0.387100,0.387600,267459.000000
2023.01.01 21:10,0.387600,0.388100,0.387500,0.387600,17962.000000
2023.01.01 21:15,0.387600,0.387700,0.387100,0.387200,152000.000000
2023.01.01 21:20,0.387200,0.387300,0.385400,0.386600,311500.000000
2023.01.01 21:25,0.386600,0.387300,0.386600,0.387100,25455.000000
2023.01.01 21:30,0.387100,0.387500,0.386800,0.387200,25329.000000
2023.01.01 21:35,0.387200,0.387500,0.387000,0.387000,41182.000000
2023.01.01 21:40,0.387000,0.387100,0.386700,0.387000,20519.000000
2023.01.01 21:45,0.387000,0.387000,0.386500,0.386600,30778.000000
2023.01.01 21:50,0.386600,0.386700,0.386400,0.386500,64345.000000
2023.01.01 21:55,0.386500,0.386500,0.386000,0.386200,26176.000000
2023.01.01 22:00,0.386200,0.386700,0.386100,0.386100,97433.000000
2023.01.01 22:05,0.386100,0.386400,0.386100,0.386300,21437.000000
2023.01.01 22:10,0.386300,0.387100,0.386100,0.387100,100723.000000
2023.01.01 22:15,0.387100,0.387300,0.386900,0.387200,33188.000000
2023.01.01 22:20,0.387200,0.387200,0.386800,0.386900,33647.000000
2023.01.01 22:25,0.386900,0.387300,0.386500,0.387200,18048.000000
2023.01.01 22:30,0.387200,0.387400,0.386400,0.386400,15628.000000
2023.01.01 22:35,0.386400,0.386900,0.386300,0.386800,6007.000000
2023.01.01 22:40,0.386800,0.387100,0.386600,0.386600,1543.000000
2023.01.01 22:45,0.386600,0.386700,0.386300,0.386400,12015.000000
2023.01.01 22:50,0.386400,0.387000,0.386400,0.386600,19840.000000
2023.01.01 22:55,0.386600,0.386600,0.385900,0.386300,100512.000000
2023.01.01 23:00,0.386300,0.386900,0.386300,0.386500,25791.000000
2023.01.01 23:05,0.386500,0.386800,0.386500,0.386500,9713.000000
2023.01.01 23:10,0.386500,0.386800,0.386500,0.386600,10707.000000
2023.01.01 23:15,0.386600,0.387100,0.386600,0.387100,604.000000
2023.01.01 23:20,0.387100,0.387600,0.386700,0.387600,126818.000000
2023.01.01 23:25,0.387600,0.387900,0.386100,0.386900,470629.000000
2023.01.01 23:30,0.386900,0.387800,0.386900,0.387000,348110.000000
2023.01.01 23:35,0.387000,0.387300,0.386800,0.386800,22978.000000
2023.01.01 23:40,0.386800,0.387100,0.386700,0.386700,52168.000000
2023.01.01 23:45,0.386700,0.386700,0.386300,0.386700,26486.000000
2023.01.01 23:50,0.386700,0.387500,0.386600,0.387400,175315.000000
2023.01.01 23:55,0.387400,0.387400,0.386600,0.386600,23017.000000
2023.01.02 00:00,0.386600,0.387400,0.386600,0.386600,21074.000000
2023.01.02 00:05,0.386600,0.386900,0.386600,0.386600,3397.000000
2023.01.02 00:10,0.386600,0.387000,0.386600,0.386900,18106.000000
2023.01.02 00:15,0.386900,0.387600,0.386900,0.387500,7663.000000
2023.01.02 00:20,0.387500,0.387600,0.387100,0.387200,7772.000000
2023.01.02 00:25,0.387200,0.387400,0.387000,0.387200,20787.000000
2023.01.02 00:30,0.387200,0.387400,0.387200,0.387200,10352.000000
2023.01.02 00:35,0.387200,0.388000,0.387200,0.387700,228974.000000
2023.01.02 00:40,0.387700,0.387800,0.387500,0.387500,1587.000000
2023.01.02 00:45,0.387500,0.388000,0.387500,0.387900,17555.000000
2023.01.02 00:50,0.387900,0.388900,0.387900,0.388500,270686.000000
2023.01.02 00:55,0.388500,0.389400,0.388500,0.389000,207928.000000
2023.01.02 01:00,0.389000,0.389000,0.388700,0.388700,5512.000000
2023.01.02 01:05,0.388700,0.388800,0.388700,0.388700,11323.000000
2023.01.02 01:10,0.388700,0.388800,0.388000,0.388100,147667.000000
2023.01.02 01:15,0.388100,0.388200,0.387500,0.387500,8465.000000
2023.01.02 01:20,0.387500,0.388000,0.387500,0.387900,30030.000000
2023.01.02 01:25,0.387900,0.387900,0.387700,0.387900,16036.000000
2023.01.02 01:30,0.387900,0.388200,0.387800,0.388100,8525.000000
2023.01.02 01:35,0.388100,0.388200,0.388100,0.388100,29.000000
2023.01.02 01:40,0.388100,0.388700,0.387800,0.388700,33642.000000
2023.01.02 01:45,0.388700,0.388700,0.387900,0.388100,32970.000000
2023.01.02 01:50,0.388100,0.388500,0.388000,0.388000,14684.000000
2023.01.02 01:55,0.388000,0.388200,0.387600,0.387900,60826.000000
2023.01.02 02:00,0.387900,0.388000,0.387400,0.387400,18741.000000
2023.01.02 02:05,0.387400,0.387900,0.387300,0.387900,22338.000000
2023.01.02 02:10,0.387900,0.389100,0.387900,0.389100,57136.000000
2023.01.02 02:15,0.389100,0.389200,0.388400,0.388400,31381.000000
2023.01.02 02:20,0.388400,0.388800,0.388400,0.388600,39923.000000
2023.01.02 02:25,0.388600,0.388600,0.387600,0.387700,18634.000000
2023.01.02 02:30,0.387700,0.388800,0.387700,0.388500,52024.000000
2023.01.02 02:35,0.388500,0.388600,0.387800,0.388100,37714.000000
2023.01.02 02:40,0.388100,0.388400,0.387900,0.388400,4864.000000
2023.01.02 02:45,0.388400,0.388700,0.387700,0.388000,159426.000000
2023.01.02 02:50,0.388000,0.388000,0.387600,0.388000,16646.000000
2023.01.02 02:55,0.388000,0.388700,0.388000,0.388200,35346.000000
2023.01.02 03:00,0.388200,0.389100,0.388200,0.388900,213294.000000
2023.01.02 03:05,0.388900,0.389500,0.388300,0.388400,235259.000000
2023.01.02 03:10,0.388400,0.388600,0.387700,0.387700,25212.000000
2023.01.02 03:15,0.387700,0.387800,0.386800,0.386800,243118.000000
2023.01.02 03:20,0.386800,0.387100,0.386500,0.386600,116357.000000
2023.01.02 03:25,0.386600,0.386900,0.386100,0.386100,107159.000000
2023.01.02 03:30,0.386100,0.387200,0.385900,0.387100,89249.000000
2023.01.02 03:35,0.387100,0.387300,0.385900,0.386000,32536.000000
2023.01.02 03:40,0.386000,0.386100,0.384500,0.385600,460126.000000
2023.01.02 03:45,0.385600,0.386300,0.385400,0.385700,78170.000000
2023.01.02 03:50,0.385700,0.385800,0.385200,0.385200,34680.000000
2023.01.02 03:55,0.385200,0.385600,0.384800,0.385200,90803.000000
2023.01.02 04:00,0.385200,0.385600,0.384800,0.384900,104368.000000
2023.01.02 04:05,0.384900,0.384900,0.379100,0.381500,2778070.000000
2023.01.02 04:10,0.381500,0.382400,0.381100,0.381400,247713.000000
2023.01.02 04:15,0.381400,0.382000,0.380300,0.382000,97826.000000
2023.01.02 04:20,0.382000,0.383700,0.382000,0.383500,256665.000000
2023.01.02 04:25,0.383500,0.383900,0.383400,0.383900,121533.000000
2023.01.02 04:30,0.383900,0.383900,0.383100,0.383100,71008.000000
2023.01.02 04:35,0.383100,0.383600,0.383100,0.383500,110238.000000
2023.01.02 04:40,0.383500,0.383500,0.382500,0.383100,42752.000000
2023.01.02 04:45,0.383100,0.383100,0.382400,0.382400,172977.000000
2023.01.02 04:50,0.382400,0.382500,0.382200,0.382300,8385.000000
2023.01.02 04:55,0.382300,0.382400,0.381300,0.381400,55321.000000
2023.01.02 05:00,0.381400,0.382100,0.380800,0.381800,96649.000000
2023.01.02 05:05,0.381800,0.382400,0.381600,0.382100,28203.000000
2023.01.02 05:10,0.382100,0.382900,0.382100,0.382600,95843.000000
2023.01.02 05:15,0.382600,0.383300,0.382500,0.383200,7499.000000
2023.01.02 05:20,0.383200,0.383300,0.382500,0.382600,45605.000000
2023.01.02 05:25,0.382600,0.382800,0.382100,0.382500,135330.000000
2023.01.02 05:30,0.382500,0.382900,0.382400,0.382800,19062.000000
2023.01.02 05:35,0.382800,0.383400,0.382800,0.383400,83298.000000
2023.01.02 05:40,0.383400,0.383400,0.383300,0.383400,81160.000000
2023.01.02 05:45,0.383400,0.384000,0.383400,0.384000,50754.000000
2023.01.02 05:50,0.384000,0.384700,0.384000,0.384700,54053.000000
2023.01.02 05:55,0.384700,0.385000,0.384100,0.384300,144900.000000
2023.01.02 06:00,0.384300,0.385100,0.384200,0.384900,136234.000000
2023.01.02 06:05,0.384900,0.385100,0.384800,0.385000,29080.000000
2023.01.02 06:10,0.385000,0.385100,0.384500,0.384800,76929.000000
2023.01.02 06:15,0.384800,0.385100,0.384800,0.385000,27004.000000
2023.01.02 06:20,0.385000,0.385600,0.385000,0.385400,69507.000000
2023.01.02 06:25,0.385400,0.385500,0.385100,0.385300,27109.000000
2023.01.02 06:30,0.385300,0.386100,0.385300,0.386100,85519.000000
2023.01.02 06:35,0.386100,0.386500,0.386100,0.386200,77025.000000
2023.01.02 06:40,0.386200,0.386400,0.386000,0.386200,6993.000000
2023.01.02 06:45,0.386200,0.387100,0.385900,0.386900,75504.000000
2023.01.02 06:50,0.386900,0.389500,0.386900,0.389100,396514.000000
2023.01.02 06:55,0.389100,0.389200,0.388200,0.388800,82203.000000
2023.01.02 07:00,0.388800,0.389600,0.388700,0.389000,96948.000000
2023.01.02 07:05,0.389000,0.390400,0.388700,0.388700,316749.000000
2023.01.02 07:10,0.388700,0.388800,0.388500,0.388800,103914.000000
2023.01.02 07:15,0.388800,0.389300,0.388300,0.388400,37112.000000
2023.01.02 07:20,0.388400,0.388700,0.387400,0.387400,234000.000000
2023.01.02 07:25,0.387400,0.387800,0.387000,0.387600,76254.000000
2023.01.02 07:30,0.387600,0.388600,0.387500,0.388400,43033.000000
2023.01.02 07:35,0.388400,0.388900,0.388300,0.388400,79116.000000
2023.01.02 07:40,0.388400,0.388700,0.388400,0.388400,47863.000000
2023.01.02 07:45,0.388400,0.388500,0.388000,0.388300,20873.000000
2023.01.02 07:50,0.388300,0.388900,0.388200,0.388800,38358.000000
2023.01.02 07:55,0.388800,0.389600,0.388800,0.389400,111209.000000
2023.01.02 08:00,0.389400,0.390400,0.389300,0.390100,348783.000000
2023.01.02 08:05,0.390100,0.390200,0.389600,0.390100,81656.000000
2023.01.02 08:10,0.390100,0.390700,0.390100,0.390600,86065.000000
2023.01.02 08:15,0.390600,0.391000,0.389800,0.389800,91112.000000
2023.01.02 08:20,0.389800,0.390700,0.389500,0.390700,24221.000000
2023.01.02 08:25,0.390700,0.392400,0.390500,0.392100,304721.000000
2023.01.02 08:30,0.392100,0.392100,0.389900,0.390600,576141.000000
2023.01.02 08:35,0.390600,0.390900,0.390500,0.390900,35618.000000
2023.01.02 08:40,0.390900,0.390900,0.390100,0.390500,67986.000000
2023.01.02 08:45,0.390500,0.392000,0.390500,0.391900,84467.000000
2023.01.02 08:50,0.391900,0.392600,0.391800,0.392300,537475.000000
2023.01.02 08:55,0.392300,0.393300,0.392100,0.392100,489415.000000
2023.01.02 09:00,0.392100,0.392300,0.391600,0.392200,191820.000000
2023.01.02 09:05,0.392200,0.392800,0.392200,0.392600,248376.000000
2023.01.02 09:10,0.392600,0.392700,0.392100,0.392600,61527.000000
2023.01.02 09:15,0.392600,0.392600,0.391700,0.391900,107229.000000
2023.01.02 09:20,0.391900,0.392000,0.391400,0.391700,74005.000000
2023.01.02 09:25,0.391700,0.391900,0.391100,0.391200,52664.000000
2023.01.02 09:30,0.391200,0.391500,0.390600,0.390600,45691.000000
2023.01.02 09:35,0.390600,0.390800,0.390200,0.390500,145798.000000
2023.01.02 09:40,0.390500,0.390600,0.389800,0.390400,46455.000000
2023.01.02 09:45,0.390400,0.391300,0.390400,0.391000,92355.000000
2023.01.02 09:50,0.391000,0.391100,0.390600,0.390600,13090.000000
2023.01.02 09:55,0.390600,0.391800,0.390600,0.391800,69826.000000
2023.01.02 10:00,0.391800,0.392100,0.391100,0.391800,155900.000000
2023.01.02 10:05,0.391800,0.392300,0.391800,0.392200,15044.000000
2023.01.02 10:10,0.392200,0.401200,0.391400,0.400800,2295392.000000
2023.01.02 10:15,0.400800,0.403600,0.396500,0.398400,4405811.000000
2023.01.02 10:20,0.398400,0.399700,0.396500,0.396700,420358.000000
2023.01.02 10:25,0.396700,0.398300,0.396000,0.397400,647487.000000
2023.01.02 10:30,0.397400,0.398600,0.397400,0.397400,529114.000000
2023.01.02 10:35,0.397400,0.400400,0.397200,0.399900,262277.000000
2023.01.02 10:40,0.399900,0.401300,0.399700,0.400800,491229.000000
2023.01.02 10:45,0.400800,0.402000,0.399900,0.400900,574290.000000
2023.01.02 10:50,0.400900,0.401400,0.400000,0.401000,364391.000000
2023.01.02 10:55,0.401000,0.401400,0.400000,0.400300,183947.000000
2023.01.02 11:00,0.400300,0.402000,0.399800,0.401700,619166.000000
2023.01.02 11:05,0.401700,0.402500,0.401600,0.402500,387303.000000
2023.01.02 11:10,0.402500,0.405000,0.402400,0.404100,876081.000000
2023.01.02 11:15,0.404100,0.406000,0.403500,0.403800,1264765.000000
2023.01.02 11:20,0.403800,0.404600,0.403600,0.404600,164357.000000
2023.01.02 11:25,0.404600,0.405500,0.404000,0.404400,408452.000000
2023.01.02 11:30,0.404400,0.404500,0.403100,0.404200,337587.000000
2023.01.02 11:35,0.404200,0.404600,0.403700,0.403700,158499.000000
2023.01.02 11:40,0.403700,0.404200,0.403500,0.403500,76476.000000
2023.01.02 11:45,0.403500,0.403900,0.403000,0.403200,158163.000000
2023.01.02 11:50,0.403200,0.403300,0.402700,0.403100,100658.000000
2023.01.02 11:55,0.403100,0.403900,0.403100,0.403800,148365.000000
2023.01.02 12:00,0.403800,0.404100,0.403300,0.403800,291842.000000
2023.01.02 12:05,0.403800,0.405800,0.403800,0.404800,436665.000000
2023.01.02 12:10,0.404800,0.405600,0.404700,0.404900,287274.000000
2023.01.02 12:15,0.404900,0.405000,0.404100,0.404900,498607.000000
2023.01.02 12:20,0.404900,0.405300,0.403900,0.403900,346289.000000
2023.01.02 12:25,0.403900,0.404600,0.403500,0.404100,170098.000000
2023.01.02 12:30,0.404100,0.405200,0.404000,0.404500,161518.000000
2023.01.02 12:35,0.404500,0.405400,0.404300,0.404900,63497.000000
2023.01.02 12:40,0.404900,0.404900,0.404000,0.404200,66104.000000
2023.01.02 12:45,0.404200,0.404500,0.403700,0.403900,60505.000000
2023.01.02 12:50,0.403900,0.403900,0.403200,0.403200,103047.000000
2023.01.02 12:55,0.403200,0.403600,0.403100,0.403400,68120.000000
2023.01.02 13:00,0.403400,0.404300,0.402100,0.404300,680187.000000
2023.01.02 13:05,0.404300,0.405800,0.404000,0.404100,286835.000000
2023.01.02 13:10,0.404100,0.404600,0.403300,0.403400,203609.000000
2023.01.02 13:15,0.403400,0.403500,0.402600,0.402900,58483.000000
2023.01.02 13:20,0.402900,0.403300,0.401800,0.402100,59698.000000
2023.01.02 13:25,0.402100,0.403100,0.402100,0.402700,221037.000000
2023.01.02 13:30,0.402700,0.403200,0.402700,0.402800,78351.000000
2023.01.02 13:35,0.402800,0.402800,0.401400,0.401900,351794.000000
2023.01.02 13:40,0.401900,0.402300,0.401700,0.401700,99804.000000
2023.01.02 13:45,0.401700,0.402800,0.401300,0.402400,240693.000000
2023.01.02 13:50,0.402400,0.402400,0.401700,0.402400,117508.000000
2023.01.02 13:55,0.402400,0.402500,0.401900,0.402200,21586.000000
2023.01.02 14:00,0.402200,0.402300,0.401500,0.401600,82320.000000
2023.01.02 14:05,0.401600,0.401600,0.400800,0.401600,151969.000000
2023.01.02 14:10,0.401600,0.402200,0.401500,0.402200,77603.000000
2023.01.02 14:15,0.402200,0.402500,0.400900,0.400900,224366.000000
2023.01.02 14:20,0.400900,0.401400,0.400900,0.401100,115547.000000
2023.01.02 14:25,0.401100,0.401300,0.400700,0.400700,27382.000000
2023.01.02 14:30,0.400700,0.401200,0.400000,0.400900,258875.000000
2023.01.02 14:35,0.400900,0.401800,0.400100,0.401200,310249.000000
2023.01.02 14:40,0.401200,0.402000,0.401200,0.401800,134573.000000
2023.01.02 14:45,0.401800,0.403000,0.401700,0.402500,125587.000000
2023.01.02 14:50,0.402500,0.402700,0.402200,0.402600,15442.000000
2023.01.02 14:55,0.402600,0.402900,0.402200,0.402600,253174.000000
2023.01.02 15:00,0.402600,0.404000,0.402500,0.403700,137234.000000
2023.01.02 15:05,0.403700,0.404300,0.403100,0.404300,104551.000000
2023.01.02 15:10,0.404300,0.405000,0.403900,0.404500,197835.000000
2023.01.02 15:15,0.404500,0.405300,0.404000,0.404300,259422.000000
2023.01.02 15:20,0.404300,0.404300,0.403500,0.404000,110760.000000
2023.01.02 15:25,0.404000,0.404500,0.403200,0.403800,47778.000000
2023.01.02 15:30,0.403800,0.403800,0.402900,0.403100,28909.000000
2023.01.02 15:35,0.403100,0.403300,0.402800,0.402800,65504.000000
2023.01.02 15:40,0.402800,0.403000,0.402600,0.402700,10827.000000
2023.01.02 15:45,0.402700,0.403000,0.402500,0.402500,87657.000000
2023.01.02 15:50,0.402500,0.403300,0.402500,0.402700,9005.000000
2023.01.02 15:55,0.402700,0.403000,0.402600,0.403000,23712.000000
2023.01.02 16:00,0.403000,0.403600,0.403000,0.403300,41327.000000
2023.01.02 16:05,0.403300,0.403300,0.402100,0.402500,25212.000000
2023.01.02 16:10,0.402500,0.403400,0.402300,0.403000,149573.000000
2023.01.02 16:15,0.403000,0.403600,0.403000,0.403200,27427.000000
2023.01.02 16:20,0.403200,0.403900,0.402900,0.403800,39762.000000
2023.01.02 16:25,0.403800,0.404000,0.403700,0.403700,15063.000000
2023.01.02 16:30,0.403700,0.403700,0.403100,0.403100,4037.000000
2023.01.02 16:35,0.403100,0.403100,0.401800,0.401800,127808.000000
2023.01.02 16:40,0.401800,0.402200,0.400700,0.400700,210904.000000
2023.01.02 16:45,0.400700,0.402300,0.400700,0.401800,234822.000000
2023.01.02 16:50,0.401800,0.402700,0.401800,0.402400,19927.000000
2023.01.02 16:55,0.402400,0.403300,0.402400,0.402400,84864.000000
2023.01.02 17:00,0.402400,0.403600,0.402200,0.403600,77323.000000
2023.01.02 17:05,0.403600,0.403600,0.402700,0.403400,73268.000000
2023.01.02 17:10,0.403400,0.404200,0.403200,0.404200,19719.000000
2023.01.02 17:15,0.404200,0.404700,0.404100,0.404600,36507.000000
2023.01.02 17:20,0.404600,0.404600,0.404000,0.404200,43836.000000
2023.01.02 17:25,0.404200,0.404200,0.403300,0.403400,3281.000000
2023.01.02 17:30,0.403400,0.403700,0.403300,0.403500,36043.000000
2023.01.02 17:35,0.403500,0.403800,0.403300,0.403500,15482.000000
2023.01.02 17:40,0.403500,0.405700,0.403300,0.405400,25133.000000
2023.01.02 17:45,0.405400,0.405400,0.404500,0.404500,51084.000000
2023.01.02 17:50,0.404500,0.405100,0.404500,0.404500,180406.000000
2023.01.02 17:55,0.404500,0.408900,0.404500,0.406700,944087.000000
2023.01.02 18:00,0.406700,0.408000,0.406000,0.406200,516066.000000
2023.01.02 18:05,0.406200,0.406200,0.405400,0.406000,198620.000000
2023.01.02 18:10,0.406000,0.406000,0.404800,0.405900,293192.000000
2023.01.02 18:15,0.405900,0.407500,0.405900,0.406500,278871.000000
2023.01.02 18:20,0.406500,0.406900,0.406300,0.406500,226268.000000
2023.01.02 18:25,0.406500,0.406600,0.406100,0.406100,23852.000000
2023.01.02 18:30,0.406100,0.409300,0.406100,0.408200,597019.000000
2023.01.02 18:35,0.408200,0.411600,0.408200,0.411200,960452.000000
2023.01.02 18:40,0.411200,0.413500,0.410200,0.412900,948276.000000
2023.01.02 18:45,0.412900,0.413100,0.411500,0.411600,348560.000000
2023.01.02 18:50,0.411600,0.411700,0.409900,0.410400,305488.000000
2023.01.02 18:55,0.410400,0.410800,0.409800,0.410100,199678.000000
2023.01.02 19:00,0.410100,0.410900,0.409300,0.409700,280735.000000
2023.01.02 19:05,0.409700,0.409700,0.409000,0.409400,62944.000000
2023.01.02 19:10,0.409400,0.410800,0.409400,0.410800,124262.000000
2023.01.02 19:15,0.410800,0.410800,0.409600,0.410000,69606.000000
2023.01.02 19:20,0.410000,0.410100,0.409500,0.409600,99898.000000
2023.01.02 19:25,0.409600,0.410400,0.409400,0.410400,217276.000000
2023.01.02 19:30,0.410400,0.410800,0.409800,0.409800,166733.000000
2023.01.02 19:35,0.409800,0.410500,0.409400,0.410000,62639.000000
2023.01.02 19:40,0.410000,0.411100,0.410000,0.411000,42456.000000
2023.01.02 19:45,0.411000,0.411100,0.410000,0.410000,31566.000000
2023.01.02 19:50,0.410000,0.410100,0.409500,0.409800,19673.000000
2023.01.02 19:55,0.409800,0.410000,0.408900,0.409000,111026.000000
2023.01.02 20:00,0.409000,0.410000,0.408900,0.410000,92323.000000
2023.01.02 20:05,0.410000,0.410100,0.409800,0.409900,8528.000000
2023.01.02 20:10,0.409900,0.410100,0.409100,0.409500,8272.000000
2023.01.02 20:15,0.409500,0.409500,0.409200,0.409200,29664.000000
2023.01.02 20:20,0.409200,0.409800,0.409200,0.409800,58881.000000
2023.01.02 20:25,0.409800,0.410600,0.409700,0.410600,127104.000000
2023.01.02 20:30,0.410600,0.411000,0.409500,0.409500,148794.000000
2023.01.02 20:35,0.409500,0.409900,0.409500,0.409700,8707.000000
2023.01.02 20:40,0.409700,0.410000,0.409600,0.409600,21864.000000
2023.01.02 20:45,0.409600,0.409600,0.409400,0.409500,1629.000000
2023.01.02 20:50,0.409500,0.410400,0.409500,0.410300,108673.000000
2023.01.02 20:55,0.410300,0.410600,0.410100,0.410500,69622.000000
2023.01.02 21:00,0.410500,0.411400,0.410500,0.410800,99949.000000
2023.01.02 21:05,0.410800,0.410900,0.410300,0.410500,3935.000000
2023.01.02 21:10,0.410500,0.410900,0.410400,0.410700,17887.000000
2023.01.02 21:15,0.410700,0.411100,0.410600,0.410600,13297.000000
2023.01.02 21:20,0.410600,0.411000,0.410300,0.410300,558.000000
2023.01.02 21:25,0.410300,0.410700,0.409800,0.409800,38060.000000
2023.01.02 21:30,0.409800,0.410000,0.409400,0.409500,78900.000000
2023.01.02 21:35,0.409500,0.410200,0.409300,0.410200,21438.000000
2023.01.02 21:40,0.410200,0.410500,0.410100,0.410400,20774.000000
2023.01.02 21:45,0.410400,0.410900,0.410300,0.410600,8793.000000
2023.01.02 21:50,0.410600,0.411000,0.410600,0.410600,7076.000000
2023.01.02 21:55,0.410600,0.410600,0.409500,0.409500,84672.000000
2023.01.02 22:00,0.409500,0.410300,0.409400,0.410100,69818.000000
2023.01.02 22:05,0.410100,0.410100,0.409900,0.410100,58512.000000
2023.01.02 22:10,0.410100,0.410500,0.410100,0.410500,11489.000000
2023.01.02 22:15,0.410500,0.410800,0.410500,0.410600,12577.000000
2023.01.02 22:20,0.410600,0.410600,0.410300,0.410300,4730.000000
2023.01.02 22:25,0.410300,0.410800,0.410100,0.410100,32536.000000
2023.01.02 22:30,0.410100,0.411100,0.410100,0.411000,42612.000000
2023.01.02 22:35,0.411000,0.411600,0.410700,0.411400,82193.000000
2023.01.02 22:40,0.411400,0.411400,0.411100,0.411100,889.000000
2023.01.02 22:45,0.411100,0.412600,0.410900,0.412100,536796.000000
2023.01.02 22:50,0.412100,0.412200,0.411100,0.411100,145088.000000
2023.01.02 22:55,0.411100,0.411400,0.410500,0.410700,195885.000000
2023.01.02 23:00,0.410700,0.411500,0.409700,0.410000,388355.000000
2023.01.02 23:05,0.410000,0.410000,0.409400,0.409700,175153.000000
2023.01.02 23:10,0.409700,0.410200,0.409600,0.409600,10872.000000
2023.01.02 23:15,0.409600,0.410300,0.409600,0.410300,12513.000000
2023.01.02 23:20,0.410300,0.410300,0.410000,0.410200,6021.000000
2023.01.02 23:25,0.410200,0.410600,0.410200,0.410500,6018.000000
2023.01.02 23:30,0.410500,0.410900,0.409500,0.409800,70662.000000
2023.01.02 23:35,0.409800,0.410100,0.409700,0.410000,12754.000000
2023.01.02 23:40,0.410000,0.410700,0.409900,0.410700,31125.000000
2023.01.02 23:45,0.410700,0.410700,0.409800,0.409800,29494.000000
2023.01.02 23:50,0.409800,0.409800,0.409500,0.409600,27630.000000
2023.01.02 23:55,0.409600,0.409800,0.409300,0.409700,212936.000000
2023.01.03 00:00,0.409700,0.410700,0.409700,0.410100,74855.000000
2023.01.03 00:05,0.410100,0.410300,0.409700,0.410000,23444.000000
2023.01.03 00:10,0.410000,0.410000,0.409400,0.409400,44482.000000
2023.01.03 00:15,0.409400,0.409600,0.409200,0.409300,85175.000000
2023.01.03 00:20,0.409300,0.410300,0.409300,0.409700,60224.000000
2023.01.03 00:25,0.409700,0.410400,0.409600,0.409900,14159.000000
2023.01.03 00:30,0.409900,0.410200,0.409600,0.409800,20351.000000
2023.01.03 00:35,0.409800,0.410000,0.409600,0.409800,13100.000000
2023.01.03 00:40,0.409800,0.410000,0.409500,0.409500,17174.000000
2023.01.03 00:45,0.409500,0.409900,0.409500,0.409500,7827.000000
2023.01.03 00:50,0.409500,0.410000,0.409500,0.409900,30273.000000
2023.01.03 00:55,0.409900,0.411500,0.409800,0.410400,144468.000000
2023.01.03 01:00,0.410400,0.410900,0.409500,0.409600,24365.000000
2023.01.03 01:05,0.409600,0.409600,0.409100,0.409200,77758.000000
2023.01.03 01:10,0.409200,0.409200,0.408500,0.409200,290606.000000
2023.01.03 01:15,0.409200,0.409600,0.409200,0.409200,31460.000000
2023.01.03 01:20,0.409200,0.409600,0.409200,0.409300,93131.000000
2023.01.03 01:25,0.409300,0.409500,0.409000,0.409000,25426.000000
2023.01.03 01:30,0.409000,0.409300,0.408000,0.408000,339076.000000
2023.01.03 01:35,0.408000,0.408600,0.406800,0.408300,435095.000000
2023.01.03 01:40,0.408300,0.408500,0.408000,0.408500,90495.000000
2023.01.03 01:45,0.408500,0.408500,0.406400,0.407000,103618.000000
2023.01.03 01:50,0.407000,0.407900,0.406800,0.407700,71115.000000
2023.01.03 01:55,0.407700,0.409200,0.407700,0.408400,86522.000000
2023.01.03 02:00,0.408400,0.410400,0.407300,0.410000,417487.000000
2023.01.03 02:05,0.410000,0.411000,0.409900,0.410400,82401.000000
2023.01.03 02:10,0.410400,0.410500,0.409600,0.410300,73428.000000
2023.01.03 02:15,0.410300,0.410300,0.409600,0.409700,67445.000000
2023.01.03 02:20,0.409700,0.410000,0.409700,0.409700,38494.000000
2023.01.03 02:25,0.409700,0.410200,0.409400,0.410000,157292.000000
2023.01.03 02:30,0.410000,0.410100,0.408600,0.409400,391704.000000
2023.01.03 02:35,0.409400,0.409400,0.408600,0.409300,151726.000000
2023.01.03 02:40,0.409300,0.409800,0.409100,0.409300,185415.000000
2023.01.03 02:45,0.409300,0.410400,0.408800,0.408900,130200.000000
2023.01.03 02:50,0.408900,0.409600,0.408800,0.409100,174568.000000
2023.01.03 02:55,0.409100,0.409700,0.408900,0.409400,72316.000000
2023.01.03 03:00,0.409400,0.410300,0.408700,0.408800,336232.000000
2023.01.03 03:05,0.408800,0.409000,0.408600,0.409000,109466.000000
2023.01.03 03:10,0.409000,0.409300,0.408900,0.409200,25256.000000
2023.01.03 03:15,0.409200,0.409900,0.409000,0.409600,34482.000000
2023.01.03 03:20,0.409600,0.409600,0.408400,0.408500,60269.000000
2023.01.03 03:25,0.408500,0.408500,0.407500,0.408200,55858.000000
2023.01.03 03:30,0.408200,0.410000,0.408000,0.410000,87764.000000
2023.01.03 03:35,0.410000,0.412400,0.410000,0.412400,310053.000000
2023.01.03 03:40,0.412400,0.413300,0.411700,0.412900,379419.000000
2023.01.03 03:45,0.412900,0.414100,0.412800,0.413900,348997.000000
2023.01.03 03:50,0.413900,0.413900,0.411900,0.412100,147167.000000
2023.01.03 03:55,0.412100,0.412800,0.411600,0.412100,132102.000000
2023.01.03 04:00,0.412100,0.412100,0.410900,0.411100,83247.000000
2023.01.03 04:05,0.411100,0.411200,0.410000,0.410100,144347.000000
2023.01.03 04:10,0.410100,0.410500,0.409600,0.410000,142561.000000
2023.01.03 04:15,0.410000,0.410300,0.408600,0.408900,350717.000000
2023.01.03 04:20,0.408900,0.409000,0.407100,0.407800,274491.000000
2023.01.03 04:25,0.407800,0.408600,0.407500,0.407900,68676.000000
2023.01.03 04:30,0.407900,0.409100,0.407300,0.408900,173022.000000
2023.01.03 04:35,0.408900,0.408900,0.406200,0.407300,338375.000000
2023.01.03 04:40,0.407300,0.408200,0.407100,0.407900,87570.000000
2023.01.03 04:45,0.407900,0.408100,0.406900,0.406900,59127.000000
2023.01.03 04:50,0.406900,0.407100,0.406300,0.406600,187259.000000
2023.01.03 04:55,0.406600,0.407000,0.405200,0.406400,272227.000000
2023.01.03 05:00,0.406400,0.406800,0.405700,0.406700,113179.000000
2023.01.03 05:05,0.406700,0.407000,0.406000,0.406500,209901.000000
2023.01.03 05:10,0.406500,0.407600,0.406400,0.407600,43902.000000
2023.01.03 05:15,0.407600,0.407600,0.407000,0.407200,13298.000000
2023.01.03 05:20,0.407200,0.407500,0.406800,0.406800,6812.000000
2023.01.03 05:25,0.406800,0.407000,0.406500,0.406800,26624.000000
2023.01.03 05:30,0.406800,0.407900,0.406700,0.407600,129305.000000
2023.01.03 05:35,0.407600,0.408000,0.407300,0.407900,3053.000000
2023.01.03 05:40,0.407900,0.408700,0.407900,0.408300,30446.000000
2023.01.03 05:45,0.408300,0.408500,0.407800,0.408000,13006.000000
2023.01.03 05:50,0.408000,0.408600,0.407900,0.408200,11248.000000
2023.01.03 05:55,0.408200,0.408200,0.407100,0.407100,24573.000000
2023.01.03 06:00,0.407100,0.407300,0.406200,0.406700,243560.000000
2023.01.03 06:05,0.406700,0.407100,0.406400,0.406400,25959.000000
2023.01.03 06:10,0.406400,0.406500,0.404400,0.404700,471186.000000
2023.01.03 06:15,0.404700,0.405300,0.404700,0.405000,50696.000000
2023.01.03 06:20,0.405000,0.406200,0.405000,0.406100,145774.000000
2023.01.03 06:25,0.406100,0.406200,0.405000,0.405300,48572.000000
2023.01.03 06:30,0.405300,0.406500,0.405200,0.406200,262750.000000
2023.01.03 06:35,0.406200,0.407100,0.406000,0.407000,52241.000000
2023.01.03 06:40,0.407000,0.407000,0.406400,0.406800,43545.000000
2023.01.03 06:45,0.406800,0.406900,0.406600,0.406800,9255.000000
2023.01.03 06:50,0.406800,0.406800,0.406200,0.406200,19750.000000
2023.01.03 06:55,0.406200,0.406600,0.405800,0.406300,41314.000000
2023.01.03 07:00,0.406300,0.406900,0.406200,0.406700,91588.000000
2023.01.03 07:05,0.406700,0.407100,0.406600,0.407100,97454.000000
2023.01.03 07:10,0.407100,0.407400,0.406800,0.407200,60493.000000
2023.01.03 07:15,0.407200,0.407600,0.407100,0.407200,40362.000000
2023.01.03 07:20,0.407200,0.407200,0.406600,0.406600,53931.000000
2023.01.03 07:25,0.406600,0.407000,0.406600,0.406600,27489.000000
2023.01.03 07:30,0.406600,0.406600,0.405800,0.405800,16851.000000
2023.01.03 07:35,0.405800,0.406000,0.405600,0.405800,78820.000000
2023.01.03 07:40,0.405800,0.405800,0.405100,0.405100,7311.000000
2023.01.03 07:45,0.405100,0.405300,0.404500,0.404500,145384.000000
2023.01.03 07:50,0.404500,0.404800,0.403800,0.403900,368719.000000
2023.01.03 07:55,0.403900,0.404400,0.403400,0.403600,540654.000000
2023.01.03 08:00,0.403600,0.404500,0.403400,0.403800,402101.000000
2023.01.03 08:05,0.403800,0.404000,0.403400,0.403700,155326.000000
2023.01.03 08:10,0.403700,0.405200,0.403600,0.405000,193390.000000
2023.01.03 08:15,0.405000,0.405800,0.405000,0.405500,140261.000000
2023.01.03 08:20,0.405500,0.406500,0.405400,0.405400,292884.000000
2023.01.03 08:25,0.405400,0.405700,0.405200,0.405200,24280.000000
2023.01.03 08:30,0.405200,0.405200,0.404700,0.405200,43807.000000
2023.01.03 08:35,0.405200,0.406700,0.405200,0.406200,247216.000000
2023.01.03 08:40,0.406200,0.406900,0.406200,0.406800,78008.000000
2023.01.03 08:45,0.406800,0.407300,0.406700,0.406700,175997.000000
2023.01.03 08:50,0.406700,0.407000,0.406700,0.406800,28564.000000
2023.01.03 08:55,0.406800,0.407500,0.406400,0.407300,169806.000000
2023.01.03 09:00,0.407300,0.410400,0.407300,0.409900,408149.000000
2023.01.03 09:05,0.409900,0.410000,0.409000,0.409100,43295.000000
2023.01.03 09:10,0.409100,0.410200,0.409100,0.410000,228575.000000
2023.01.03 09:15,0.410000,0.410800,0.409600,0.410800,95045.000000
2023.01.03 09:20,0.410800,0.412100,0.410500,0.411900,341788.000000
2023.01.03 09:25,0.411900,0.412600,0.411400,0.411800,274059.000000
2023.01.03 09:30,0.411800,0.412100,0.410700,0.411100,184391.000000
2023.01.03 09:35,0.411100,0.411100,0.409500,0.409500,119808.000000
2023.01.03 09:40,0.409500,0.410300,0.409200,0.410100,221602.000000
2023.01.03 09:45,0.410100,0.410100,0.409400,0.410000,153429.000000
2023.01.03 09:50,0.410000,0.410300,0.409700,0.410000,66862.000000
2023.01.03 09:55,0.410000,0.410900,0.410000,0.410900,144384.000000
2023.01.03 10:00,0.410900,0.410900,0.409700,0.409800,72127.000000
2023.01.03 10:05,0.409800,0.409900,0.409400,0.409500,64184.000000
2023.01.03 10:10,0.409500,0.410000,0.409400,0.409900,178624.000000
2023.01.03 10:15,0.409900,0.410400,0.409200,0.409400,104826.000000
2023.01.03 10:20,0.409400,0.409400,0.408400,0.408400,168047.000000
2023.01.03 10:25,0.408400,0.408500,0.408000,0.408000,50951.000000
2023.01.03 10:30,0.408000,0.408200,0.407500,0.407500,156602.000000
2023.01.03 10:35,0.407500,0.408000,0.407400,0.408000,41111.000000
2023.01.03 10:40,0.408000,0.408600,0.408000,0.408200,50557.000000
2023.01.03 10:45,0.408200,0.409000,0.408200,0.408800,19132.000000
2023.01.03 10:50,0.408800,0.408800,0.408100,0.408400,94456.000000
2023.01.03 10:55,0.408400,0.408600,0.408100,0.408500,24886.000000
2023.01.03 11:00,0.408500,0.409200,0.408000,0.408200,133029.000000
2023.01.03 11:05,0.408200,0.408200,0.407500,0.407600,135443.000000
2023.01.03 11:10,0.407600,0.407600,0.406600,0.406600,122329.000000
2023.01.03 11:15,0.406600,0.406700,0.405400,0.406300,427323.000000
2023.01.03 11:20,0.406300,0.407400,0.406300,0.407300,131652.000000
2023.01.03 11:25,0.407300,0.407800,0.407300,0.407700,42807.000000
2023.01.03 11:30,0.407700,0.408400,0.407500,0.408200,256737.000000
2023.01.03 11:35,0.408200,0.408700,0.408000,0.408300,38993.000000
2023.01.03 11:40,0.408300,0.408700,0.407800,0.408000,276676.000000
2023.01.03 11:45,0.408000,0.409200,0.407800,0.408900,247143.000000
2023.01.03 11:50,0.408900,0.409900,0.408800,0.409800,289993.000000
2023.01.03 11:55,0.409800,0.411400,0.409800,0.410900,139462.000000
2023.01.03 12:00,0.410900,0.410900,0.410100,0.410200,97137.000000
2023.01.03 12:05,0.410200,0.410300,0.409500,0.409900,3954.000000
2023.01.03 12:10,0.409900,0.409900,0.409600,0.409600,21817.000000
2023.01.03 12:15,0.409600,0.410500,0.409400,0.409900,32075.000000
2023.01.03 12:20,0.409900,0.411400,0.409600,0.411000,286117.000000
2023.01.03 12:25,0.411000,0.412300,0.410800,0.410800,230348.000000
2023.01.03 12:30,0.410800,0.411700,0.410400,0.411400,157370.000000
2023.01.03 12:35,0.411400,0.411800,0.411100,0.411300,44937.000000
2023.01.03 12:40,0.411300,0.412100,0.411300,0.411800,40432.000000
2023.01.03 12:45,0.411800,0.412300,0.411300,0.411300,75556.000000
2023.01.03 12:50,0.411300,0.412500,0.411300,0.412500,20116.000000
2023.01.03 12:55,0.412500,0.413300,0.411800,0.412000,181172.000000
2023.01.03 13:00,0.412000,0.412300,0.411200,0.411300,38966.000000
2023.01.03 13:05,0.411300,0.411300,0.410600,0.410600,80273.000000
2023.01.03 13:10,0.410600,0.410700,0.409700,0.409700,133825.000000
2023.01.03 13:15,0.409700,0.410500,0.409700,0.410200,110296.000000
2023.01.03 13:20,0.410200,0.410500,0.409800,0.410000,114543.000000
2023.01.03 13:25,0.410000,0.410800,0.410000,0.410700,33809.000000
2023.01.03 13:30,0.410700,0.410800,0.410100,0.410300,55221.000000
2023.01.03 13:35,0.410300,0.410300,0.409100,0.409700,130940.000000
2023.01.03 13:40,0.409700,0.410500,0.409600,0.410500,61527.000000
2023.01.03 13:45,0.410500,0.410500,0.409800,0.409800,19306.000000
2023.01.03 13:50,0.409800,0.410200,0.408800,0.408900,152877.000000
2023.01.03 13:55,0.408900,0.409600,0.408400,0.408600,54130.000000
2023.01.03 14:00,0.408600,0.409300,0.408200,0.408300,118609.000000
2023.01.03 14:05,0.408300,0.408700,0.407900,0.408300,131085.000000
2023.01.03 14:10,0.408300,0.408900,0.408200,0.408300,159589.000000
2023.01.03 14:15,0.408300,0.408500,0.407400,0.407500,95282.000000
2023.01.03 14:20,0.407500,0.408000,0.407000,0.407300,124637.000000
2023.01.03 14:25,0.407300,0.408200,0.407300,0.408000,192744.000000
2023.01.03 14:30,0.408000,0.409000,0.408000,0.408800,162054.000000
2023.01.03 14:35,0.408800,0.408800,0.408500,0.408500,20217.000000
2023.01.03 14:40,0.408500,0.408600,0.405900,0.406300,406511.000000
2023.01.03 14:45,0.406300,0.406700,0.404900,0.406100,526518.000000
2023.01.03 14:50,0.406100,0.406300,0.405900,0.406200,99206.000000
2023.01.03 14:55,0.406200,0.406200,0.405600,0.406000,79973.000000
2023.01.03 15:00,0.406000,0.406800,0.406000,0.406800,110471.000000
2023.01.03 15:05,0.406800,0.407300,0.406300,0.406400,146835.000000
2023.01.03 15:10,0.406400,0.406600,0.406200,0.406200,22075.000000
2023.01.03 15:15,0.406200,0.406200,0.405000,0.405000,37360.000000
2023.01.03 15:20,0.405000,0.406500,0.404900,0.406500,87237.000000
2023.01.03 15:25,0.406500,0.406700,0.406300,0.406500,48005.000000
2023.01.03 15:30,0.406500,0.406900,0.406000,0.406900,33684.000000
2023.01.03 15:35,0.406900,0.407100,0.406300,0.406400,91977.000000
2023.01.03 15:40,0.406400,0.406900,0.406300,0.406300,68347.000000
2023.01.03 15:45,0.406300,0.406500,0.404800,0.405200,149614.000000
2023.01.03 15:50,0.405200,0.405200,0.403600,0.404100,548471.000000
2023.01.03 15:55,0.404100,0.405500,0.404100,0.405400,114200.000000
2023.01.03 16:00,0.405400,0.406300,0.405000,0.406300,186067.000000
2023.01.03 16:05,0.406300,0.406700,0.405100,0.405400,235105.000000
2023.01.03 16:10,0.405400,0.406200,0.405400,0.405600,7228.000000
2023.01.03 16:15,0.405600,0.406900,0.405500,0.406900,118260.000000
2023.01.03 16:20,0.406900,0.407900,0.406600,0.406600,480321.000000
2023.01.03 16:25,0.406600,0.406600,0.405100,0.405700,231566.000000
2023.01.03 16:30,0.405700,0.405700,0.405000,0.405000,53007.000000
2023.01.03 16:35,0.405000,0.406700,0.405000,0.406300,130150.000000
2023.01.03 16:40,0.406300,0.406700,0.406100,0.406200,78028.000000
2023.01.03 16:45,0.406200,0.406900,0.406200,0.406800,31521.000000
2023.01.03 16:50,0.406800,0.408000,0.406300,0.406800,162397.000000
2023.01.03 16:55,0.406800,0.406800,0.405600,0.405600,57448.000000
2023.01.03 17:00,0.405600,0.406100,0.405500,0.406000,123984.000000
2023.01.03 17:05,0.406000,0.407500,0.406000,0.407000,167817.000000
2023.01.03 17:10,0.407000,0.408100,0.406500,0.407900,401379.000000
2023.01.03 17:15,0.407900,0.407900,0.406600,0.407100,93235.000000
2023.01.03 17:20,0.407100,0.407700,0.406400,0.407100,136997.000000
2023.01.03 17:25,0.407100,0.408400,0.407100,0.408000,311059.000000
2023.01.03 17:30,0.408000,0.409200,0.406900,0.408700,401523.000000
2023.01.03 17:35,0.408700,0.409000,0.407300,0.408400,59595.000000
2023.01.03 17:40,0.408400,0.409600,0.408300,0.409100,204770.000000
2023.01.03 17:45,0.409100,0.409500,0.407600,0.407700,143522.000000
2023.01.03 17:50,0.407700,0.408200,0.405900,0.406500,260482.000000
2023.01.03 17:55,0.406500,0.406700,0.402200,0.404200,1203376.000000
2023.01.03 18:00,0.404200,0.405700,0.403800,0.405200,345915.000000
2023.01.03 18:05,0.405200,0.405500,0.404700,0.405400,176656.000000
2023.01.03 18:10,0.405400,0.405500,0.403400,0.404000,251658.000000
2023.01.03 18:15,0.404000,0.404800,0.402300,0.402300,652085.000000
2023.01.03 18:20,0.402300,0.403600,0.402300,0.403500,167805.000000
2023.01.03 18:25,0.403500,0.403900,0.403200,0.403600,144810.000000
2023.01.03 18:30,0.403600,0.403600,0.401400,0.401900,269966.000000
2023.01.03 18:35,0.401900,0.403400,0.401900,0.402800,190956.000000
2023.01.03 18:40,0.402800,0.404200,0.402800,0.403700,166330.000000
2023.01.03 18:45,0.403700,0.404800,0.403700,0.404700,247456.000000
2023.01.03 18:50,0.404700,0.405100,0.404100,0.404500,118712.000000
2023.01.03 18:55,0.404500,0.405900,0.404200,0.405900,169372.000000
2023.01.03 19:00,0.405900,0.406000,0.405300,0.405900,185148.000000
2023.01.03 19:05,0.405900,0.409300,0.405900,0.407700,672619.000000
2023.01.03 19:10,0.407700,0.408300,0.405700,0.405800,426243.000000
2023.01.03 19:15,0.405800,0.407200,0.405400,0.406700,412653.000000
2023.01.03 19:20,0.406700,0.407200,0.405700,0.406700,428160.000000
2023.01.03 19:25,0.406700,0.406700,0.404400,0.406100,223276.000000
2023.01.03 19:30,0.406100,0.406300,0.405200,0.405200,35694.000000
2023.01.03 19:35,0.405200,0.405900,0.405200,0.405900,72109.000000
2023.01.03 19:40,0.405900,0.406400,0.405300,0.405300,93161.000000
2023.01.03 19:45,0.405300,0.405500,0.404900,0.405400,83113.000000
2023.01.03 19:50,0.405400,0.405700,0.404400,0.405000,536314.000000
2023.01.03 19:55,0.405000,0.405200,0.402200,0.402500,370537.000000
2023.01.03 20:00,0.402500,0.404000,0.402500,0.403900,160613.000000
2023.01.03 20:05,0.403900,0.404700,0.403500,0.404400,42543.000000
2023.01.03 20:10,0.404400,0.404900,0.404400,0.404400,191348.000000
2023.01.03 20:15,0.404400,0.404400,0.403200,0.403200,14201.000000
2023.01.03 20:20,0.403200,0.403400,0.402000,0.402100,78037.000000
2023.01.03 20:25,0.402100,0.403500,0.402100,0.403100,159355.000000
2023.01.03 20:30,0.403100,0.404600,0.402900,0.404200,113675.000000
2023.01.03 20:35,0.404200,0.404700,0.404200,0.404500,29580.000000
2023.01.03 20:40,0.404500,0.404500,0.403500,0.403500,11089.000000
2023.01.03 20:45,0.403500,0.403500,0.402800,0.403400,31801.000000
2023.01.03 20:50,0.403400,0.404400,0.403400,0.404200,16334.000000
2023.01.03 20:55,0.404200,0.404600,0.403900,0.404400,242291.000000
2023.01.03 21:00,0.404400,0.404500,0.403200,0.404100,85645.000000
2023.01.03 21:05,0.404100,0.404100,0.403300,0.403500,8014.000000
2023.01.03 21:10,0.403500,0.403900,0.403200,0.403400,23464.000000
2023.01.03 21:15,0.403400,0.404100,0.402800,0.404000,243382.000000
2023.01.03 21:20,0.404000,0.404700,0.404000,0.404500,30746.000000
2023.01.03 21:25,0.404500,0.406000,0.404500,0.405700,179836.000000
2023.01.03 21:30,0.405700,0.407100,0.405600,0.405900,150261.000000
2023.01.03 21:35,0.405900,0.406100,0.405600,0.405600,7776.000000
2023.01.03 21:40,0.405600,0.406200,0.405500,0.405700,6251.000000
2023.01.03 21:45,0.405700,0.405800,0.405100,0.405400,24986.000000
2023.01.03 21:50,0.405400,0.407000,0.405400,0.406900,13789.000000
2023.01.03 21:55,0.406900,0.407300,0.406500,0.407100,152652.000000
2023.01.03 22:00,0.407100,0.407300,0.406400,0.406500,68821.000000
2023.01.03 22:05,0.406500,0.406800,0.406000,0.406100,54684.000000
2023.01.03 22:10,0.406100,0.406100,0.405300,0.405700,36651.000000
2023.01.03 22:15,0.405700,0.407200,0.405700,0.407200,35126.000000
2023.01.03 22:20,0.407200,0.407300,0.406500,0.406600,67223.000000
2023.01.03 22:25,0.406600,0.407200,0.406400,0.407000,24261.000000
2023.01.03 22:30,0.407000,0.407200,0.406300,0.406800,6848.000000
2023.01.03 22:35,0.406800,0.406800,0.406100,0.406100,42503.000000
2023.01.03 22:40,0.406100,0.407600,0.406100,0.407600,42543.000000
2023.01.03 22:45,0.407600,0.408200,0.407400,0.408200,66637.000000
2023.01.03 22:50,0.408200,0.408200,0.407600,0.408000,10236.000000
2023.01.03 22:55,0.408000,0.408700,0.407900,0.408600,106242.000000
2023.01.03 23:00,0.408600,0.408700,0.408000,0.408500,67767.000000
2023.01.03 23:05,0.408500,0.408700,0.408100,0.408100,16676.000000
2023.01.03 23:10,0.408100,0.409500,0.408100,0.409400,122986.000000
2023.01.03 23:15,0.409400,0.409800,0.408500,0.408500,256226.000000
2023.01.03 23:20,0.408500,0.408600,0.407800,0.407800,50050.000000
2023.01.03 23:25,0.407800,0.409000,0.407800,0.408400,125453.000000
2023.01.03 23:30,0.408400,0.409500,0.408400,0.409400,53093.000000
2023.01.03 23:35,0.409400,0.410400,0.408800,0.409800,339274.000000
2023.01.03 23:40,0.409800,0.410200,0.409400,0.410000,26935.000000
2023.01.03 23:45,0.410000,0.410000,0.409300,0.409900,12818.000000
2023.01.03 23:50,0.409900,0.411200,0.409900,0.411000,314357.000000
2023.01.03 23:55,0.411000,0.411000,0.410400,0.411000,219539.000000
2023.01.04 00:00,0.411000,0.411200,0.410200,0.411200,60674.000000
2023.01.04 00:05,0.411200,0.411200,0.410400,0.410400,64163.000000
2023.01.04 00:10,0.410400,0.410700,0.409600,0.410700,94536.000000
2023.01.04 00:15,0.410700,0.411800,0.410700,0.411300,274015.000000
2023.01.04 00:20,0.411300,0.411300,0.410000,0.410300,554339.000000
2023.01.04 00:25,0.410300,0.410700,0.410100,0.410100,86879.000000
2023.01.04 00:30,0.410100,0.410400,0.410100,0.410100,59687.000000
2023.01.04 00:35,0.410100,0.410400,0.410000,0.410200,148067.000000
2023.01.04 00:40,0.410200,0.411100,0.409700,0.410800,136979.000000
2023.01.04 00:45,0.410800,0.412000,0.410700,0.411800,260591.000000
2023.01.04 00:50,0.411800,0.412600,0.411500,0.412500,158579.000000
2023.01.04 00:55,0.412500,0.412600,0.412000,0.412100,227229.000000
2023.01.04 01:00,0.412100,0.412400,0.411700,0.412300,284017.000000
2023.01.04 01:05,0.412300,0.412600,0.411600,0.411600,49994.000000
2023.01.04 01:10,0.411600,0.411800,0.411500,0.411500,80740.000000
2023.01.04 01:15,0.411500,0.411600,0.410900,0.411100,45284.000000
2023.01.04 01:20,0.411100,0.411500,0.411100,0.411500,46402.000000
2023.01.04 01:25,0.411500,0.411500,0.410800,0.410900,35552.000000
2023.01.04 01:30,0.410900,0.411200,0.410200,0.410200,168621.000000
2023.01.04 01:35,0.410200,0.410900,0.410200,0.410700,20523.000000
2023.01.04 01:40,0.410700,0.410900,0.409400,0.410000,190981.000000
2023.01.04 01:45,0.410000,0.410400,0.410000,0.410100,63373.000000
2023.01.04 01:50,0.410100,0.410400,0.410000,0.410100,52291.000000
2023.01.04 01:55,0.410100,0.411700,0.410100,0.411600,261312.000000
2023.01.04 02:00,0.411600,0.412800,0.411200,0.412500,340649.000000
2023.01.04 02:05,0.412500,0.418900,0.412500,0.414900,2308776.000000
2023.01.04 02:10,0.414900,0.415800,0.414300,0.414700,133017.000000
2023.01.04 02:15,0.414700,0.415500,0.414300,0.414700,136229.000000
2023.01.04 02:20,0.414700,0.415100,0.414200,0.414200,121950.000000
2023.01.04 02:25,0.414200,0.414700,0.414200,0.414500,36099.000000
2023.01.04 02:30,0.414500,0.414600,0.413300,0.414100,235005.000000
2023.01.04 02:35,0.414100,0.414400,0.412900,0.414200,134888.000000
2023.01.04 02:40,0.414200,0.415600,0.414200,0.415500,169126.000000
2023.01.04 02:45,0.415500,0.416400,0.415000,0.416400,152877.000000
2023.01.04 02:50,0.416400,0.419400,0.416400,0.417400,594212.000000
2023.01.04 02:55,0.417400,0.419100,0.417400,0.417600,388963.000000
2023.01.04 03:00,0.417600,0.417800,0.415200,0.416300,928469.000000
2023.01.04 03:05,0.416300,0.416300,0.414200,0.414200,391178.000000
2023.01.04 03:10,0.414200,0.415200,0.414200,0.415100,309891.000000
2023.01.04 03:15,0.415100,0.415500,0.414500,0.414900,285363.000000
2023.01.04 03:20,0.414900,0.416000,0.414700,0.416000,72669.000000
2023.01.04 03:25,0.416000,0.416200,0.415500,0.415500,99545.000000
2023.01.04 03:30,0.415500,0.416600,0.415000,0.416500,171455.000000
2023.01.04 03:35,0.416500,0.416500,0.414500,0.415000,130563.000000
2023.01.04 03:40,0.415000,0.415200,0.413700,0.413800,271588.000000
2023.01.04 03:45,0.413800,0.415100,0.413800,0.415100,121695.000000
2023.01.04 03:50,0.415100,0.416700,0.415100,0.416600,112997.000000
2023.01.04 03:55,0.416600,0.418300,0.416300,0.416900,250429.000000
2023.01.04 04:00,0.416900,0.418700,0.416800,0.417400,180021.000000
2023.01.04 04:05,0.417400,0.419600,0.417400,0.418900,367393.000000
2023.01.04 04:10,0.418900,0.422400,0.418900,0.421300,1131181.000000
2023.01.04 04:15,0.421300,0.426900,0.420700,0.426900,1673114.000000
2023.01.04 04:20,0.426900,0.429400,0.422700,0.423800,1962365.000000
2023.01.04 04:25,0.423800,0.424600,0.423200,0.423900,315544.000000
2023.01.04 04:30,0.423900,0.426200,0.423700,0.424000,228397.000000
2023.01.04 04:35,0.424000,0.426800,0.424000,0.426400,169529.000000
2023.01.04 04:40,0.426400,0.430000,0.426400,0.429200,1126630.000000
2023.01.04 04:45,0.429200,0.430500,0.427000,0.427000,448677.000000
2023.01.04 04:50,0.427000,0.427900,0.425900,0.426100,426407.000000
2023.01.04 04:55,0.426100,0.428600,0.426100,0.427700,345861.000000
2023.01.04 05:00,0.427700,0.428500,0.426300,0.427400,277505.000000
2023.01.04 05:05,0.427400,0.429300,0.427400,0.427700,275375.000000
2023.01.04 05:10,0.427700,0.428000,0.426900,0.427600,98061.000000
2023.01.04 05:15,0.427600,0.428900,0.427500,0.428700,109128.000000
2023.01.04 05:20,0.428700,0.428700,0.427500,0.427500,111773.000000
2023.01.04 05:25,0.427500,0.427600,0.425700,0.427000,440394.000000
2023.01.04 05:30,0.427000,0.427600,0.426600,0.426900,163049.000000
2023.01.04 05:35,0.426900,0.428100,0.425900,0.426200,169536.000000
2023.01.04 05:40,0.426200,0.429300,0.426000,0.428600,202405.000000
2023.01.04 05:45,0.428600,0.429500,0.427200,0.427200,162767.000000
2023.01.04 05:50,0.427200,0.428700,0.426900,0.428700,175432.000000
2023.01.04 05:55,0.428700,0.430500,0.428400,0.428400,366838.000000
2023.01.04 06:00,0.428400,0.429100,0.427400,0.427400,126581.000000
2023.01.04 06:05,0.427400,0.432600,0.427400,0.429500,1177373.000000
2023.01.04 06:10,0.429500,0.430000,0.428000,0.429300,300207.000000
2023.01.04 06:15,0.429300,0.429900,0.427000,0.427000,238264.000000
2023.01.04 06:20,0.427000,0.429600,0.426800,0.427800,386601.000000
2023.01.04 06:25,0.427800,0.429200,0.427400,0.429000,455659.000000
2023.01.04 06:30,0.429000,0.430400,0.428900,0.429800,199859.000000
2023.01.04 06:35,0.429800,0.430400,0.428800,0.428900,264892.000000
2023.01.04 06:40,0.428900,0.429000,0.428000,0.428900,227577.000000
2023.01.04 06:45,0.428900,0.430900,0.428900,0.430500,244013.000000
2023.01.04 06:50,0.430500,0.433300,0.430400,0.433000,450908.000000
2023.01.04 06:55,0.433000,0.435100,0.432500,0.433200,889038.000000
2023.01.04 07:00,0.433200,0.436800,0.433100,0.434900,830603.000000
2023.01.04 07:05,0.434900,0.435600,0.431900,0.433000,981809.000000
2023.01.04 07:10,0.433000,0.433500,0.431400,0.431900,141235.000000
2023.01.04 07:15,0.431900,0.433300,0.431900,0.433200,79420.000000
2023.01.04 07:20,0.433200,0.435500,0.433200,0.434400,198959.000000
2023.01.04 07:25,0.434400,0.435900,0.434200,0.434500,651969.000000
2023.01.04 07:30,0.434500,0.436700,0.434500,0.436000,106425.000000
2023.01.04 07:35,0.436000,0.436600,0.435600,0.436200,84372.000000
2023.01.04 07:40,0.436200,0.436300,0.435500,0.435500,63457.000000
2023.01.04 07:45,0.435500,0.436000,0.435200,0.435300,126162.000000
2023.01.04 07:50,0.435300,0.436700,0.434900,0.436100,302961.000000
2023.01.04 07:55,0.436100,0.436300,0.435600,0.435600,80898.000000
2023.01.04 08:00,0.435600,0.436900,0.435600,0.435900,138773.000000
2023.01.04 08:05,0.435900,0.435900,0.433800,0.434200,263455.000000
2023.01.04 08:10,0.434200,0.434800,0.433000,0.433400,216746.000000
2023.01.04 08:15,0.433400,0.434300,0.433400,0.434300,20475.000000
2023.01.04 08:20,0.434300,0.434800,0.434300,0.434500,24269.000000
2023.01.04 08:25,0.434500,0.435300,0.434500,0.434800,55665.000000
2023.01.04 08:30,0.434800,0.435400,0.434600,0.435100,41363.000000
2023.01.04 08:35,0.435100,0.435200,0.434100,0.434100,52680.000000
2023.01.04 08:40,0.434100,0.435100,0.433900,0.434400,145278.000000
2023.01.04 08:45,0.434400,0.434700,0.433800,0.434400,114419.000000
2023.01.04 08:50,0.434400,0.435400,0.434300,0.435200,214318.000000
2023.01.04 08:55,0.435200,0.436200,0.435200,0.435800,75891.000000
2023.01.04 09:00,0.435800,0.436500,0.434700,0.435200,279867.000000
2023.01.04 09:05,0.435200,0.435300,0.434600,0.435300,199800.000000
2023.01.04 09:10,0.435300,0.435600,0.434800,0.435300,21792.000000
2023.01.04 09:15,0.435300,0.436000,0.434500,0.434500,180593.000000
2023.01.04 09:20,0.434500,0.435100,0.434300,0.434300,120496.000000
2023.01.04 09:25,0.434300,0.434900,0.433900,0.434100,37317.000000
2023.01.04 09:30,0.434100,0.434100,0.433100,0.433400,207280.000000
2023.01.04 09:35,0.433400,0.434300,0.433400,0.433900,111837.000000
2023.01.04 09:40,0.433900,0.434400,0.433300,0.434400,155308.000000
2023.01.04 09:45,0.434400,0.435000,0.433900,0.435000,48540.000000
2023.01.04 09:50,0.435000,0.435500,0.434800,0.435300,41337.000000
2023.01.04 09:55,0.435300,0.435700,0.434900,0.435600,105989.000000
2023.01.04 10:00,0.435600,0.436700,0.434400,0.434400,82080.000000
2023.01.04 10:05,0.434400,0.434400,0.432900,0.434200,135788.000000
2023.01.04 10:10,0.434200,0.434700,0.434000,0.434200,23338.000000
2023.01.04 10:15,0.434200,0.434200,0.433500,0.433800,46152.000000
2023.01.04 10:20,0.433800,0.433800,0.433200,0.433600,19795.000000
2023.01.04 10:25,0.433600,0.433600,0.432100,0.432100,100014.000000
2023.01.04 10:30,0.432100,0.432800,0.432100,0.432800,109888.000000
2023.01.04 10:35,0.432800,0.433700,0.432500,0.433300,163886.000000
2023.01.04 10:40,0.433300,0.433700,0.432800,0.433000,40899.000000
2023.01.04 10:45,0.433000,0.433500,0.432700,0.432900,42514.000000
2023.01.04 10:50,0.432900,0.432900,0.431700,0.432000,120445.000000
2023.01.04 10:55,0.432000,0.433000,0.431800,0.432900,151119.000000
2023.01.04 11:00,0.432900,0.432900,0.431300,0.432800,217869.000000
2023.01.04 11:05,0.432800,0.432800,0.431700,0.432200,60300.000000
2023.01.04 11:10,0.432200,0.432800,0.431500,0.431500,23218.000000
2023.01.04 11:15,0.431500,0.431600,0.430500,0.431000,207285.000000
2023.01.04 11:20,0.431000,0.432300,0.427400,0.429100,820760.000000
2023.01.04 11:25,0.429100,0.429800,0.427800,0.428700,138683.000000
2023.01.04 11:30,0.428700,0.428900,0.427500,0.427700,49549.000000
2023.01.04 11:35,0.427700,0.429700,0.427500,0.429600,122401.000000
2023.01.04 11:40,0.429600,0.430500,0.429600,0.430100,79425.000000
2023.01.04 11:45,0.430100,0.431200,0.430100,0.430400,77307.000000
2023.01.04 11:50,0.430400,0.431200,0.430200,0.431200,65647.000000
2023.01.04 11:55,0.431200,0.431600,0.430000,0.430000,86787.000000
2023.01.04 12:00,0.430000,0.431000,0.430000,0.430700,186317.000000
2023.01.04 12:05,0.430700,0.431200,0.430700,0.430900,26118.000000
2023.01.04 12:10,0.430900,0.431100,0.430500,0.430800,65486.000000
2023.01.04 12:15,0.430800,0.431200,0.430600,0.430800,18001.000000
2023.01.04 12:20,0.430800,0.431100,0.430700,0.430700,13020.000000
2023.01.04 12:25,0.430700,0.430700,0.429700,0.430100,98565.000000
2023.01.04 12:30,0.430100,0.430100,0.429200,0.429400,40923.000000
2023.01.04 12:35,0.429400,0.429700,0.429000,0.429700,41061.000000
2023.01.04 12:40,0.429700,0.429900,0.429300,0.429900,26398.000000
2023.01.04 12:45,0.429900,0.430700,0.429900,0.430400,18823.000000
2023.01.04 12:50,0.430400,0.430500,0.429400,0.429500,78771.000000
2023.01.04 12:55,0.429500,0.430400,0.429200,0.430200,94465.000000
2023.01.04 13:00,0.430200,0.430200,0.429500,0.429600,14440.000000
2023.01.04 13:05,0.429600,0.429800,0.429000,0.429300,139866.000000
2023.01.04 13:10,0.429300,0.429500,0.429200,0.429400,23906.000000
2023.01.04 13:15,0.429400,0.429800,0.429400,0.429500,43786.000000
2023.01.04 13:20,0.429500,0.429600,0.429000,0.429000,27825.000000
2023.01.04 13:25,0.429000,0.429200,0.428500,0.429200,118675.000000
2023.01.04 13:30,0.429200,0.429200,0.428700,0.428800,43141.000000
2023.01.04 13:35,0.428800,0.429000,0.428500,0.428800,49237.000000
2023.01.04 13:40,0.428800,0.428800,0.427400,0.427600,296863.000000
2023.01.04 13:45,0.427600,0.428200,0.427500,0.428200,112312.000000
2023.01.04 13:50,0.428200,0.428700,0.428200,0.428600,18623.000000
2023.01.04 13:55,0.428600,0.429100,0.428500,0.429000,51830.000000
2023.01.04 14:00,0.429000,0.429100,0.429000,0.429000,9337.000000
2023.01.04 14:05,0.429000,0.429100,0.427900,0.428300,43130.000000
2023.01.04 14:10,0.428300,0.428700,0.428300,0.428600,15146.000000
2023.01.04 14:15,0.428600,0.429100,0.428500,0.428500,41070.000000
2023.01.04 14:20,0.428500,0.428600,0.428100,0.428300,11718.000000
2023.01.04 14:25,0.428300,0.428300,0.427900,0.428300,14460.000000
2023.01.04 14:30,0.428300,0.428800,0.428200,0.428200,26704.000000
2023.01.04 14:35,0.428200,0.428800,0.428200,0.428800,2247.000000
2023.01.04 14:40,0.428800,0.429800,0.428800,0.429800,55106.000000
2023.01.04 14:45,0.429800,0.429800,0.429200,0.429200,83267.000000
2023.01.04 14:50,0.429200,0.430500,0.429200,0.430500,229335.000000
2023.01.04 14:55,0.430500,0.430600,0.430000,0.430100,54022.000000
2023.01.04 15:00,0.430100,0.430100,0.428800,0.429100,170048.000000
2023.01.04 15:05,0.429100,0.429500,0.429000,0.429300,11912.000000
2023.01.04 15:10,0.429300,0.429400,0.429300,0.429400,9627.000000
2023.01.04 15:15,0.429400,0.430300,0.429400,0.430300,73286.000000
2023.01.04 15:20,0.430300,0.432000,0.430300,0.431800,131753.000000
2023.01.04 15:25,0.431800,0.433600,0.431800,0.432800,352193.000000
2023.01.04 15:30,0.432800,0.433200,0.431900,0.432200,203371.000000
2023.01.04 15:35,0.432200,0.432200,0.431200,0.431200,75265.000000
2023.01.04 15:40,0.431200,0.431400,0.431000,0.431200,20105.000000
2023.01.04 15:45,0.431200,0.431400,0.429500,0.430000,71342.000000
2023.01.04 15:50,0.430000,0.430900,0.429600,0.429900,192108.000000
2023.01.04 15:55,0.429900,0.429900,0.429300,0.429600,43558.000000
2023.01.04 16:00,0.429600,0.430400,0.429200,0.430400,188354.000000
2023.01.04 16:05,0.430400,0.432000,0.430400,0.431900,234542.000000
2023.01.04 16:10,0.431900,0.432000,0.431500,0.431600,116024.000000
2023.01.04 16:15,0.431600,0.432200,0.431500,0.431900,42185.000000
2023.01.04 16:20,0.431900,0.433000,0.431900,0.432700,130972.000000
2023.01.04 16:25,0.432700,0.433200,0.432100,0.432400,39951.000000
2023.01.04 16:30,0.432400,0.432400,0.431500,0.431500,27758.000000
2023.01.04 16:35,0.431500,0.431900,0.431400,0.431800,1982.000000
2023.01.04 16:40,0.431800,0.432100,0.431700,0.432100,45719.000000
2023.01.04 16:45,0.432100,0.433400,0.432100,0.433100,230731.000000
2023.01.04 16:50,0.433100,0.433500,0.432900,0.433300,210969.000000
2023.01.04 16:55,0.433300,0.433300,0.432100,0.432600,43004.000000
2023.01.04 17:00,0.432600,0.432600,0.431700,0.431900,26243.000000
2023.01.04 17:05,0.431900,0.432000,0.431500,0.431600,216892.000000
2023.01.04 17:10,0.431600,0.431800,0.430700,0.430800,82835.000000
2023.01.04 17:15,0.430800,0.431200,0.430400,0.430400,32044.000000
2023.01.04 17:20,0.430400,0.430500,0.430400,0.430400,19300.000000
2023.01.04 17:25,0.430400,0.433200,0.430200,0.431100,1506992.000000
2023.01.04 17:30,0.431100,0.431500,0.430000,0.430100,317666.000000
2023.01.04 17:35,0.430100,0.432900,0.430100,0.431900,186941.000000
2023.01.04 17:40,0.431900,0.433500,0.431400,0.431500,408617.000000
2023.01.04 17:45,0.431500,0.431900,0.430200,0.430800,518357.000000
2023.01.04 17:50,0.430800,0.432000,0.430600,0.431200,95558.000000
2023.01.04 17:55,0.431200,0.432200,0.431200,0.432100,77597.000000
2023.01.04 18:00,0.432100,0.432700,0.428700,0.429400,331428.000000
2023.01.04 18:05,0.429400,0.430100,0.425400,0.427600,857284.000000
2023.01.04 18:10,0.427600,0.427900,0.426300,0.427700,68281.000000
2023.01.04 18:15,0.427700,0.429800,0.427700,0.429800,329861.000000
2023.01.04 18:20,0.429800,0.430400,0.429200,0.430300,301466.000000
2023.01.04 18:25,0.430300,0.430400,0.429300,0.430100,171005.000000
2023.01.04 18:30,0.430100,0.431200,0.429600,0.431200,121437.000000
2023.01.04 18:35,0.431200,0.433300,0.431200,0.432900,371230.000000
2023.01.04 18:40,0.432900,0.434600,0.432100,0.434100,519158.000000
2023.01.04 18:45,0.434100,0.435200,0.433700,0.434400,207876.000000
2023.01.04 18:50,0.434400,0.436000,0.434300,0.435200,222163.000000
2023.01.04 18:55,0.435200,0.439200,0.435200,0.438500,1059834.000000
2023.01.04 19:00,0.438500,0.440600,0.436900,0.440400,1317357.000000
2023.01.04 19:05,0.440400,0.441100,0.437800,0.440200,731849.000000
2023.01.04 19:10,0.440200,0.442400,0.440200,0.442400,388386.000000
2023.01.04 19:15,0.442400,0.442400,0.438100,0.438500,346177.000000
2023.01.04 19:20,0.438500,0.438500,0.436200,0.436300,521558.000000
2023.01.04 19:25,0.436300,0.437100,0.436100,0.436300,386547.000000
2023.01.04 19:30,0.436300,0.437600,0.435600,0.435600,135558.000000
2023.01.04 19:35,0.435600,0.436100,0.433700,0.434100,434545.000000
2023.01.04 19:40,0.434100,0.434800,0.433100,0.433600,193958.000000
2023.01.04 19:45,0.433600,0.435100,0.433400,0.435100,71522.000000
2023.01.04 19:50,0.435100,0.435100,0.434000,0.434200,59238.000000
2023.01.04 19:55,0.434200,0.434800,0.434100,0.434200,37790.000000
2023.01.04 20:00,0.434200,0.434900,0.433700,0.433800,79632.000000
2023.01.04 20:05,0.433800,0.434400,0.433700,0.433800,52752.000000
2023.01.04 20:10,0.433800,0.434600,0.433800,0.434600,38960.000000
2023.01.04 20:15,0.434600,0.435400,0.434500,0.435100,204404.000000
2023.01.04 20:20,0.435100,0.436500,0.435100,0.436400,70524.000000
2023.01.04 20:25,0.436400,0.437000,0.436400,0.436500,128188.000000
2023.01.04 20:30,0.436500,0.439400,0.436400,0.436800,529882.000000
2023.01.04 20:35,0.436800,0.437700,0.436000,0.436400,151224.000000
2023.01.04 20:40,0.436400,0.437300,0.436200,0.437200,108274.000000
2023.01.04 20:45,0.437200,0.437500,0.435500,0.436200,108913.000000
2023.01.04 20:50,0.436200,0.436200,0.435100,0.435100,62128.000000
2023.01.04 20:55,0.435100,0.435200,0.434100,0.434500,70856.000000
2023.01.04 21:00,0.434500,0.435900,0.434300,0.435700,188945.000000
2023.01.04 21:05,0.435700,0.437200,0.435500,0.437100,46659.000000
2023.01.04 21:10,0.437100,0.437400,0.435900,0.436200,158643.000000
2023.01.04 21:15,0.436200,0.437300,0.436200,0.436400,38178.000000
2023.01.04 21:20,0.436400,0.436500,0.435900,0.436500,50745.000000
2023.01.04 21:25,0.436500,0.437300,0.436400,0.437000,166703.000000
2023.01.04 21:30,0.437000,0.437400,0.436900,0.437300,57783.000000
2023.01.04 21:35,0.437300,0.437900,0.437100,0.437600,59019.000000
2023.01.04 21:40,0.437600,0.438500,0.437400,0.438300,78337.000000
2023.01.04 21:45,0.438300,0.438300,0.436600,0.437700,97496.000000
2023.01.04 21:50,0.437700,0.437700,0.436700,0.436700,47245.000000
2023.01.04 21:55,0.436700,0.436700,0.434800,0.435200,265033.000000
2023.01.04 22:00,0.435200,0.436700,0.431300,0.433000,513214.000000
2023.01.04 22:05,0.433000,0.434600,0.432200,0.432200,95540.000000
2023.01.04 22:10,0.432200,0.432600,0.431300,0.432600,44966.000000
2023.01.04 22:15,0.432600,0.434900,0.432600,0.434900,35940.000000
2023.01.04 22:20,0.434900,0.435600,0.432700,0.432900,158922.000000
2023.01.04 22:25,0.432900,0.433100,0.428800,0.429200,513844.000000
2023.01.04 22:30,0.429200,0.430400,0.428500,0.430400,130805.000000
2023.01.04 22:35,0.430400,0.431400,0.430300,0.430900,66965.000000
2023.01.04 22:40,0.430900,0.431600,0.430200,0.430700,141956.000000
2023.01.04 22:45,0.430700,0.431200,0.430400,0.430400,15425.000000
2023.01.04 22:50,0.430400,0.430700,0.430100,0.430400,57501.000000
2023.01.04 22:55,0.430400,0.431800,0.430000,0.431600,35819.000000
2023.01.04 23:00,0.431600,0.431700,0.430300,0.430600,123485.000000
2023.01.04 23:05,0.430600,0.430700,0.429700,0.429900,31050.000000
2023.01.04 23:10,0.429900,0.430100,0.428900,0.429300,39877.000000
2023.01.04 23:15,0.429300,0.429600,0.428800,0.429200,27849.000000
2023.01.04 23:20,0.429200,0.429700,0.427800,0.428300,69470.000000
2023.01.04 23:25,0.428300,0.429100,0.428200,0.428900,83512.000000
2023.01.04 23:30,0.428900,0.428900,0.428100,0.428200,42678.000000
2023.01.04 23:35,0.428200,0.428200,0.426600,0.427000,113909.000000
2023.01.04 23:40,0.427000,0.427000,0.424100,0.425300,467209.000000
2023.01.04 23:45,0.425300,0.427100,0.424700,0.427100,100535.000000
2023.01.04 23:50,0.427100,0.427300,0.426300,0.426500,36610.000000
2023.01.04 23:55,0.426500,0.427100,0.425600,0.426300,55039.000000
2023.01.05 00:00,0.426300,0.427600,0.425600,0.427400,118177.000000
2023.01.05 00:05,0.427400,0.428200,0.427000,0.428100,152511.000000
2023.01.05 00:10,0.428100,0.428600,0.427700,0.428000,43746.000000
2023.01.05 00:15,0.428000,0.428200,0.427600,0.427900,23902.000000
2023.01.05 00:20,0.427900,0.428700,0.427700,0.428400,79403.000000
2023.01.05 00:25,0.428400,0.428800,0.427800,0.428600,32942.000000
2023.01.05 00:30,0.428600,0.428700,0.428200,0.428300,14280.000000
2023.01.05 00:35,0.428300,0.428300,0.427200,0.427400,28967.000000
2023.01.05 00:40,0.427400,0.427600,0.426800,0.426900,14455.000000
2023.01.05 00:45,0.426900,0.427000,0.426200,0.426200,14671.000000
2023.01.05 00:50,0.426200,0.426600,0.425900,0.426400,32793.000000
2023.01.05 00:55,0.426400,0.427000,0.426200,0.427000,49951.000000
2023.01.05 01:00,0.427000,0.428100,0.427000,0.427800,9065.000000
2023.01.05 01:05,0.427800,0.428000,0.427300,0.427300,65038.000000
2023.01.05 01:10,0.427300,0.427400,0.427100,0.427200,59789.000000
2023.01.05 01:15,0.427200,0.427300,0.427200,0.427300,554.000000
2023.01.05 01:20,0.427300,0.428300,0.427200,0.428100,71440.000000
2023.01.05 01:25,0.428100,0.429800,0.428100,0.429800,54154.000000
2023.01.05 01:30,0.429800,0.429900,0.429300,0.429400,47347.000000
2023.01.05 01:35,0.429400,0.429900,0.429200,0.429500,54554.000000
2023.01.05 01:40,0.429500,0.431300,0.429500,0.430200,199119.000000
2023.01.05 01:45,0.430200,0.431000,0.430200,0.430200,68434.000000
2023.01.05 01:50,0.430200,0.430400,0.430000,0.430300,12307.000000
2023.01.05 01:55,0.430300,0.430600,0.430300,0.430500,11122.000000
2023.01.05 02:00,0.430500,0.431300,0.430200,0.430200,42325.000000
2023.01.05 02:05,0.430200,0.430300,0.429900,0.430000,61877.000000
2023.01.05 02:10,0.430000,0.431300,0.430000,0.431300,98332.000000
2023.01.05 02:15,0.431300,0.431700,0.431000,0.431400,42443.000000
2023.01.05 02:20,0.431400,0.431400,0.431100,0.431300,3526.000000
2023.01.05 02:25,0.431300,0.431600,0.430800,0.430800,36059.000000
2023.01.05 02:30,0.430800,0.432200,0.430800,0.432000,40023.000000
2023.01.05 02:35,0.432000,0.432300,0.431800,0.432300,45509.000000
2023.01.05 02:40,0.432300,0.432300,0.432000,0.432100,83494.000000
2023.01.05 02:45,0.432100,0.432900,0.431600,0.431900,101016.000000
2023.01.05 02:50,0.431900,0.433400,0.431800,0.433400,123603.000000
2023.01.05 02:55,0.433400,0.433700,0.432400,0.432400,76540.000000
2023.01.05 03:00,0.432400,0.434000,0.432300,0.434000,141225.000000
2023.01.05 03:05,0.434000,0.436900,0.434000,0.436200,285442.000000
2023.01.05 03:10,0.436200,0.441000,0.435700,0.440600,731203.000000
2023.01.05 03:15,0.440600,0.443800,0.440600,0.440800,930224.000000
2023.01.05 03:20,0.440800,0.441300,0.439300,0.441100,162989.000000
2023.01.05 03:25,0.441100,0.443900,0.440900,0.442500,607142.000000
2023.01.05 03:30,0.442500,0.443200,0.440200,0.440200,612362.000000
2023.01.05 03:35,0.440200,0.440200,0.438300,0.439400,187268.000000
2023.01.05 03:40,0.439400,0.439400,0.438500,0.438700,102935.000000
2023.01.05 03:45,0.438700,0.438700,0.434500,0.435200,887178.000000
2023.01.05 03:50,0.435200,0.436100,0.434900,0.436100,95547.000000
2023.01.05 03:55,0.436100,0.436400,0.435200,0.435200,291320.000000
