2023.01.01 00:00,10.070000,10.075000,10.070000,10.070000,6345.400000
2023.01.01 00:01,10.070000,10.075000,10.070000,10.075000,5693.600000
2023.01.01 00:02,10.075000,10.075000,10.070000,10.070000,1763.500000
2023.01.01 00:03,10.070000,10.075000,10.070000,10.070000,5236.800000
2023.01.01 00:04,10.070000,10.085000,10.070000,10.080000,12732.400000
2023.01.01 00:05,10.080000,10.090000,10.080000,10.085000,5936.400000
2023.01.01 00:06,10.085000,10.095000,10.085000,10.090000,15608.600000
2023.01.01 00:07,10.090000,10.095000,10.085000,10.095000,3393.000000
2023.01.01 00:08,10.095000,10.095000,10.080000,10.085000,2432.100000
2023.01.01 00:09,10.085000,10.095000,10.085000,10.090000,5760.700000
2023.01.01 00:10,10.090000,10.115000,10.090000,10.105000,45473.500000
2023.01.01 00:11,10.105000,10.110000,10.095000,10.100000,10198.200000
2023.01.01 00:12,10.100000,10.100000,10.095000,10.100000,6580.600000
2023.01.01 00:13,10.100000,10.100000,10.085000,10.090000,5232.900000
2023.01.01 00:14,10.090000,10.095000,10.090000,10.090000,581.500000
2023.01.01 00:15,10.090000,10.100000,10.090000,10.095000,4469.000000
2023.01.01 00:16,10.095000,10.100000,10.090000,10.090000,5409.000000
2023.01.01 00:17,10.090000,10.095000,10.070000,10.070000,36324.500000
2023.01.01 00:18,10.070000,10.085000,10.070000,10.085000,4183.200000
2023.01.01 00:19,10.085000,10.085000,10.080000,10.080000,945.500000
2023.01.01 00:20,10.080000,10.085000,10.070000,10.070000,864.700000
2023.01.01 00:21,10.070000,10.075000,10.060000,10.060000,16673.200000
2023.01.01 00:22,10.060000,10.065000,10.045000,10.045000,16448.000000
2023.01.01 00:23,10.045000,10.050000,10.045000,10.050000,28565.200000
2023.01.01 00:24,10.050000,10.050000,10.030000,10.030000,11434.500000
2023.01.01 00:25,10.030000,10.045000,10.030000,10.040000,7231.000000
2023.01.01 00:26,10.040000,10.045000,10.035000,10.040000,4233.300000
2023.01.01 00:27,10.040000,10.065000,10.040000,10.050000,8020.400000
2023.01.01 00:28,10.050000,10.050000,10.030000,10.040000,6181.600000
2023.01.01 00:29,10.040000,10.050000,10.040000,10.045000,6553.900000
2023.01.01 00:30,10.045000,10.045000,10.035000,10.040000,14632.400000
2023.01.01 00:31,10.040000,10.040000,10.025000,10.025000,22130.200000
2023.01.01 00:32,10.025000,10.030000,10.015000,10.030000,32455.300000
2023.01.01 00:33,10.030000,10.030000,10.020000,10.020000,2288.300000
2023.01.01 00:34,10.020000,10.025000,10.015000,10.015000,16122.500000
2023.01.01 00:35,10.015000,10.025000,10.005000,10.025000,36551.700000
2023.01.01 00:36,10.025000,10.025000,10.010000,10.010000,20462.800000
2023.01.01 00:37,10.010000,10.015000,10.010000,10.015000,11494.300000
2023.01.01 00:38,10.015000,10.015000,10.005000,10.005000,7551.100000
2023.01.01 00:39,10.005000,10.010000,9.980000,10.000000,47632.600000
2023.01.01 00:40,10.000000,10.010000,9.995000,10.010000,20629.800000
2023.01.01 00:41,10.010000,10.015000,10.000000,10.010000,10938.300000
2023.01.01 00:42,10.010000,10.015000,10.005000,10.005000,10494.500000
2023.01.01 00:43,10.005000,10.005000,10.000000,10.000000,2169.900000
2023.01.01 00:44,10.000000,10.005000,9.995000,10.000000,3825.100000
2023.01.01 00:45,10.000000,10.010000,9.995000,9.995000,19155.500000
2023.01.01 00:46,9.995000,10.000000,9.990000,9.990000,12609.400000
2023.01.01 00:47,9.990000,9.995000,9.990000,9.990000,3975.000000
2023.01.01 00:48,9.990000,9.995000,9.980000,9.985000,9763.500000
2023.01.01 00:49,9.985000,9.985000,9.975000,9.980000,21631.300000
2023.01.01 00:50,9.980000,9.985000,9.980000,9.980000,4283.200000
2023.01.01 00:51,9.980000,9.990000,9.980000,9.985000,7915.400000
2023.01.01 00:52,9.985000,10.000000,9.975000,10.000000,30723.600000
2023.01.01 00:53,10.000000,10.000000,9.990000,9.995000,9755.200000
2023.01.01 00:54,9.995000,10.000000,9.985000,10.000000,14676.300000
2023.01.01 00:55,10.000000,10.005000,9.995000,10.005000,8671.900000
2023.01.01 00:56,10.005000,10.010000,10.000000,10.010000,10141.600000
2023.01.01 00:57,10.010000,10.015000,10.005000,10.015000,2742.100000
2023.01.01 00:58,10.015000,10.015000,10.010000,10.015000,13150.900000
2023.01.01 00:59,10.015000,10.015000,10.005000,10.005000,10918.800000
2023.01.01 01:00,10.005000,10.010000,10.005000,10.005000,2334.300000
2023.01.01 01:01,10.005000,10.010000,10.005000,10.010000,2338.300000
2023.01.01 01:02,10.010000,10.010000,10.005000,10.005000,9982.800000
2023.01.01 01:03,10.005000,10.010000,10.005000,10.005000,7273.600000
2023.01.01 01:04,10.005000,10.010000,10.005000,10.010000,6369.300000
2023.01.01 01:05,10.010000,10.010000,10.000000,10.000000,4293.100000
2023.01.01 01:06,10.000000,10.005000,10.000000,10.005000,4692.600000
2023.01.01 01:07,10.005000,10.005000,9.970000,9.985000,32593.000000
2023.01.01 01:08,9.985000,9.990000,9.985000,9.990000,4308.100000
2023.01.01 01:09,9.990000,10.030000,9.990000,10.020000,59421.400000
2023.01.01 01:10,10.020000,10.030000,10.010000,10.020000,19479.600000
2023.01.01 01:11,10.020000,10.050000,10.020000,10.045000,29050.900000
2023.01.01 01:12,10.045000,10.045000,10.025000,10.025000,5959.500000
2023.01.01 01:13,10.025000,10.035000,10.025000,10.035000,7419.300000
2023.01.01 01:14,10.035000,10.045000,10.030000,10.035000,6922.700000
2023.01.01 01:15,10.035000,10.040000,10.035000,10.040000,1659.500000
2023.01.01 01:16,10.040000,10.040000,10.035000,10.035000,3804.500000
2023.01.01 01:17,10.035000,10.040000,10.010000,10.010000,11454.000000
2023.01.01 01:18,10.010000,10.015000,9.990000,9.990000,13441.300000
2023.01.01 01:19,9.990000,10.000000,9.940000,9.950000,130457.300000
2023.01.01 01:20,9.950000,9.970000,9.950000,9.960000,26412.400000
2023.01.01 01:21,9.960000,9.965000,9.940000,9.960000,24246.200000
2023.01.01 01:22,9.960000,9.980000,9.960000,9.970000,15223.100000
2023.01.01 01:23,9.970000,9.980000,9.970000,9.970000,11818.800000
2023.01.01 01:24,9.970000,9.970000,9.955000,9.960000,15716.900000
2023.01.01 01:25,9.960000,9.975000,9.955000,9.975000,6001.600000
2023.01.01 01:26,9.975000,9.990000,9.975000,9.985000,13215.800000
2023.01.01 01:27,9.985000,9.990000,9.975000,9.990000,11641.700000
2023.01.01 01:28,9.990000,10.000000,9.975000,9.990000,17273.100000
2023.01.01 01:29,9.990000,9.990000,9.980000,9.980000,4328.100000
2023.01.01 01:30,9.980000,9.990000,9.980000,9.980000,5770.900000
2023.01.01 01:31,9.980000,10.015000,9.980000,10.015000,27502.100000
2023.01.01 01:32,10.015000,10.030000,10.010000,10.015000,22971.200000
2023.01.01 01:33,10.015000,10.015000,9.990000,10.000000,7510.800000
2023.01.01 01:34,10.000000,10.000000,9.980000,9.990000,4141.900000
2023.01.01 01:35,9.990000,9.990000,9.975000,9.975000,7549.700000
2023.01.01 01:36,9.975000,9.975000,9.945000,9.950000,26282.900000
2023.01.01 01:37,9.950000,9.975000,9.945000,9.950000,37073.300000
2023.01.01 01:38,9.950000,9.960000,9.945000,9.960000,5511.700000
2023.01.01 01:39,9.960000,9.960000,9.950000,9.955000,5106.000000
2023.01.01 01:40,9.955000,9.960000,9.945000,9.955000,14338.700000
2023.01.01 01:41,9.955000,9.955000,9.860000,9.925000,232924.500000
2023.01.01 01:42,9.925000,9.945000,9.925000,9.935000,30384.000000
2023.01.01 01:43,9.935000,9.945000,9.935000,9.945000,9536.400000
2023.01.01 01:44,9.945000,9.960000,9.940000,9.960000,48399.200000
2023.01.01 01:45,9.960000,9.965000,9.955000,9.965000,11965.000000
2023.01.01 01:46,9.965000,9.965000,9.960000,9.965000,3850.700000
2023.01.01 01:47,9.965000,9.965000,9.945000,9.950000,27033.400000
2023.01.01 01:48,9.950000,9.950000,9.915000,9.915000,39545.600000
2023.01.01 01:49,9.915000,9.920000,9.855000,9.890000,95779.100000
2023.01.01 01:50,9.890000,9.900000,9.840000,9.855000,77996.000000
2023.01.01 01:51,9.855000,9.905000,9.845000,9.880000,177168.100000
2023.01.01 01:52,9.880000,9.920000,9.880000,9.915000,31771.400000
2023.01.01 01:53,9.915000,9.970000,9.915000,9.955000,92582.800000
2023.01.01 01:54,9.955000,9.955000,9.910000,9.910000,31614.900000
2023.01.01 01:55,9.910000,9.940000,9.910000,9.930000,19370.300000
2023.01.01 01:56,9.930000,9.935000,9.925000,9.930000,9479.100000
2023.01.01 01:57,9.930000,9.940000,9.920000,9.935000,26748.400000
2023.01.01 01:58,9.935000,9.940000,9.925000,9.935000,9646.800000
2023.01.01 01:59,9.935000,9.940000,9.930000,9.940000,14681.700000
2023.01.01 02:00,9.940000,9.955000,9.940000,9.955000,35538.100000
2023.01.01 02:01,9.955000,9.965000,9.945000,9.950000,30739.900000
2023.01.01 02:02,9.950000,9.965000,9.940000,9.950000,19176.000000
2023.01.01 02:03,9.950000,9.965000,9.950000,9.950000,12829.300000
2023.01.01 02:04,9.950000,9.950000,9.915000,9.925000,24704.300000
2023.01.01 02:05,9.925000,9.950000,9.925000,9.940000,15996.300000
2023.01.01 02:06,9.940000,9.945000,9.925000,9.940000,18507.700000
2023.01.01 02:07,9.940000,9.940000,9.920000,9.925000,7842.600000
2023.01.01 02:08,9.925000,9.925000,9.905000,9.905000,12504.500000
2023.01.01 02:09,9.905000,9.910000,9.885000,9.890000,41788.800000
2023.01.01 02:10,9.890000,9.925000,9.890000,9.920000,37325.200000
2023.01.01 02:11,9.920000,9.930000,9.915000,9.915000,16472.000000
2023.01.01 02:12,9.915000,9.920000,9.910000,9.915000,21056.100000
2023.01.01 02:13,9.915000,9.930000,9.915000,9.930000,22787.600000
2023.01.01 02:14,9.930000,9.940000,9.925000,9.940000,10189.900000
2023.01.01 02:15,9.940000,9.980000,9.940000,9.980000,67232.900000
2023.01.01 02:16,9.980000,9.985000,9.960000,9.985000,26231.300000
2023.01.01 02:17,9.985000,9.990000,9.975000,9.980000,28759.000000
2023.01.01 02:18,9.980000,9.985000,9.975000,9.975000,8563.600000
2023.01.01 02:19,9.975000,9.980000,9.970000,9.975000,3075.800000
2023.01.01 02:20,9.975000,9.985000,9.970000,9.985000,20186.900000
2023.01.01 02:21,9.985000,9.985000,9.955000,9.970000,12046.300000
2023.01.01 02:22,9.970000,9.980000,9.960000,9.975000,8536.100000
2023.01.01 02:23,9.975000,9.980000,9.970000,9.975000,7666.900000
2023.01.01 02:24,9.975000,9.980000,9.975000,9.975000,874.500000
2023.01.01 02:25,9.975000,9.980000,9.975000,9.980000,1361.400000
2023.01.01 02:26,9.980000,9.980000,9.965000,9.975000,12139.400000
2023.01.01 02:27,9.975000,9.975000,9.955000,9.955000,12039.600000
2023.01.01 02:28,9.955000,9.970000,9.955000,9.965000,7803.100000
2023.01.01 02:29,9.965000,9.970000,9.965000,9.970000,1061.400000
2023.01.01 02:30,9.970000,9.970000,9.960000,9.960000,2949.800000
2023.01.01 02:31,9.960000,9.965000,9.935000,9.950000,26863.200000
2023.01.01 02:32,9.950000,9.965000,9.945000,9.960000,27147.400000
2023.01.01 02:33,9.960000,9.970000,9.955000,9.970000,20518.800000
2023.01.01 02:34,9.970000,9.985000,9.965000,9.980000,42278.000000
2023.01.01 02:35,9.980000,9.990000,9.975000,9.985000,16002.800000
2023.01.01 02:36,9.985000,9.990000,9.980000,9.985000,8922.200000
2023.01.01 02:37,9.985000,9.985000,9.970000,9.980000,9145.700000
2023.01.01 02:38,9.980000,9.980000,9.970000,9.980000,4956.300000
2023.01.01 02:39,9.980000,9.980000,9.970000,9.970000,9392.500000
2023.01.01 02:40,9.970000,9.975000,9.970000,9.970000,4137.300000
2023.01.01 02:41,9.970000,9.970000,9.965000,9.970000,4690.100000
2023.01.01 02:42,9.970000,9.970000,9.955000,9.970000,5732.400000
2023.01.01 02:43,9.970000,9.970000,9.955000,9.960000,12009.800000
2023.01.01 02:44,9.960000,9.970000,9.960000,9.965000,3168.500000
2023.01.01 02:45,9.965000,9.970000,9.965000,9.965000,6652.500000
2023.01.01 02:46,9.965000,9.970000,9.965000,9.970000,8600.600000
2023.01.01 02:47,9.970000,9.970000,9.960000,9.960000,5462.800000
2023.01.01 02:48,9.960000,9.965000,9.955000,9.960000,12025.600000
2023.01.01 02:49,9.960000,9.960000,9.945000,9.950000,9889.300000
2023.01.01 02:50,9.950000,9.950000,9.945000,9.950000,8944.100000
2023.01.01 02:51,9.950000,9.950000,9.935000,9.940000,9546.300000
2023.01.01 02:52,9.940000,9.940000,9.935000,9.940000,6615.400000
2023.01.01 02:53,9.940000,9.955000,9.935000,9.940000,12505.300000
2023.01.01 02:54,9.940000,9.955000,9.940000,9.955000,9302.100000
2023.01.01 02:55,9.955000,9.960000,9.945000,9.955000,6226.700000
2023.01.01 02:56,9.955000,9.965000,9.955000,9.955000,6576.800000
2023.01.01 02:57,9.955000,9.955000,9.945000,9.955000,4740.400000
2023.01.01 02:58,9.955000,9.955000,9.950000,9.955000,7031.500000
2023.01.01 02:59,9.955000,9.970000,9.950000,9.965000,23648.900000
2023.01.01 03:00,9.965000,9.975000,9.950000,9.970000,35925.300000
2023.01.01 03:01,9.970000,10.020000,9.970000,10.005000,115938.500000
2023.01.01 03:02,10.005000,10.015000,9.985000,10.000000,37718.300000
2023.01.01 03:03,10.000000,10.015000,10.000000,10.000000,32956.000000
2023.01.01 03:04,10.000000,10.005000,9.975000,9.995000,23956.100000
2023.01.01 03:05,9.995000,10.010000,9.990000,9.995000,19145.600000
2023.01.01 03:06,9.995000,10.005000,9.990000,9.990000,56971.000000
2023.01.01 03:07,9.990000,10.000000,9.985000,9.990000,21214.800000
2023.01.01 03:08,9.990000,9.990000,9.960000,9.965000,21749.000000
2023.01.01 03:09,9.965000,9.965000,9.950000,9.955000,20331.800000
2023.01.01 03:10,9.955000,9.970000,9.950000,9.960000,10039.800000
2023.01.01 03:11,9.960000,9.965000,9.950000,9.955000,10205.300000
2023.01.01 03:12,9.955000,9.955000,9.935000,9.945000,17652.000000
2023.01.01 03:13,9.945000,9.945000,9.935000,9.940000,14449.100000
2023.01.01 03:14,9.940000,9.945000,9.930000,9.940000,19397.600000
2023.01.01 03:15,9.940000,9.950000,9.920000,9.945000,21950.000000
2023.01.01 03:16,9.945000,9.950000,9.940000,9.945000,6086.400000
2023.01.01 03:17,9.945000,9.945000,9.930000,9.930000,8880.300000
2023.01.01 03:18,9.930000,9.950000,9.925000,9.950000,24582.500000
2023.01.01 03:19,9.950000,9.970000,9.940000,9.965000,23259.200000
2023.01.01 03:20,9.965000,9.970000,9.955000,9.965000,14715.900000
2023.01.01 03:21,9.965000,9.990000,9.960000,9.990000,20410.500000
2023.01.01 03:22,9.990000,9.990000,9.960000,9.965000,15741.800000
2023.01.01 03:23,9.965000,10.000000,9.965000,9.995000,23984.800000
2023.01.01 03:24,9.995000,9.995000,9.975000,9.975000,5896.500000
2023.01.01 03:25,9.975000,10.000000,9.975000,9.995000,17256.900000
2023.01.01 03:26,9.995000,10.010000,9.995000,10.000000,13907.900000
2023.01.01 03:27,10.000000,10.010000,9.995000,10.010000,11453.800000
2023.01.01 03:28,10.010000,10.020000,10.005000,10.005000,19987.900000
2023.01.01 03:29,10.005000,10.010000,10.000000,10.010000,19195.800000
2023.01.01 03:30,10.010000,10.010000,9.985000,9.990000,11576.200000
2023.01.01 03:31,9.990000,9.990000,9.985000,9.990000,4171.100000
2023.01.01 03:32,9.990000,9.990000,9.980000,9.985000,4715.300000
2023.01.01 03:33,9.985000,9.990000,9.980000,9.990000,706.900000
2023.01.01 03:34,9.990000,9.990000,9.970000,9.970000,21759.400000
2023.01.01 03:35,9.970000,9.980000,9.960000,9.960000,12580.800000
2023.01.01 03:36,9.960000,9.965000,9.945000,9.955000,23182.800000
2023.01.01 03:37,9.955000,9.955000,9.930000,9.945000,31526.600000
2023.01.01 03:38,9.945000,9.965000,9.945000,9.955000,21681.200000
2023.01.01 03:39,9.955000,9.970000,9.950000,9.965000,13312.700000
2023.01.01 03:40,9.965000,9.965000,9.955000,9.955000,4595.600000
2023.01.01 03:41,9.955000,9.960000,9.945000,9.950000,22506.800000
2023.01.01 03:42,9.950000,9.955000,9.935000,9.945000,8413.800000
2023.01.01 03:43,9.945000,9.955000,9.935000,9.955000,8173.000000
2023.01.01 03:44,9.955000,9.965000,9.945000,9.950000,5044.800000
2023.01.01 03:45,9.950000,9.950000,9.940000,9.950000,6882.700000
2023.01.01 03:46,9.950000,9.970000,9.945000,9.965000,3600.000000
2023.01.01 03:47,9.965000,9.975000,9.960000,9.975000,18344.400000
2023.01.01 03:48,9.975000,9.980000,9.960000,9.970000,11176.900000
2023.01.01 03:49,9.970000,9.980000,9.965000,9.970000,9533.800000
2023.01.01 03:50,9.970000,9.980000,9.970000,9.975000,1016.000000
2023.01.01 03:51,9.975000,9.990000,9.970000,9.990000,12979.600000
2023.01.01 03:52,9.990000,9.990000,9.980000,9.990000,8057.500000
2023.01.01 03:53,9.990000,9.990000,9.975000,9.975000,6895.300000
2023.01.01 03:54,9.975000,9.990000,9.975000,9.985000,10295.500000
2023.01.01 03:55,9.985000,9.995000,9.985000,9.990000,10668.600000
2023.01.01 03:56,9.990000,9.990000,9.980000,9.980000,2714.500000
2023.01.01 03:57,9.980000,9.995000,9.980000,9.990000,11157.300000
2023.01.01 03:58,9.990000,9.995000,9.975000,9.975000,4651.700000
2023.01.01 03:59,9.975000,9.980000,9.975000,9.980000,1268.300000
2023.01.01 04:00,9.980000,9.980000,9.970000,9.975000,16274.800000
2023.01.01 04:01,9.975000,9.980000,9.970000,9.975000,6689.000000
2023.01.01 04:02,9.975000,9.990000,9.975000,9.990000,6556.000000
2023.01.01 04:03,9.990000,9.990000,9.985000,9.985000,4686.600000
2023.01.01 04:04,9.985000,9.990000,9.975000,9.980000,20167.100000
2023.01.01 04:05,9.980000,9.995000,9.980000,9.995000,6504.900000
2023.01.01 04:06,9.995000,10.000000,9.990000,10.000000,12800.800000
2023.01.01 04:07,10.000000,10.005000,9.995000,10.005000,9762.000000
2023.01.01 04:08,10.005000,10.015000,10.000000,10.015000,24879.100000
2023.01.01 04:09,10.015000,10.020000,10.010000,10.020000,11546.600000
2023.01.01 04:10,10.020000,10.055000,10.020000,10.030000,80296.000000
2023.01.01 04:11,10.030000,10.035000,10.020000,10.020000,13238.300000
2023.01.01 04:12,10.020000,10.025000,10.010000,10.010000,7689.100000
2023.01.01 04:13,10.010000,10.020000,10.010000,10.015000,5171.000000
2023.01.01 04:14,10.015000,10.020000,10.005000,10.005000,8606.000000
2023.01.01 04:15,10.005000,10.025000,10.000000,10.015000,13331.100000
2023.01.01 04:16,10.015000,10.025000,10.010000,10.010000,7407.500000
2023.01.01 04:17,10.010000,10.030000,10.010000,10.020000,9103.300000
2023.01.01 04:18,10.020000,10.030000,10.020000,10.025000,9943.900000
2023.01.01 04:19,10.025000,10.030000,10.020000,10.020000,4973.100000
2023.01.01 04:20,10.020000,10.025000,10.015000,10.020000,4749.700000
2023.01.01 04:21,10.020000,10.020000,10.010000,10.020000,15215.400000
2023.01.01 04:22,10.020000,10.020000,10.015000,10.015000,4297.700000
2023.01.01 04:23,10.015000,10.020000,10.010000,10.010000,3967.100000
2023.01.01 04:24,10.010000,10.030000,10.010000,10.020000,7537.500000
2023.01.01 04:25,10.020000,10.030000,10.020000,10.030000,4533.800000
2023.01.01 04:26,10.030000,10.040000,10.015000,10.040000,37747.300000
2023.01.01 04:27,10.040000,10.045000,10.025000,10.030000,12783.700000
2023.01.01 04:28,10.030000,10.035000,10.030000,10.035000,1247.800000
2023.01.01 04:29,10.035000,10.040000,10.030000,10.040000,3376.200000
2023.01.01 04:30,10.040000,10.040000,10.035000,10.035000,5409.400000
2023.01.01 04:31,10.035000,10.050000,10.030000,10.030000,34749.000000
2023.01.01 04:32,10.030000,10.030000,10.020000,10.025000,9567.500000
2023.01.01 04:33,10.025000,10.030000,10.020000,10.025000,12548.800000
2023.01.01 04:34,10.025000,10.040000,10.025000,10.035000,9435.100000
2023.01.01 04:35,10.035000,10.040000,10.030000,10.040000,5030.200000
2023.01.01 04:36,10.040000,10.040000,10.030000,10.030000,5908.500000
2023.01.01 04:37,10.030000,10.035000,10.025000,10.030000,10525.100000
2023.01.01 04:38,10.030000,10.035000,10.030000,10.035000,3792.400000
2023.01.01 04:39,10.035000,10.035000,10.030000,10.030000,1908.900000
2023.01.01 04:40,10.030000,10.045000,10.030000,10.035000,6391.300000
2023.01.01 04:41,10.035000,10.040000,10.030000,10.040000,3114.900000
2023.01.01 04:42,10.040000,10.050000,10.035000,10.050000,8422.100000
2023.01.01 04:43,10.050000,10.055000,10.040000,10.040000,9632.800000
2023.01.01 04:44,10.040000,10.040000,10.015000,10.020000,16242.200000
2023.01.01 04:45,10.020000,10.025000,10.015000,10.015000,20653.600000
2023.01.01 04:46,10.015000,10.020000,10.015000,10.015000,7856.000000
2023.01.01 04:47,10.015000,10.025000,10.015000,10.025000,3297.300000
2023.01.01 04:48,10.025000,10.025000,10.020000,10.025000,501.500000
2023.01.01 04:49,10.025000,10.030000,10.020000,10.030000,4426.300000
2023.01.01 04:50,10.030000,10.030000,10.025000,10.025000,1003.200000
2023.01.01 04:51,10.025000,10.030000,10.015000,10.015000,4649.400000
2023.01.01 04:52,10.015000,10.015000,10.010000,10.010000,10215.300000
2023.01.01 04:53,10.010000,10.015000,10.005000,10.015000,20064.800000
2023.01.01 04:54,10.015000,10.015000,10.010000,10.015000,4696.000000
2023.01.01 04:55,10.015000,10.015000,10.010000,10.015000,677.300000
2023.01.01 04:56,10.015000,10.025000,10.010000,10.025000,5792.000000
2023.01.01 04:57,10.025000,10.030000,10.020000,10.030000,8474.900000
2023.01.01 04:58,10.030000,10.035000,10.015000,10.025000,12859.900000
2023.01.01 04:59,10.025000,10.025000,10.015000,10.020000,4719.700000
2023.01.01 05:00,10.020000,10.025000,10.000000,10.005000,41848.200000
2023.01.01 05:01,10.005000,10.010000,10.000000,10.010000,16376.400000
2023.01.01 05:02,10.010000,10.010000,10.005000,10.005000,4394.600000
2023.01.01 05:03,10.005000,10.010000,9.990000,9.990000,17041.300000
2023.01.01 05:04,9.990000,9.995000,9.980000,9.990000,9403.600000
2023.01.01 05:05,9.990000,9.990000,9.985000,9.985000,1834.900000
2023.01.01 05:06,9.985000,9.995000,9.985000,9.995000,5827.200000
2023.01.01 05:07,9.995000,10.005000,9.990000,10.000000,5864.700000
2023.01.01 05:08,10.000000,10.005000,10.000000,10.005000,3330.000000
2023.01.01 05:09,10.005000,10.020000,10.000000,10.020000,7427.600000
2023.01.01 05:10,10.020000,10.020000,10.010000,10.015000,4348.400000
2023.01.01 05:11,10.015000,10.020000,10.015000,10.020000,1434.000000
2023.01.01 05:12,10.020000,10.030000,10.015000,10.030000,18389.800000
2023.01.01 05:13,10.030000,10.035000,10.025000,10.035000,10188.100000
2023.01.01 05:14,10.035000,10.055000,10.035000,10.045000,31218.100000
2023.01.01 05:15,10.045000,10.055000,10.040000,10.045000,7185.500000
2023.01.01 05:16,10.045000,10.070000,10.040000,10.065000,68622.100000
2023.01.01 05:17,10.065000,10.070000,10.050000,10.050000,8866.600000
2023.01.01 05:18,10.050000,10.055000,10.035000,10.035000,7797.000000
2023.01.01 05:19,10.035000,10.050000,10.035000,10.050000,1905.900000
2023.01.01 05:20,10.050000,10.050000,10.025000,10.040000,21468.000000
2023.01.01 05:21,10.040000,10.040000,10.020000,10.020000,11805.700000
2023.01.01 05:22,10.020000,10.030000,10.020000,10.025000,1949.100000
2023.01.01 05:23,10.025000,10.030000,10.020000,10.025000,11346.200000
2023.01.01 05:24,10.025000,10.030000,10.025000,10.025000,1060.700000
2023.01.01 05:25,10.025000,10.030000,10.015000,10.015000,5786.500000
2023.01.01 05:26,10.015000,10.035000,10.015000,10.035000,15483.300000
2023.01.01 05:27,10.035000,10.035000,10.030000,10.035000,4808.900000
2023.01.01 05:28,10.035000,10.050000,10.030000,10.040000,11089.100000
2023.01.01 05:29,10.040000,10.045000,10.040000,10.045000,3014.400000
2023.01.01 05:30,10.045000,10.045000,10.040000,10.045000,8539.300000
2023.01.01 05:31,10.045000,10.045000,10.040000,10.040000,1190.700000
2023.01.01 05:32,10.040000,10.050000,10.040000,10.050000,13767.100000
2023.01.01 05:33,10.050000,10.050000,10.045000,10.050000,7388.100000
2023.01.01 05:34,10.050000,10.055000,10.050000,10.055000,3471.700000
2023.01.01 05:35,10.055000,10.055000,10.050000,10.050000,2047.800000
2023.01.01 05:36,10.050000,10.055000,10.035000,10.040000,9604.800000
2023.01.01 05:37,10.040000,10.045000,10.040000,10.040000,5837.200000
2023.01.01 05:38,10.040000,10.045000,10.035000,10.035000,4044.100000
2023.01.01 05:39,10.035000,10.035000,10.030000,10.030000,456.700000
2023.01.01 05:40,10.030000,10.030000,10.015000,10.030000,24529.300000
2023.01.01 05:41,10.030000,10.030000,10.020000,10.020000,4325.900000
2023.01.01 05:42,10.020000,10.025000,10.020000,10.025000,19524.500000
2023.01.01 05:43,10.025000,10.025000,10.015000,10.015000,5379.200000
2023.01.01 05:44,10.015000,10.020000,10.015000,10.020000,4303.800000
2023.01.01 05:45,10.020000,10.020000,10.015000,10.015000,5195.000000
2023.01.01 05:46,10.015000,10.020000,10.010000,10.015000,16340.100000
2023.01.01 05:47,10.015000,10.015000,10.005000,10.010000,14656.600000
2023.01.01 05:48,10.010000,10.010000,10.000000,10.000000,18198.000000
2023.01.01 05:49,10.000000,10.010000,10.000000,10.010000,122.100000
2023.01.01 05:50,10.010000,10.010000,10.000000,10.000000,5507.500000
2023.01.01 05:51,10.000000,10.005000,10.000000,10.000000,535.200000
2023.01.01 05:52,10.000000,10.005000,10.000000,10.000000,3328.400000
2023.01.01 05:53,10.000000,10.005000,10.000000,10.000000,589.400000
2023.01.01 05:54,10.000000,10.005000,9.990000,10.005000,31347.800000
2023.01.01 05:55,10.005000,10.005000,10.000000,10.000000,6014.800000
2023.01.01 05:56,10.000000,10.010000,10.000000,10.010000,14154.400000
2023.01.01 05:57,10.010000,10.015000,10.000000,10.005000,6530.700000
2023.01.01 05:58,10.005000,10.005000,10.000000,10.000000,4458.100000
2023.01.01 05:59,10.000000,10.005000,10.000000,10.000000,609.500000
2023.01.01 06:00,10.000000,10.000000,9.985000,9.990000,18174.700000
2023.01.01 06:01,9.990000,9.990000,9.980000,9.985000,11603.200000
2023.01.01 06:02,9.985000,9.990000,9.980000,9.980000,7198.700000
2023.01.01 06:03,9.980000,9.980000,9.970000,9.980000,32003.400000
2023.01.01 06:04,9.980000,9.985000,9.975000,9.980000,3863.100000
2023.01.01 06:05,9.980000,9.985000,9.975000,9.975000,5365.600000
2023.01.01 06:06,9.975000,9.990000,9.975000,9.990000,7120.200000
2023.01.01 06:07,9.990000,9.995000,9.985000,9.995000,5595.900000
2023.01.01 06:08,9.995000,9.995000,9.975000,9.980000,12813.400000
2023.01.01 06:09,9.980000,9.985000,9.970000,9.975000,5434.200000
2023.01.01 06:10,9.975000,9.975000,9.935000,9.955000,68396.900000
2023.01.01 06:11,9.955000,9.960000,9.940000,9.955000,26331.400000
2023.01.01 06:12,9.955000,9.965000,9.945000,9.945000,13309.400000
2023.01.01 06:13,9.945000,9.950000,9.940000,9.945000,8535.100000
2023.01.01 06:14,9.945000,9.945000,9.935000,9.945000,20745.400000
2023.01.01 06:15,9.945000,9.945000,9.925000,9.935000,56902.600000
2023.01.01 06:16,9.935000,9.935000,9.925000,9.930000,12975.000000
2023.01.01 06:17,9.930000,9.930000,9.915000,9.920000,38176.600000
2023.01.01 06:18,9.920000,9.925000,9.895000,9.905000,53781.400000
2023.01.01 06:19,9.905000,9.915000,9.895000,9.915000,50827.500000
2023.01.01 06:20,9.915000,9.930000,9.910000,9.920000,20764.700000
2023.01.01 06:21,9.920000,9.940000,9.920000,9.940000,21890.500000
2023.01.01 06:22,9.940000,9.955000,9.935000,9.940000,33684.900000
2023.01.01 06:23,9.940000,9.945000,9.935000,9.935000,14430.300000
2023.01.01 06:24,9.935000,9.945000,9.935000,9.940000,10793.300000
2023.01.01 06:25,9.940000,9.940000,9.930000,9.935000,17326.900000
2023.01.01 06:26,9.935000,9.945000,9.930000,9.945000,6844.500000
2023.01.01 06:27,9.945000,9.965000,9.940000,9.955000,46620.300000
2023.01.01 06:28,9.955000,9.965000,9.945000,9.965000,12162.600000
2023.01.01 06:29,9.965000,9.965000,9.955000,9.960000,31254.700000
2023.01.01 06:30,9.960000,9.960000,9.935000,9.935000,6296.800000
2023.01.01 06:31,9.935000,9.945000,9.935000,9.945000,6352.000000
2023.01.01 06:32,9.945000,9.950000,9.940000,9.945000,7471.100000
2023.01.01 06:33,9.945000,9.950000,9.945000,9.950000,11101.800000
2023.01.01 06:34,9.950000,9.950000,9.935000,9.935000,13983.300000
2023.01.01 06:35,9.935000,9.940000,9.935000,9.940000,2716.700000
2023.01.01 06:36,9.940000,9.945000,9.935000,9.940000,2236.800000
2023.01.01 06:37,9.940000,9.945000,9.940000,9.945000,1384.200000
2023.01.01 06:38,9.945000,9.945000,9.945000,9.945000,2401.600000
2023.01.01 06:39,9.945000,9.945000,9.945000,9.945000,1712.500000
2023.01.01 06:40,9.945000,9.945000,9.930000,9.940000,15064.000000
2023.01.01 06:41,9.940000,9.945000,9.930000,9.935000,2426.000000
2023.01.01 06:42,9.935000,9.945000,9.930000,9.940000,11108.200000
2023.01.01 06:43,9.940000,9.955000,9.940000,9.955000,2828.800000
2023.01.01 06:44,9.955000,9.955000,9.945000,9.945000,2626.400000
2023.01.01 06:45,9.945000,9.960000,9.945000,9.955000,2551.300000
2023.01.01 06:46,9.955000,9.955000,9.935000,9.940000,2915.600000
2023.01.01 06:47,9.940000,9.940000,9.935000,9.940000,1385.500000
2023.01.01 06:48,9.940000,9.940000,9.930000,9.930000,2846.100000
2023.01.01 06:49,9.930000,9.940000,9.930000,9.930000,16143.900000
2023.01.01 06:50,9.930000,9.935000,9.925000,9.925000,3002.300000
2023.01.01 06:51,9.925000,9.930000,9.925000,9.925000,6868.500000
2023.01.01 06:52,9.925000,9.935000,9.925000,9.930000,5615.800000
2023.01.01 06:53,9.930000,9.935000,9.930000,9.935000,644.500000
2023.01.01 06:54,9.935000,9.970000,9.930000,9.970000,18354.300000
2023.01.01 06:55,9.970000,9.970000,9.955000,9.955000,13386.200000
2023.01.01 06:56,9.955000,9.960000,9.955000,9.955000,3633.200000
2023.01.01 06:57,9.955000,9.960000,9.955000,9.955000,1943.100000
2023.01.01 06:58,9.955000,9.955000,9.945000,9.950000,2649.400000
2023.01.01 06:59,9.950000,9.955000,9.950000,9.950000,1083.200000
2023.01.01 07:00,9.950000,9.965000,9.950000,9.965000,5454.300000
2023.01.01 07:01,9.965000,9.970000,9.960000,9.965000,2438.500000
2023.01.01 07:02,9.965000,9.970000,9.965000,9.965000,2974.500000
2023.01.01 07:03,9.965000,9.980000,9.965000,9.970000,26556.900000
2023.01.01 07:04,9.970000,9.970000,9.965000,9.965000,8266.600000
2023.01.01 07:05,9.965000,9.965000,9.960000,9.965000,404.500000
2023.01.01 07:06,9.965000,9.970000,9.955000,9.960000,17631.500000
2023.01.01 07:07,9.960000,9.965000,9.945000,9.945000,15355.800000
2023.01.01 07:08,9.945000,9.945000,9.905000,9.905000,67765.700000
2023.01.01 07:09,9.905000,9.920000,9.905000,9.905000,17777.100000
2023.01.01 07:10,9.905000,9.920000,9.905000,9.905000,7193.100000
2023.01.01 07:11,9.905000,9.910000,9.895000,9.895000,34047.100000
2023.01.01 07:12,9.895000,9.910000,9.895000,9.905000,8776.500000
2023.01.01 07:13,9.905000,9.910000,9.895000,9.900000,16620.900000
2023.01.01 07:14,9.900000,9.900000,9.875000,9.890000,69901.500000
2023.01.01 07:15,9.890000,9.890000,9.860000,9.870000,45122.100000
2023.01.01 07:16,9.870000,9.880000,9.855000,9.860000,40311.500000
2023.01.01 07:17,9.860000,9.880000,9.850000,9.880000,41524.700000
2023.01.01 07:18,9.880000,9.885000,9.875000,9.885000,12396.700000
2023.01.01 07:19,9.885000,9.885000,9.855000,9.870000,32910.500000
2023.01.01 07:20,9.870000,9.870000,9.850000,9.855000,17420.700000
2023.01.01 07:21,9.855000,9.870000,9.845000,9.865000,24069.400000
2023.01.01 07:22,9.865000,9.870000,9.865000,9.870000,10048.500000
2023.01.01 07:23,9.870000,9.880000,9.865000,9.875000,11392.300000
2023.01.01 07:24,9.875000,9.880000,9.860000,9.865000,10629.600000
2023.01.01 07:25,9.865000,9.880000,9.865000,9.880000,5290.600000
2023.01.01 07:26,9.880000,9.890000,9.875000,9.880000,20992.800000
2023.01.01 07:27,9.880000,9.890000,9.875000,9.890000,16909.600000
2023.01.01 07:28,9.890000,9.890000,9.885000,9.885000,4715.900000
2023.01.01 07:29,9.885000,9.890000,9.875000,9.875000,6224.600000
2023.01.01 07:30,9.875000,9.880000,9.860000,9.865000,17083.400000
2023.01.01 07:31,9.865000,9.880000,9.855000,9.880000,7712.200000
2023.01.01 07:32,9.880000,9.880000,9.875000,9.880000,495.500000
2023.01.01 07:33,9.880000,9.880000,9.870000,9.875000,8025.400000
2023.01.01 07:34,9.875000,9.885000,9.870000,9.875000,16435.800000
2023.01.01 07:35,9.875000,9.875000,9.865000,9.865000,9946.400000
2023.01.01 07:36,9.865000,9.875000,9.865000,9.875000,4683.700000
2023.01.01 07:37,9.875000,9.880000,9.870000,9.870000,4936.100000
2023.01.01 07:38,9.870000,9.875000,9.865000,9.865000,18224.300000
2023.01.01 07:39,9.865000,9.870000,9.860000,9.860000,5213.800000
2023.01.01 07:40,9.860000,9.865000,9.860000,9.865000,3582.800000
2023.01.01 07:41,9.865000,9.870000,9.860000,9.870000,5245.200000
2023.01.01 07:42,9.870000,9.870000,9.855000,9.855000,26930.200000
2023.01.01 07:43,9.855000,9.865000,9.855000,9.860000,1182.900000
2023.01.01 07:44,9.860000,9.870000,9.855000,9.865000,19893.500000
2023.01.01 07:45,9.865000,9.865000,9.855000,9.860000,5605.700000
2023.01.01 07:46,9.860000,9.865000,9.860000,9.865000,15602.500000
2023.01.01 07:47,9.865000,9.865000,9.850000,9.855000,10042.800000
2023.01.01 07:48,9.855000,9.855000,9.835000,9.855000,44835.600000
2023.01.01 07:49,9.855000,9.860000,9.840000,9.845000,12435.500000
2023.01.01 07:50,9.845000,9.855000,9.835000,9.850000,21147.800000
2023.01.01 07:51,9.850000,9.865000,9.850000,9.860000,26267.600000
2023.01.01 07:52,9.860000,9.870000,9.840000,9.845000,27666.100000
2023.01.01 07:53,9.845000,9.850000,9.840000,9.845000,26789.400000
2023.01.01 07:54,9.845000,9.855000,9.845000,9.850000,3363.700000
2023.01.01 07:55,9.850000,9.855000,9.850000,9.855000,1256.300000
2023.01.01 07:56,9.855000,9.860000,9.840000,9.850000,12999.400000
2023.01.01 07:57,9.850000,9.850000,9.840000,9.840000,6284.200000
2023.01.01 07:58,9.840000,9.845000,9.840000,9.845000,12628.500000
2023.01.01 07:59,9.845000,9.845000,9.805000,9.840000,138116.200000
2023.01.01 08:00,9.840000,9.840000,9.820000,9.835000,27218.600000
2023.01.01 08:01,9.835000,9.845000,9.830000,9.835000,23479.400000
2023.01.01 08:02,9.835000,9.845000,9.830000,9.845000,11497.200000
2023.01.01 08:03,9.845000,9.845000,9.840000,9.845000,6057.900000
2023.01.01 08:04,9.845000,9.845000,9.835000,9.845000,4721.700000
2023.01.01 08:05,9.845000,9.845000,9.840000,9.845000,7125.800000
2023.01.01 08:06,9.845000,9.850000,9.840000,9.850000,3923.600000
2023.01.01 08:07,9.850000,9.850000,9.840000,9.845000,13709.100000
2023.01.01 08:08,9.845000,9.850000,9.845000,9.845000,13564.500000
2023.01.01 08:09,9.845000,9.845000,9.835000,9.835000,4795.000000
2023.01.01 08:10,9.835000,9.840000,9.825000,9.830000,9681.100000
2023.01.01 08:11,9.830000,9.835000,9.820000,9.830000,17666.300000
2023.01.01 08:12,9.830000,9.830000,9.820000,9.820000,14139.700000
2023.01.01 08:13,9.820000,9.825000,9.810000,9.820000,17784.600000
2023.01.01 08:14,9.820000,9.820000,9.810000,9.810000,22467.600000
2023.01.01 08:15,9.810000,9.820000,9.805000,9.805000,22717.800000
2023.01.01 08:16,9.805000,9.810000,9.775000,9.795000,122031.700000
2023.01.01 08:17,9.795000,9.810000,9.795000,9.810000,9109.200000
2023.01.01 08:18,9.810000,9.815000,9.800000,9.800000,21175.400000
2023.01.01 08:19,9.800000,9.805000,9.795000,9.795000,13644.000000
2023.01.01 08:20,9.795000,9.795000,9.775000,9.775000,18255.800000
2023.01.01 08:21,9.775000,9.785000,9.770000,9.785000,72295.400000
2023.01.01 08:22,9.785000,9.785000,9.765000,9.765000,53074.800000
2023.01.01 08:23,9.765000,9.770000,9.740000,9.745000,169435.800000
2023.01.01 08:24,9.745000,9.765000,9.740000,9.765000,33820.700000
2023.01.01 08:25,9.765000,9.765000,9.750000,9.750000,29757.900000
2023.01.01 08:26,9.750000,9.765000,9.745000,9.760000,11470.400000
2023.01.01 08:27,9.760000,9.780000,9.755000,9.780000,14623.600000
2023.01.01 08:28,9.780000,9.785000,9.780000,9.785000,31079.400000
2023.01.01 08:29,9.785000,9.785000,9.770000,9.770000,9056.400000
2023.01.01 08:30,9.770000,9.775000,9.770000,9.775000,2795.200000
2023.01.01 08:31,9.775000,9.775000,9.770000,9.775000,7406.700000
2023.01.01 08:32,9.775000,9.775000,9.765000,9.765000,4312.400000
2023.01.01 08:33,9.765000,9.770000,9.765000,9.765000,4523.800000
2023.01.01 08:34,9.765000,9.770000,9.755000,9.755000,19871.200000
2023.01.01 08:35,9.755000,9.760000,9.755000,9.755000,2412.400000
2023.01.01 08:36,9.755000,9.765000,9.755000,9.765000,3034.100000
2023.01.01 08:37,9.765000,9.765000,9.760000,9.765000,4365.800000
2023.01.01 08:38,9.765000,9.765000,9.755000,9.755000,9171.400000
2023.01.01 08:39,9.755000,9.760000,9.745000,9.745000,8983.600000
2023.01.01 08:40,9.745000,9.750000,9.720000,9.720000,40702.000000
2023.01.01 08:41,9.720000,9.730000,9.715000,9.725000,25138.100000
2023.01.01 08:42,9.725000,9.725000,9.710000,9.720000,61474.000000
2023.01.01 08:43,9.720000,9.725000,9.715000,9.715000,17373.400000
2023.01.01 08:44,9.715000,9.725000,9.715000,9.720000,54883.300000
2023.01.01 08:45,9.720000,9.740000,9.720000,9.740000,21625.000000
2023.01.01 08:46,9.740000,9.750000,9.735000,9.750000,17798.800000
2023.01.01 08:47,9.750000,9.775000,9.750000,9.775000,42590.400000
2023.01.01 08:48,9.775000,9.775000,9.765000,9.775000,10892.700000
2023.01.01 08:49,9.775000,9.775000,9.760000,9.760000,4843.000000
2023.01.01 08:50,9.760000,9.785000,9.760000,9.785000,30436.300000
2023.01.01 08:51,9.785000,9.800000,9.780000,9.785000,38875.800000
2023.01.01 08:52,9.785000,9.785000,9.780000,9.785000,9305.800000
2023.01.01 08:53,9.785000,9.785000,9.775000,9.780000,17090.800000
2023.01.01 08:54,9.780000,9.790000,9.780000,9.785000,4430.400000
2023.01.01 08:55,9.785000,9.790000,9.785000,9.785000,4903.600000
2023.01.01 08:56,9.785000,9.800000,9.785000,9.795000,21913.600000
2023.01.01 08:57,9.795000,9.810000,9.790000,9.795000,23069.100000
2023.01.01 08:58,9.795000,9.795000,9.785000,9.795000,8702.300000
2023.01.01 08:59,9.795000,9.795000,9.790000,9.790000,7053.100000
2023.01.01 09:00,9.790000,9.810000,9.785000,9.805000,47646.700000
2023.01.01 09:01,9.805000,9.820000,9.805000,9.820000,24642.000000
2023.01.01 09:02,9.820000,9.825000,9.815000,9.825000,17314.200000
2023.01.01 09:03,9.825000,9.835000,9.820000,9.825000,29502.200000
2023.01.01 09:04,9.825000,9.830000,9.815000,9.815000,26990.500000
2023.01.01 09:05,9.815000,9.820000,9.805000,9.815000,5832.900000
2023.01.01 09:06,9.815000,9.820000,9.810000,9.815000,4246.800000
2023.01.01 09:07,9.815000,9.820000,9.795000,9.800000,13758.600000
2023.01.01 09:08,9.800000,9.805000,9.800000,9.800000,2805.200000
2023.01.01 09:09,9.800000,9.820000,9.800000,9.820000,8176.100000
2023.01.01 09:10,9.820000,9.820000,9.800000,9.805000,11940.700000
2023.01.01 09:11,9.805000,9.810000,9.795000,9.795000,2337.800000
2023.01.01 09:12,9.795000,9.800000,9.790000,9.790000,5778.700000
2023.01.01 09:13,9.790000,9.795000,9.790000,9.795000,12887.600000
2023.01.01 09:14,9.795000,9.805000,9.795000,9.805000,15785.500000
2023.01.01 09:15,9.805000,9.805000,9.795000,9.800000,6641.700000
2023.01.01 09:16,9.800000,9.805000,9.800000,9.805000,2010.700000
2023.01.01 09:17,9.805000,9.810000,9.800000,9.800000,3920.300000
2023.01.01 09:18,9.800000,9.805000,9.795000,9.800000,24353.800000
2023.01.01 09:19,9.800000,9.810000,9.795000,9.810000,3024.700000
2023.01.01 09:20,9.810000,9.810000,9.800000,9.805000,3949.200000
2023.01.01 09:21,9.805000,9.805000,9.780000,9.780000,35315.000000
2023.01.01 09:22,9.780000,9.790000,9.780000,9.785000,5881.400000
2023.01.01 09:23,9.785000,9.795000,9.785000,9.795000,3176.300000
2023.01.01 09:24,9.795000,9.795000,9.780000,9.785000,19676.900000
2023.01.01 09:25,9.785000,9.790000,9.780000,9.780000,11803.400000
2023.01.01 09:26,9.780000,9.790000,9.780000,9.790000,4957.900000
2023.01.01 09:27,9.790000,9.795000,9.780000,9.790000,10327.900000
2023.01.01 09:28,9.790000,9.800000,9.790000,9.795000,6680.200000
2023.01.01 09:29,9.795000,9.810000,9.795000,9.810000,10412.600000
2023.01.01 09:30,9.810000,9.810000,9.800000,9.805000,2257.600000
2023.01.01 09:31,9.805000,9.805000,9.800000,9.805000,1144.700000
2023.01.01 09:32,9.805000,9.805000,9.800000,9.800000,1339.000000
2023.01.01 09:33,9.800000,9.805000,9.790000,9.790000,9266.600000
2023.01.01 09:34,9.790000,9.795000,9.790000,9.795000,2793.400000
2023.01.01 09:35,9.795000,9.795000,9.785000,9.790000,2605.200000
2023.01.01 09:36,9.790000,9.790000,9.780000,9.780000,4132.800000
2023.01.01 09:37,9.780000,9.785000,9.780000,9.780000,1543.900000
2023.01.01 09:38,9.780000,9.785000,9.780000,9.785000,312.500000
2023.01.01 09:39,9.785000,9.785000,9.780000,9.780000,121.000000
2023.01.01 09:40,9.780000,9.785000,9.780000,9.785000,1520.700000
2023.01.01 09:41,9.785000,9.795000,9.780000,9.790000,3987.500000
2023.01.01 09:42,9.790000,9.795000,9.790000,9.795000,2126.800000
2023.01.01 09:43,9.795000,9.800000,9.790000,9.800000,5999.800000
2023.01.01 09:44,9.800000,9.800000,9.795000,9.800000,1799.700000
2023.01.01 09:45,9.800000,9.800000,9.795000,9.800000,2078.800000
2023.01.01 09:46,9.800000,9.800000,9.795000,9.800000,4942.500000
2023.01.01 09:47,9.800000,9.800000,9.790000,9.790000,1925.700000
2023.01.01 09:48,9.790000,9.795000,9.785000,9.790000,4608.300000
2023.01.01 09:49,9.790000,9.790000,9.785000,9.785000,10114.500000
2023.01.01 09:50,9.785000,9.790000,9.780000,9.785000,16213.100000
2023.01.01 09:51,9.785000,9.785000,9.775000,9.780000,11797.700000
2023.01.01 09:52,9.780000,9.780000,9.755000,9.775000,55064.900000
2023.01.01 09:53,9.775000,9.780000,9.770000,9.770000,2919.700000
2023.01.01 09:54,9.770000,9.780000,9.765000,9.770000,5629.500000
2023.01.01 09:55,9.770000,9.775000,9.765000,9.770000,3513.200000
2023.01.01 09:56,9.770000,9.770000,9.765000,9.765000,2486.300000
2023.01.01 09:57,9.765000,9.785000,9.765000,9.785000,3834.200000
2023.01.01 09:58,9.785000,9.785000,9.780000,9.785000,4996.600000
2023.01.01 09:59,9.785000,9.790000,9.780000,9.785000,7947.200000
2023.01.01 10:00,9.785000,9.790000,9.780000,9.780000,3991.900000
2023.01.01 10:01,9.780000,9.785000,9.780000,9.785000,792.800000
2023.01.01 10:02,9.785000,9.790000,9.780000,9.790000,2611.700000
2023.01.01 10:03,9.790000,9.790000,9.775000,9.775000,10214.900000
2023.01.01 10:04,9.775000,9.775000,9.770000,9.775000,1002.500000
2023.01.01 10:05,9.775000,9.780000,9.760000,9.760000,37251.100000
2023.01.01 10:06,9.760000,9.765000,9.750000,9.755000,19193.800000
2023.01.01 10:07,9.755000,9.760000,9.750000,9.760000,14524.000000
2023.01.01 10:08,9.760000,9.770000,9.760000,9.770000,12508.800000
2023.01.01 10:09,9.770000,9.775000,9.765000,9.775000,25722.400000
2023.01.01 10:10,9.775000,9.780000,9.775000,9.775000,5330.900000
2023.01.01 10:11,9.775000,9.780000,9.760000,9.770000,19819.800000
2023.01.01 10:12,9.770000,9.770000,9.760000,9.760000,1374.200000
2023.01.01 10:13,9.760000,9.765000,9.755000,9.755000,14964.200000
2023.01.01 10:14,9.755000,9.765000,9.755000,9.760000,1533.800000
2023.01.01 10:15,9.760000,9.775000,9.755000,9.770000,37434.000000
2023.01.01 10:16,9.770000,9.780000,9.755000,9.755000,30494.300000
2023.01.01 10:17,9.755000,9.760000,9.745000,9.750000,43642.800000
2023.01.01 10:18,9.750000,9.755000,9.730000,9.740000,62957.100000
2023.01.01 10:19,9.740000,9.740000,9.725000,9.725000,25853.500000
2023.01.01 10:20,9.725000,9.730000,9.710000,9.730000,51371.900000
2023.01.01 10:21,9.730000,9.740000,9.725000,9.730000,13893.900000
2023.01.01 10:22,9.730000,9.735000,9.730000,9.730000,3236.600000
2023.01.01 10:23,9.730000,9.735000,9.720000,9.725000,28367.600000
2023.01.01 10:24,9.725000,9.730000,9.725000,9.725000,5608.500000
2023.01.01 10:25,9.725000,9.735000,9.700000,9.725000,54617.100000
2023.01.01 10:26,9.725000,9.725000,9.710000,9.715000,12167.700000
2023.01.01 10:27,9.715000,9.720000,9.700000,9.705000,26328.400000
2023.01.01 10:28,9.705000,9.720000,9.680000,9.705000,111498.800000
2023.01.01 10:29,9.705000,9.730000,9.705000,9.725000,27270.900000
2023.01.01 10:30,9.725000,9.730000,9.715000,9.720000,24928.700000
2023.01.01 10:31,9.720000,9.725000,9.715000,9.725000,9102.400000
2023.01.01 10:32,9.725000,9.725000,9.715000,9.720000,4102.500000
2023.01.01 10:33,9.720000,9.730000,9.715000,9.730000,13136.900000
2023.01.01 10:34,9.730000,9.740000,9.730000,9.740000,3283.900000
2023.01.01 10:35,9.740000,9.740000,9.720000,9.735000,48576.900000
2023.01.01 10:36,9.735000,9.745000,9.730000,9.745000,8219.000000
2023.01.01 10:37,9.745000,9.745000,9.730000,9.730000,2819.200000
2023.01.01 10:38,9.730000,9.745000,9.730000,9.745000,13243.200000
2023.01.01 10:39,9.745000,9.745000,9.730000,9.740000,7536.100000
2023.01.01 10:40,9.740000,9.755000,9.740000,9.755000,15209.500000
2023.01.01 10:41,9.755000,9.755000,9.750000,9.750000,6346.800000
2023.01.01 10:42,9.750000,9.770000,9.750000,9.760000,27704.400000
2023.01.01 10:43,9.760000,9.775000,9.755000,9.770000,8965.700000
2023.01.01 10:44,9.770000,9.770000,9.765000,9.770000,4470.000000
2023.01.01 10:45,9.770000,9.770000,9.760000,9.765000,11202.700000
2023.01.01 10:46,9.765000,9.765000,9.760000,9.760000,2348.000000
2023.01.01 10:47,9.760000,9.765000,9.760000,9.765000,3701.900000
2023.01.01 10:48,9.765000,9.765000,9.760000,9.760000,8234.000000
2023.01.01 10:49,9.760000,9.770000,9.750000,9.760000,29568.100000
2023.01.01 10:50,9.760000,9.775000,9.760000,9.765000,12588.600000
2023.01.01 10:51,9.765000,9.765000,9.760000,9.760000,10488.700000
2023.01.01 10:52,9.760000,9.765000,9.760000,9.765000,4862.100000
2023.01.01 10:53,9.765000,9.775000,9.760000,9.775000,11547.400000
2023.01.01 10:54,9.775000,9.775000,9.770000,9.775000,6067.100000
2023.01.01 10:55,9.775000,9.785000,9.770000,9.775000,21045.100000
2023.01.01 10:56,9.775000,9.785000,9.770000,9.785000,3256.800000
2023.01.01 10:57,9.785000,9.785000,9.780000,9.780000,718.700000
2023.01.01 10:58,9.780000,9.785000,9.780000,9.780000,4787.000000
2023.01.01 10:59,9.780000,9.785000,9.780000,9.780000,7909.000000
2023.01.01 11:00,9.780000,9.785000,9.750000,9.775000,56078.700000
2023.01.01 11:01,9.775000,9.780000,9.770000,9.780000,6848.400000
2023.01.01 11:02,9.780000,9.780000,9.765000,9.765000,3165.100000
2023.01.01 11:03,9.765000,9.770000,9.765000,9.770000,2939.800000
2023.01.01 11:04,9.770000,9.770000,9.765000,9.770000,24124.600000
2023.01.01 11:05,9.770000,9.775000,9.765000,9.770000,9371.900000
2023.01.01 11:06,9.770000,9.775000,9.765000,9.765000,24003.000000
2023.01.01 11:07,9.765000,9.770000,9.755000,9.755000,27341.900000
2023.01.01 11:08,9.755000,9.760000,9.750000,9.750000,8136.400000
2023.01.01 11:09,9.750000,9.760000,9.750000,9.755000,4408.700000
2023.01.01 11:10,9.755000,9.760000,9.750000,9.760000,2341.200000
2023.01.01 11:11,9.760000,9.760000,9.745000,9.750000,13115.000000
2023.01.01 11:12,9.750000,9.750000,9.740000,9.740000,6244.600000
2023.01.01 11:13,9.740000,9.745000,9.740000,9.740000,1755.600000
2023.01.01 11:14,9.740000,9.750000,9.735000,9.745000,11001.400000
2023.01.01 11:15,9.745000,9.750000,9.740000,9.745000,1921.500000
2023.01.01 11:16,9.745000,9.745000,9.735000,9.735000,10503.800000
2023.01.01 11:17,9.735000,9.740000,9.720000,9.735000,22358.800000
2023.01.01 11:18,9.735000,9.750000,9.735000,9.750000,5934.800000
2023.01.01 11:19,9.750000,9.750000,9.745000,9.745000,4165.600000
2023.01.01 11:20,9.745000,9.750000,9.745000,9.750000,1210.800000
2023.01.01 11:21,9.750000,9.750000,9.735000,9.740000,7781.900000
2023.01.01 11:22,9.740000,9.740000,9.725000,9.740000,7265.500000
2023.01.01 11:23,9.740000,9.740000,9.725000,9.730000,4786.800000
2023.01.01 11:24,9.730000,9.740000,9.725000,9.735000,6074.200000
2023.01.01 11:25,9.735000,9.740000,9.735000,9.740000,4557.400000
2023.01.01 11:26,9.740000,9.745000,9.730000,9.730000,24533.500000
2023.01.01 11:27,9.730000,9.735000,9.725000,9.730000,21005.800000
2023.01.01 11:28,9.730000,9.735000,9.725000,9.730000,5139.500000
2023.01.01 11:29,9.730000,9.745000,9.730000,9.730000,11205.800000
2023.01.01 11:30,9.730000,9.735000,9.710000,9.725000,47318.700000
2023.01.01 11:31,9.725000,9.725000,9.710000,9.715000,5382.700000
2023.01.01 11:32,9.715000,9.725000,9.715000,9.725000,9353.300000
2023.01.01 11:33,9.725000,9.730000,9.715000,9.715000,24036.500000
2023.01.01 11:34,9.715000,9.720000,9.710000,9.715000,15956.700000
2023.01.01 11:35,9.715000,9.715000,9.695000,9.700000,38138.700000
2023.01.01 11:36,9.700000,9.715000,9.695000,9.710000,22066.000000
2023.01.01 11:37,9.710000,9.710000,9.705000,9.705000,18373.500000
2023.01.01 11:38,9.705000,9.710000,9.705000,9.705000,9193.400000
2023.01.01 11:39,9.705000,9.710000,9.705000,9.710000,5855.600000
2023.01.01 11:40,9.710000,9.725000,9.705000,9.725000,13856.000000
2023.01.01 11:41,9.725000,9.730000,9.720000,9.725000,35131.700000
2023.01.01 11:42,9.725000,9.735000,9.725000,9.735000,12954.800000
2023.01.01 11:43,9.735000,9.735000,9.720000,9.720000,6835.100000
2023.01.01 11:44,9.720000,9.725000,9.720000,9.725000,2732.700000
2023.01.01 11:45,9.725000,9.725000,9.720000,9.720000,5640.900000
2023.01.01 11:46,9.720000,9.735000,9.720000,9.735000,13059.700000
2023.01.01 11:47,9.735000,9.740000,9.735000,9.740000,3512.800000
2023.01.01 11:48,9.740000,9.740000,9.735000,9.740000,3082.500000
2023.01.01 11:49,9.740000,9.745000,9.735000,9.740000,5066.900000
2023.01.01 11:50,9.740000,9.745000,9.725000,9.730000,12718.400000
2023.01.01 11:51,9.730000,9.730000,9.720000,9.720000,16675.900000
2023.01.01 11:52,9.720000,9.725000,9.720000,9.725000,2436.900000
2023.01.01 11:53,9.725000,9.725000,9.705000,9.705000,29930.000000
2023.01.01 11:54,9.705000,9.725000,9.705000,9.725000,11845.700000
2023.01.01 11:55,9.725000,9.725000,9.720000,9.725000,7798.600000
2023.01.01 11:56,9.725000,9.725000,9.710000,9.715000,4729.700000
2023.01.01 11:57,9.715000,9.720000,9.715000,9.715000,3295.300000
2023.01.01 11:58,9.715000,9.725000,9.715000,9.720000,8864.800000
2023.01.01 11:59,9.720000,9.725000,9.720000,9.725000,3667.100000
2023.01.01 12:00,9.725000,9.730000,9.720000,9.725000,5195.300000
2023.01.01 12:01,9.725000,9.730000,9.725000,9.730000,12399.500000
2023.01.01 12:02,9.730000,9.730000,9.725000,9.730000,2389.500000
2023.01.01 12:03,9.730000,9.735000,9.725000,9.730000,984.300000
2023.01.01 12:04,9.730000,9.740000,9.730000,9.740000,8693.700000
2023.01.01 12:05,9.740000,9.740000,9.730000,9.735000,7588.700000
2023.01.01 12:06,9.735000,9.735000,9.725000,9.730000,5109.200000
2023.01.01 12:07,9.730000,9.735000,9.725000,9.730000,3179.900000
2023.01.01 12:08,9.730000,9.740000,9.725000,9.740000,1883.700000
2023.01.01 12:09,9.740000,9.740000,9.730000,9.735000,5330.900000
2023.01.01 12:10,9.735000,9.755000,9.735000,9.755000,7499.700000
2023.01.01 12:11,9.755000,9.755000,9.750000,9.755000,5595.800000
2023.01.01 12:12,9.755000,9.755000,9.735000,9.740000,23744.200000
2023.01.01 12:13,9.740000,9.750000,9.735000,9.750000,14604.500000
2023.01.01 12:14,9.750000,9.750000,9.745000,9.745000,1929.600000
2023.01.01 12:15,9.745000,9.760000,9.745000,9.760000,16983.500000
2023.01.01 12:16,9.760000,9.765000,9.755000,9.765000,1874.500000
2023.01.01 12:17,9.765000,9.765000,9.750000,9.755000,9861.200000
2023.01.01 12:18,9.755000,9.760000,9.750000,9.760000,3053.300000
2023.01.01 12:19,9.760000,9.760000,9.755000,9.755000,1930.400000
2023.01.01 12:20,9.755000,9.765000,9.750000,9.755000,1390.800000
2023.01.01 12:21,9.755000,9.755000,9.750000,9.755000,10425.600000
2023.01.01 12:22,9.755000,9.760000,9.755000,9.755000,1928.000000
2023.01.01 12:23,9.755000,9.770000,9.755000,9.770000,7853.100000
2023.01.01 12:24,9.770000,9.775000,9.765000,9.775000,17046.200000
2023.01.01 12:25,9.775000,9.775000,9.765000,9.765000,22099.600000
2023.01.01 12:26,9.765000,9.770000,9.765000,9.770000,6831.300000
2023.01.01 12:27,9.770000,9.775000,9.770000,9.775000,2534.300000
2023.01.01 12:28,9.775000,9.775000,9.760000,9.760000,6173.500000
2023.01.01 12:29,9.760000,9.780000,9.760000,9.780000,23286.200000
2023.01.01 12:30,9.780000,9.780000,9.775000,9.780000,4690.400000
2023.01.01 12:31,9.780000,9.785000,9.775000,9.780000,13257.100000
2023.01.01 12:32,9.780000,9.785000,9.775000,9.785000,7692.000000
2023.01.01 12:33,9.785000,9.785000,9.780000,9.780000,4866.400000
2023.01.01 12:34,9.780000,9.790000,9.775000,9.785000,18376.200000
2023.01.01 12:35,9.785000,9.785000,9.770000,9.775000,11381.700000
2023.01.01 12:36,9.775000,9.780000,9.765000,9.770000,11009.900000
2023.01.01 12:37,9.770000,9.775000,9.765000,9.775000,2897.700000
2023.01.01 12:38,9.775000,9.780000,9.770000,9.770000,1208.200000
2023.01.01 12:39,9.770000,9.775000,9.770000,9.770000,1451.600000
2023.01.01 12:40,9.770000,9.770000,9.755000,9.755000,17059.900000
2023.01.01 12:41,9.755000,9.760000,9.755000,9.760000,11183.800000
2023.01.01 12:42,9.760000,9.760000,9.755000,9.755000,3501.300000
2023.01.01 12:43,9.755000,9.770000,9.755000,9.765000,27717.400000
2023.01.01 12:44,9.765000,9.780000,9.765000,9.775000,5765.500000
2023.01.01 12:45,9.775000,9.780000,9.760000,9.780000,30871.900000
2023.01.01 12:46,9.780000,9.780000,9.770000,9.775000,4791.000000
2023.01.01 12:47,9.775000,9.780000,9.775000,9.780000,2894.900000
2023.01.01 12:48,9.780000,9.780000,9.770000,9.775000,13839.800000
2023.01.01 12:49,9.775000,9.775000,9.765000,9.775000,36333.800000
2023.01.01 12:50,9.775000,9.775000,9.770000,9.775000,804.700000
2023.01.01 12:51,9.775000,9.780000,9.770000,9.780000,2679.200000
2023.01.01 12:52,9.780000,9.780000,9.775000,9.780000,620.700000
2023.01.01 12:53,9.780000,9.785000,9.775000,9.785000,5454.300000
2023.01.01 12:54,9.785000,9.785000,9.780000,9.785000,2785.500000
2023.01.01 12:55,9.785000,9.785000,9.780000,9.785000,7469.000000
2023.01.01 12:56,9.785000,9.790000,9.780000,9.785000,1268.500000
2023.01.01 12:57,9.785000,9.815000,9.780000,9.815000,72489.200000
2023.01.01 12:58,9.815000,9.815000,9.785000,9.790000,26877.400000
2023.01.01 12:59,9.790000,9.800000,9.790000,9.800000,6047.000000
2023.01.01 13:00,9.800000,9.805000,9.790000,9.790000,22235.600000
2023.01.01 13:01,9.790000,9.795000,9.785000,9.790000,18164.600000
2023.01.01 13:02,9.790000,9.795000,9.785000,9.790000,3504.300000
2023.01.01 13:03,9.790000,9.800000,9.790000,9.800000,2371.700000
2023.01.01 13:04,9.800000,9.800000,9.795000,9.800000,2431.400000
2023.01.01 13:05,9.800000,9.800000,9.785000,9.785000,4387.100000
2023.01.01 13:06,9.785000,9.795000,9.785000,9.790000,1812.300000
2023.01.01 13:07,9.790000,9.805000,9.790000,9.805000,19557.600000
2023.01.01 13:08,9.805000,9.805000,9.790000,9.800000,13679.900000
2023.01.01 13:09,9.800000,9.800000,9.795000,9.795000,1667.800000
2023.01.01 13:10,9.795000,9.800000,9.785000,9.790000,21805.600000
2023.01.01 13:11,9.790000,9.795000,9.790000,9.795000,7966.500000
2023.01.01 13:12,9.795000,9.795000,9.785000,9.795000,7418.400000
2023.01.01 13:13,9.795000,9.795000,9.785000,9.790000,7075.300000
2023.01.01 13:14,9.790000,9.795000,9.790000,9.790000,644.300000
2023.01.01 13:15,9.790000,9.805000,9.790000,9.795000,27698.600000
2023.01.01 13:16,9.795000,9.800000,9.790000,9.795000,877.400000
2023.01.01 13:17,9.795000,9.805000,9.795000,9.805000,11292.100000
2023.01.01 13:18,9.805000,9.805000,9.795000,9.795000,16777.300000
2023.01.01 13:19,9.795000,9.800000,9.785000,9.790000,20660.700000
2023.01.01 13:20,9.790000,9.790000,9.785000,9.785000,473.400000
2023.01.01 13:21,9.785000,9.790000,9.785000,9.785000,4496.400000
2023.01.01 13:22,9.785000,9.785000,9.775000,9.785000,31674.600000
2023.01.01 13:23,9.785000,9.785000,9.775000,9.775000,1147.300000
2023.01.01 13:24,9.775000,9.780000,9.775000,9.780000,2357.900000
2023.01.01 13:25,9.780000,9.795000,9.780000,9.790000,9135.600000
2023.01.01 13:26,9.790000,9.790000,9.775000,9.785000,2339.300000
2023.01.01 13:27,9.785000,9.795000,9.780000,9.795000,1456.800000
2023.01.01 13:28,9.795000,9.795000,9.790000,9.790000,746.400000
2023.01.01 13:29,9.790000,9.800000,9.790000,9.795000,9230.900000
2023.01.01 13:30,9.795000,9.800000,9.785000,9.790000,5799.900000
2023.01.01 13:31,9.790000,9.790000,9.780000,9.780000,1032.000000
2023.01.01 13:32,9.780000,9.785000,9.775000,9.775000,4775.300000
2023.01.01 13:33,9.775000,9.785000,9.775000,9.785000,2880.500000
2023.01.01 13:34,9.785000,9.785000,9.780000,9.785000,922.800000
2023.01.01 13:35,9.785000,9.785000,9.775000,9.775000,6020.000000
2023.01.01 13:36,9.775000,9.780000,9.770000,9.770000,1954.700000
2023.01.01 13:37,9.770000,9.785000,9.770000,9.785000,3024.200000
2023.01.01 13:38,9.785000,9.785000,9.770000,9.770000,4574.100000
2023.01.01 13:39,9.770000,9.775000,9.765000,9.765000,4100.100000
2023.01.01 13:40,9.765000,9.775000,9.765000,9.775000,2859.500000
2023.01.01 13:41,9.775000,9.775000,9.765000,9.765000,12079.300000
2023.01.01 13:42,9.765000,9.770000,9.765000,9.765000,1455.700000
2023.01.01 13:43,9.765000,9.770000,9.765000,9.765000,10345.300000
2023.01.01 13:44,9.765000,9.770000,9.765000,9.770000,807.800000
2023.01.01 13:45,9.770000,9.780000,9.770000,9.775000,2382.800000
2023.01.01 13:46,9.775000,9.775000,9.765000,9.775000,8798.200000
2023.01.01 13:47,9.775000,9.775000,9.770000,9.770000,999.600000
2023.01.01 13:48,9.770000,9.775000,9.770000,9.770000,1254.900000
2023.01.01 13:49,9.770000,9.780000,9.770000,9.780000,12171.200000
2023.01.01 13:50,9.780000,9.780000,9.775000,9.780000,2163.200000
2023.01.01 13:51,9.780000,9.785000,9.775000,9.780000,7561.200000
2023.01.01 13:52,9.780000,9.790000,9.780000,9.780000,5529.600000
2023.01.01 13:53,9.780000,9.790000,9.780000,9.790000,3105.900000
2023.01.01 13:54,9.790000,9.790000,9.785000,9.790000,2237.200000
2023.01.01 13:55,9.790000,9.795000,9.785000,9.795000,1919.900000
2023.01.01 13:56,9.795000,9.795000,9.785000,9.790000,4620.800000
2023.01.01 13:57,9.790000,9.790000,9.785000,9.785000,432.900000
2023.01.01 13:58,9.785000,9.790000,9.785000,9.785000,167.200000
2023.01.01 13:59,9.785000,9.800000,9.785000,9.800000,16419.000000
2023.01.01 14:00,9.800000,9.810000,9.795000,9.805000,23211.400000
2023.01.01 14:01,9.805000,9.830000,9.800000,9.810000,53540.500000
2023.01.01 14:02,9.810000,9.815000,9.805000,9.805000,19831.100000
2023.01.01 14:03,9.805000,9.820000,9.805000,9.815000,9508.600000
2023.01.01 14:04,9.815000,9.830000,9.815000,9.830000,11313.200000
2023.01.01 14:05,9.830000,9.835000,9.820000,9.835000,38666.500000
2023.01.01 14:06,9.835000,9.895000,9.830000,9.860000,252941.200000
2023.01.01 14:07,9.860000,9.885000,9.860000,9.880000,48335.200000
2023.01.01 14:08,9.880000,9.885000,9.860000,9.865000,42273.500000
2023.01.01 14:09,9.865000,9.915000,9.865000,9.900000,117685.500000
2023.01.01 14:10,9.900000,9.905000,9.890000,9.890000,60796.800000
2023.01.01 14:11,9.890000,9.905000,9.890000,9.905000,47808.200000
2023.01.01 14:12,9.905000,9.935000,9.900000,9.905000,108017.000000
2023.01.01 14:13,9.905000,9.930000,9.905000,9.920000,47839.100000
2023.01.01 14:14,9.920000,9.935000,9.910000,9.935000,28091.300000
2023.01.01 14:15,9.935000,9.935000,9.920000,9.925000,24626.600000
2023.01.01 14:16,9.925000,9.925000,9.920000,9.925000,10883.300000
2023.01.01 14:17,9.925000,9.925000,9.905000,9.910000,30935.800000
2023.01.01 14:18,9.910000,9.915000,9.905000,9.905000,22413.100000
2023.01.01 14:19,9.905000,9.910000,9.905000,9.905000,19373.300000
2023.01.01 14:20,9.905000,9.935000,9.905000,9.930000,35105.000000
2023.01.01 14:21,9.930000,9.965000,9.930000,9.945000,126082.900000
2023.01.01 14:22,9.945000,9.970000,9.940000,9.970000,58540.400000
2023.01.01 14:23,9.970000,9.970000,9.950000,9.950000,48129.600000
2023.01.01 14:24,9.950000,9.955000,9.940000,9.945000,21817.800000
2023.01.01 14:25,9.945000,9.950000,9.935000,9.940000,14408.700000
2023.01.01 14:26,9.940000,9.940000,9.920000,9.920000,24186.600000
2023.01.01 14:27,9.920000,9.925000,9.905000,9.915000,43403.400000
2023.01.01 14:28,9.915000,9.925000,9.910000,9.910000,18333.800000
2023.01.01 14:29,9.910000,9.915000,9.885000,9.895000,82647.800000
2023.01.01 14:30,9.895000,9.895000,9.880000,9.885000,81930.600000
2023.01.01 14:31,9.885000,9.915000,9.885000,9.905000,46408.400000
2023.01.01 14:32,9.905000,9.905000,9.890000,9.900000,25932.400000
2023.01.01 14:33,9.900000,9.900000,9.895000,9.900000,6739.300000
2023.01.01 14:34,9.900000,9.900000,9.895000,9.895000,11831.700000
2023.01.01 14:35,9.895000,9.925000,9.895000,9.925000,25008.100000
2023.01.01 14:36,9.925000,9.935000,9.920000,9.925000,29710.300000
2023.01.01 14:37,9.925000,9.925000,9.915000,9.920000,4277.700000
2023.01.01 14:38,9.920000,9.920000,9.915000,9.920000,782.000000
2023.01.01 14:39,9.920000,9.920000,9.915000,9.915000,363.900000
2023.01.01 14:40,9.915000,9.935000,9.915000,9.935000,33881.800000
2023.01.01 14:41,9.935000,9.935000,9.930000,9.935000,13204.500000
2023.01.01 14:42,9.935000,9.945000,9.935000,9.945000,18392.600000
2023.01.01 14:43,9.945000,9.945000,9.935000,9.935000,11177.200000
2023.01.01 14:44,9.935000,9.935000,9.930000,9.935000,9358.200000
2023.01.01 14:45,9.935000,9.935000,9.925000,9.925000,11802.800000
2023.01.01 14:46,9.925000,9.930000,9.920000,9.930000,18511.100000
2023.01.01 14:47,9.930000,9.930000,9.905000,9.910000,19748.800000
2023.01.01 14:48,9.910000,9.915000,9.895000,9.900000,44686.000000
2023.01.01 14:49,9.900000,9.905000,9.900000,9.900000,4863.500000
2023.01.01 14:50,9.900000,9.910000,9.900000,9.900000,10147.800000
2023.01.01 14:51,9.900000,9.905000,9.890000,9.890000,13630.900000
2023.01.01 14:52,9.890000,9.895000,9.890000,9.890000,6495.400000
2023.01.01 14:53,9.890000,9.900000,9.890000,9.900000,8879.700000
2023.01.01 14:54,9.900000,9.910000,9.895000,9.910000,2825.900000
2023.01.01 14:55,9.910000,9.910000,9.905000,9.910000,13378.500000
2023.01.01 14:56,9.910000,9.930000,9.905000,9.925000,27285.600000
2023.01.01 14:57,9.925000,9.925000,9.920000,9.925000,8416.400000
2023.01.01 14:58,9.925000,9.925000,9.915000,9.920000,4833.500000
2023.01.01 14:59,9.920000,9.920000,9.910000,9.910000,4144.900000
2023.01.01 15:00,9.910000,9.915000,9.900000,9.910000,20598.400000
2023.01.01 15:01,9.910000,9.910000,9.900000,9.900000,4447.100000
2023.01.01 15:02,9.900000,9.910000,9.900000,9.905000,8418.000000
2023.01.01 15:03,9.905000,9.910000,9.900000,9.905000,8313.900000
2023.01.01 15:04,9.905000,9.910000,9.900000,9.910000,4902.600000
2023.01.01 15:05,9.910000,9.915000,9.895000,9.900000,17078.400000
2023.01.01 15:06,9.900000,9.905000,9.895000,9.895000,13216.500000
2023.01.01 15:07,9.895000,9.900000,9.890000,9.890000,7340.900000
2023.01.01 15:08,9.890000,9.895000,9.890000,9.890000,14198.300000
2023.01.01 15:09,9.890000,9.895000,9.885000,9.885000,15146.500000
2023.01.01 15:10,9.885000,9.890000,9.875000,9.875000,25340.800000
2023.01.01 15:11,9.875000,9.880000,9.870000,9.875000,17212.400000
2023.01.01 15:12,9.875000,9.885000,9.870000,9.880000,13936.600000
2023.01.01 15:13,9.880000,9.895000,9.880000,9.895000,23487.300000
2023.01.01 15:14,9.895000,9.920000,9.890000,9.900000,44076.300000
2023.01.01 15:15,9.900000,9.905000,9.900000,9.905000,12969.600000
2023.01.01 15:16,9.905000,9.905000,9.900000,9.900000,8631.600000
2023.01.01 15:17,9.900000,9.910000,9.900000,9.900000,5237.300000
2023.01.01 15:18,9.900000,9.905000,9.890000,9.890000,4428.900000
2023.01.01 15:19,9.890000,9.895000,9.890000,9.895000,4065.600000
2023.01.01 15:20,9.895000,9.895000,9.890000,9.890000,3451.300000
2023.01.01 15:21,9.890000,9.895000,9.885000,9.895000,4077.300000
2023.01.01 15:22,9.895000,9.895000,9.890000,9.895000,420.300000
2023.01.01 15:23,9.895000,9.895000,9.890000,9.890000,1033.500000
2023.01.01 15:24,9.890000,9.900000,9.890000,9.900000,3430.100000
2023.01.01 15:25,9.900000,9.905000,9.895000,9.895000,21749.300000
2023.01.01 15:26,9.895000,9.895000,9.890000,9.895000,1133.100000
2023.01.01 15:27,9.895000,9.895000,9.885000,9.885000,1822.800000
2023.01.01 15:28,9.885000,9.905000,9.885000,9.895000,27307.000000
2023.01.01 15:29,9.895000,9.900000,9.895000,9.900000,3384.600000
2023.01.01 15:30,9.900000,9.905000,9.895000,9.905000,5499.200000
2023.01.01 15:31,9.905000,9.910000,9.905000,9.910000,17698.300000
2023.01.01 15:32,9.910000,9.910000,9.900000,9.900000,7100.600000
2023.01.01 15:33,9.900000,9.905000,9.895000,9.895000,4302.900000
2023.01.01 15:34,9.895000,9.895000,9.890000,9.890000,1239.500000
2023.01.01 15:35,9.890000,9.895000,9.890000,9.890000,5742.200000
2023.01.01 15:36,9.890000,9.905000,9.890000,9.905000,11547.600000
2023.01.01 15:37,9.905000,9.915000,9.905000,9.910000,9814.200000
2023.01.01 15:38,9.910000,9.910000,9.900000,9.905000,11137.500000
2023.01.01 15:39,9.905000,9.905000,9.900000,9.905000,298.400000
2023.01.01 15:40,9.905000,9.910000,9.900000,9.910000,4155.100000
2023.01.01 15:41,9.910000,9.910000,9.900000,9.905000,3470.000000
2023.01.01 15:42,9.905000,9.910000,9.900000,9.910000,2644.500000
2023.01.01 15:43,9.910000,9.910000,9.905000,9.910000,2652.900000
2023.01.01 15:44,9.910000,9.910000,9.900000,9.900000,2391.700000
2023.01.01 15:45,9.900000,9.910000,9.900000,9.910000,6337.600000
2023.01.01 15:46,9.910000,9.915000,9.905000,9.905000,1782.000000
2023.01.01 15:47,9.905000,9.910000,9.900000,9.905000,2507.500000
2023.01.01 15:48,9.905000,9.905000,9.900000,9.900000,1099.600000
2023.01.01 15:49,9.900000,9.905000,9.900000,9.900000,1156.700000
2023.01.01 15:50,9.900000,9.905000,9.900000,9.905000,8038.300000
2023.01.01 15:51,9.905000,9.905000,9.900000,9.905000,3648.100000
2023.01.01 15:52,9.905000,9.915000,9.900000,9.910000,12058.900000
2023.01.01 15:53,9.910000,9.920000,9.905000,9.915000,9309.000000
2023.01.01 15:54,9.915000,9.925000,9.910000,9.910000,23123.100000
2023.01.01 15:55,9.910000,9.920000,9.905000,9.920000,15285.300000
2023.01.01 15:56,9.920000,9.920000,9.915000,9.920000,19156.600000
2023.01.01 15:57,9.920000,9.940000,9.915000,9.930000,31172.000000
2023.01.01 15:58,9.930000,9.935000,9.925000,9.925000,29972.400000
2023.01.01 15:59,9.925000,9.930000,9.925000,9.930000,9992.500000
2023.01.01 16:00,9.930000,9.955000,9.925000,9.940000,60378.900000
2023.01.01 16:01,9.940000,9.940000,9.925000,9.925000,7175.900000
2023.01.01 16:02,9.925000,9.925000,9.920000,9.920000,11221.900000
2023.01.01 16:03,9.920000,9.935000,9.920000,9.925000,9098.700000
2023.01.01 16:04,9.925000,9.930000,9.925000,9.930000,1260.300000
2023.01.01 16:05,9.930000,9.935000,9.925000,9.935000,14033.600000
2023.01.01 16:06,9.935000,9.935000,9.925000,9.930000,685.500000
2023.01.01 16:07,9.930000,9.930000,9.930000,9.930000,124.300000
2023.01.01 16:08,9.930000,9.930000,9.920000,9.930000,12271.200000
2023.01.01 16:09,9.930000,9.930000,9.910000,9.915000,16752.200000
2023.01.01 16:10,9.915000,9.915000,9.900000,9.900000,8571.400000
2023.01.01 16:11,9.900000,9.905000,9.895000,9.905000,11191.800000
2023.01.01 16:12,9.905000,9.910000,9.900000,9.910000,2163.500000
2023.01.01 16:13,9.910000,9.910000,9.900000,9.900000,8940.700000
2023.01.01 16:14,9.900000,9.905000,9.900000,9.900000,8841.700000
2023.01.01 16:15,9.900000,9.905000,9.900000,9.900000,5247.500000
2023.01.01 16:16,9.900000,9.905000,9.895000,9.895000,9125.900000
2023.01.01 16:17,9.895000,9.900000,9.895000,9.895000,8033.900000
2023.01.01 16:18,9.895000,9.900000,9.890000,9.890000,6233.300000
2023.01.01 16:19,9.890000,9.895000,9.880000,9.880000,14673.300000
2023.01.01 16:20,9.880000,9.895000,9.875000,9.890000,31949.300000
2023.01.01 16:21,9.890000,9.905000,9.890000,9.905000,18714.200000
2023.01.01 16:22,9.905000,9.905000,9.895000,9.900000,7487.900000
2023.01.01 16:23,9.900000,9.900000,9.890000,9.895000,754.700000
2023.01.01 16:24,9.895000,9.900000,9.890000,9.900000,20187.700000
2023.01.01 16:25,9.900000,9.900000,9.895000,9.895000,9969.000000
2023.01.01 16:26,9.895000,9.895000,9.890000,9.895000,8607.600000
2023.01.01 16:27,9.895000,9.895000,9.880000,9.880000,18621.600000
2023.01.01 16:28,9.880000,9.885000,9.875000,9.875000,22017.300000
2023.01.01 16:29,9.875000,9.880000,9.875000,9.880000,8953.000000
2023.01.01 16:30,9.880000,9.895000,9.870000,9.890000,16018.200000
2023.01.01 16:31,9.890000,9.895000,9.890000,9.895000,994.900000
2023.01.01 16:32,9.895000,9.895000,9.880000,9.880000,5731.100000
2023.01.01 16:33,9.880000,9.885000,9.880000,9.880000,3218.400000
2023.01.01 16:34,9.880000,9.885000,9.870000,9.875000,4668.000000
2023.01.01 16:35,9.875000,9.875000,9.860000,9.860000,71422.700000
2023.01.01 16:36,9.860000,9.865000,9.845000,9.855000,87300.600000
2023.01.01 16:37,9.855000,9.865000,9.850000,9.865000,23578.200000
2023.01.01 16:38,9.865000,9.865000,9.850000,9.855000,20214.600000
2023.01.01 16:39,9.855000,9.855000,9.850000,9.855000,9480.600000
2023.01.01 16:40,9.855000,9.855000,9.845000,9.850000,11826.300000
2023.01.01 16:41,9.850000,9.870000,9.845000,9.870000,19619.100000
2023.01.01 16:42,9.870000,9.870000,9.850000,9.850000,35684.800000
2023.01.01 16:43,9.850000,9.855000,9.830000,9.845000,40281.000000
2023.01.01 16:44,9.845000,9.845000,9.830000,9.835000,16126.700000
2023.01.01 16:45,9.835000,9.835000,9.815000,9.820000,20022.900000
2023.01.01 16:46,9.820000,9.835000,9.815000,9.835000,75099.400000
2023.01.01 16:47,9.835000,9.840000,9.830000,9.835000,25451.800000
2023.01.01 16:48,9.835000,9.845000,9.820000,9.820000,26488.900000
2023.01.01 16:49,9.820000,9.830000,9.815000,9.820000,7006.900000
2023.01.01 16:50,9.820000,9.825000,9.815000,9.820000,12681.700000
2023.01.01 16:51,9.820000,9.825000,9.810000,9.815000,14477.300000
2023.01.01 16:52,9.815000,9.815000,9.810000,9.815000,12936.100000
2023.01.01 16:53,9.815000,9.820000,9.810000,9.820000,20240.900000
2023.01.01 16:54,9.820000,9.830000,9.815000,9.825000,13056.300000
2023.01.01 16:55,9.825000,9.830000,9.820000,9.825000,17737.600000
2023.01.01 16:56,9.825000,9.825000,9.815000,9.820000,5843.000000
2023.01.01 16:57,9.820000,9.835000,9.820000,9.835000,18181.300000
2023.01.01 16:58,9.835000,9.845000,9.830000,9.845000,26491.700000
2023.01.01 16:59,9.845000,9.845000,9.835000,9.840000,12497.000000
2023.01.01 17:00,9.840000,9.850000,9.835000,9.850000,22927.100000
2023.01.01 17:01,9.850000,9.870000,9.850000,9.860000,42783.300000
2023.01.01 17:02,9.860000,9.860000,9.855000,9.860000,7620.600000
2023.01.01 17:03,9.860000,9.860000,9.855000,9.855000,1709.500000
2023.01.01 17:04,9.855000,9.860000,9.855000,9.855000,7778.600000
2023.01.01 17:05,9.855000,9.865000,9.855000,9.865000,5063.700000
2023.01.01 17:06,9.865000,9.865000,9.845000,9.850000,16164.500000
2023.01.01 17:07,9.850000,9.855000,9.850000,9.850000,8824.100000
2023.01.01 17:08,9.850000,9.855000,9.850000,9.855000,927.400000
2023.01.01 17:09,9.855000,9.860000,9.850000,9.860000,5639.100000
2023.01.01 17:10,9.860000,9.870000,9.850000,9.870000,19123.200000
2023.01.01 17:11,9.870000,9.875000,9.865000,9.870000,9084.300000
2023.01.01 17:12,9.870000,9.870000,9.865000,9.865000,4828.300000
2023.01.01 17:13,9.865000,9.875000,9.865000,9.870000,11634.700000
2023.01.01 17:14,9.870000,9.870000,9.860000,9.870000,16464.400000
2023.01.01 17:15,9.870000,9.870000,9.865000,9.870000,21039.400000
2023.01.01 17:16,9.870000,9.875000,9.870000,9.875000,3542.700000
2023.01.01 17:17,9.875000,9.875000,9.870000,9.875000,3303.000000
2023.01.01 17:18,9.875000,9.875000,9.870000,9.870000,1267.300000
2023.01.01 17:19,9.870000,9.875000,9.870000,9.875000,3613.000000
2023.01.01 17:20,9.875000,9.875000,9.870000,9.875000,963.000000
2023.01.01 17:21,9.875000,9.875000,9.870000,9.870000,1564.500000
2023.01.01 17:22,9.870000,9.875000,9.865000,9.870000,1508.000000
2023.01.01 17:23,9.870000,9.870000,9.865000,9.865000,3399.700000
2023.01.01 17:24,9.865000,9.870000,9.860000,9.865000,8402.300000
2023.01.01 17:25,9.865000,9.865000,9.860000,9.860000,4371.800000
2023.01.01 17:26,9.860000,9.865000,9.860000,9.865000,1686.100000
2023.01.01 17:27,9.865000,9.870000,9.860000,9.870000,12277.900000
2023.01.01 17:28,9.870000,9.880000,9.865000,9.875000,9416.500000
2023.01.01 17:29,9.875000,9.885000,9.875000,9.880000,33151.700000
2023.01.01 17:30,9.880000,9.885000,9.875000,9.885000,6644.700000
2023.01.01 17:31,9.885000,9.885000,9.880000,9.885000,2664.400000
2023.01.01 17:32,9.885000,9.885000,9.875000,9.880000,14438.800000
2023.01.01 17:33,9.880000,9.880000,9.875000,9.880000,4362.400000
2023.01.01 17:34,9.880000,9.880000,9.875000,9.875000,11261.900000
2023.01.01 17:35,9.875000,9.880000,9.865000,9.870000,7906.400000
2023.01.01 17:36,9.870000,9.875000,9.870000,9.870000,13942.800000
2023.01.01 17:37,9.870000,9.875000,9.845000,9.850000,45208.700000
2023.01.01 17:38,9.850000,9.865000,9.850000,9.850000,17460.500000
2023.01.01 17:39,9.850000,9.855000,9.845000,9.845000,10624.300000
2023.01.01 17:40,9.845000,9.850000,9.840000,9.845000,11619.100000
2023.01.01 17:41,9.845000,9.845000,9.825000,9.835000,26409.400000
2023.01.01 17:42,9.835000,9.835000,9.820000,9.825000,36970.200000
2023.01.01 17:43,9.825000,9.840000,9.815000,9.840000,32348.200000
2023.01.01 17:44,9.840000,9.840000,9.820000,9.825000,6793.200000
2023.01.01 17:45,9.825000,9.825000,9.815000,9.825000,10141.500000
2023.01.01 17:46,9.825000,9.825000,9.810000,9.820000,24942.500000
2023.01.01 17:47,9.820000,9.820000,9.810000,9.815000,17873.200000
2023.01.01 17:48,9.815000,9.820000,9.810000,9.815000,3598.500000
2023.01.01 17:49,9.815000,9.820000,9.810000,9.810000,24619.200000
2023.01.01 17:50,9.810000,9.820000,9.795000,9.820000,57946.400000
2023.01.01 17:51,9.820000,9.835000,9.815000,9.830000,29320.800000
2023.01.01 17:52,9.830000,9.830000,9.820000,9.825000,2852.000000
2023.01.01 17:53,9.825000,9.830000,9.820000,9.820000,18174.800000
2023.01.01 17:54,9.820000,9.825000,9.800000,9.805000,17178.800000
2023.01.01 17:55,9.805000,9.810000,9.795000,9.805000,17361.300000
2023.01.01 17:56,9.805000,9.810000,9.800000,9.805000,31974.000000
2023.01.01 17:57,9.805000,9.805000,9.800000,9.805000,5074.700000
2023.01.01 17:58,9.805000,9.815000,9.800000,9.815000,39238.200000
2023.01.01 17:59,9.815000,9.825000,9.815000,9.825000,18596.400000
2023.01.01 18:00,9.825000,9.840000,9.825000,9.830000,18756.800000
2023.01.01 18:01,9.830000,9.830000,9.825000,9.825000,4967.900000
2023.01.01 18:02,9.825000,9.830000,9.825000,9.830000,329.600000
2023.01.01 18:03,9.830000,9.830000,9.825000,9.830000,737.200000
2023.01.01 18:04,9.830000,9.830000,9.825000,9.825000,8423.800000
2023.01.01 18:05,9.825000,9.830000,9.825000,9.825000,1427.600000
2023.01.01 18:06,9.825000,9.830000,9.825000,9.825000,982.900000
2023.01.01 18:07,9.825000,9.835000,9.825000,9.835000,8585.400000
2023.01.01 18:08,9.835000,9.835000,9.830000,9.835000,3629.500000
2023.01.01 18:09,9.835000,9.840000,9.830000,9.840000,20367.800000
2023.01.01 18:10,9.840000,9.840000,9.835000,9.840000,7082.000000
2023.01.01 18:11,9.840000,9.840000,9.835000,9.835000,2466.400000
2023.01.01 18:12,9.835000,9.840000,9.835000,9.835000,1245.900000
2023.01.01 18:13,9.835000,9.840000,9.835000,9.835000,2296.800000
2023.01.01 18:14,9.835000,9.840000,9.835000,9.840000,3106.000000
2023.01.01 18:15,9.840000,9.845000,9.835000,9.845000,8706.400000
2023.01.01 18:16,9.845000,9.845000,9.840000,9.840000,4066.100000
2023.01.01 18:17,9.840000,9.845000,9.840000,9.840000,5638.300000
2023.01.01 18:18,9.840000,9.845000,9.840000,9.845000,3041.600000
2023.01.01 18:19,9.845000,9.845000,9.835000,9.840000,13554.400000
2023.01.01 18:20,9.840000,9.840000,9.825000,9.830000,19856.000000
2023.01.01 18:21,9.830000,9.830000,9.820000,9.820000,9450.800000
2023.01.01 18:22,9.820000,9.825000,9.810000,9.810000,5824.700000
2023.01.01 18:23,9.810000,9.815000,9.800000,9.800000,11114.200000
2023.01.01 18:24,9.800000,9.805000,9.795000,9.805000,16146.400000
2023.01.01 18:25,9.805000,9.805000,9.800000,9.805000,15411.100000
2023.01.01 18:26,9.805000,9.810000,9.780000,9.780000,88201.500000
2023.01.01 18:27,9.780000,9.800000,9.780000,9.800000,40514.000000
2023.01.01 18:28,9.800000,9.810000,9.795000,9.810000,14182.000000
2023.01.01 18:29,9.810000,9.815000,9.805000,9.810000,14295.400000
2023.01.01 18:30,9.810000,9.815000,9.805000,9.815000,2557.400000
2023.01.01 18:31,9.815000,9.820000,9.810000,9.820000,4640.400000
2023.01.01 18:32,9.820000,9.825000,9.815000,9.820000,9093.300000
2023.01.01 18:33,9.820000,9.825000,9.820000,9.825000,2158.800000
2023.01.01 18:34,9.825000,9.830000,9.820000,9.820000,4524.100000
2023.01.01 18:35,9.820000,9.820000,9.815000,9.815000,12551.200000
2023.01.01 18:36,9.815000,9.820000,9.815000,9.820000,3388.000000
2023.01.01 18:37,9.820000,9.820000,9.815000,9.820000,260.300000
2023.01.01 18:38,9.820000,9.820000,9.810000,9.815000,4125.300000
2023.01.01 18:39,9.815000,9.820000,9.815000,9.820000,5595.100000
2023.01.01 18:40,9.820000,9.820000,9.815000,9.820000,1319.800000
2023.01.01 18:41,9.820000,9.830000,9.815000,9.830000,3871.200000
2023.01.01 18:42,9.830000,9.830000,9.825000,9.830000,761.600000
2023.01.01 18:43,9.830000,9.830000,9.825000,9.830000,2761.800000
2023.01.01 18:44,9.830000,9.835000,9.830000,9.835000,6444.800000
2023.01.01 18:45,9.835000,9.835000,9.830000,9.835000,3111.200000
2023.01.01 18:46,9.835000,9.835000,9.825000,9.830000,11872.700000
2023.01.01 18:47,9.830000,9.830000,9.810000,9.810000,19159.900000
2023.01.01 18:48,9.810000,9.820000,9.810000,9.820000,3536.600000
2023.01.01 18:49,9.820000,9.820000,9.810000,9.815000,3400.200000
2023.01.01 18:50,9.815000,9.815000,9.810000,9.815000,781.900000
2023.01.01 18:51,9.815000,9.815000,9.780000,9.795000,42734.000000
2023.01.01 18:52,9.795000,9.820000,9.795000,9.820000,28354.900000
2023.01.01 18:53,9.820000,9.820000,9.810000,9.820000,12458.300000
2023.01.01 18:54,9.820000,9.820000,9.810000,9.815000,4351.500000
2023.01.01 18:55,9.815000,9.825000,9.810000,9.825000,5554.800000
2023.01.01 18:56,9.825000,9.840000,9.820000,9.840000,47837.300000
2023.01.01 18:57,9.840000,9.855000,9.840000,9.850000,35042.200000
2023.01.01 18:58,9.850000,9.850000,9.840000,9.845000,4925.700000
2023.01.01 18:59,9.845000,9.850000,9.840000,9.845000,18922.100000
2023.01.01 19:00,9.845000,9.860000,9.835000,9.855000,36203.400000
2023.01.01 19:01,9.855000,9.865000,9.855000,9.865000,20768.500000
2023.01.01 19:02,9.865000,9.875000,9.855000,9.870000,27387.300000
2023.01.01 19:03,9.870000,9.870000,9.845000,9.855000,10439.100000
2023.01.01 19:04,9.855000,9.855000,9.850000,9.855000,1182.800000
2023.01.01 19:05,9.855000,9.860000,9.850000,9.860000,8598.800000
2023.01.01 19:06,9.860000,9.865000,9.855000,9.860000,14545.400000
2023.01.01 19:07,9.860000,9.865000,9.855000,9.865000,4395.800000
2023.01.01 19:08,9.865000,9.870000,9.865000,9.870000,15176.300000
2023.01.01 19:09,9.870000,9.870000,9.860000,9.860000,3926.700000
2023.01.01 19:10,9.860000,9.860000,9.840000,9.850000,6913.500000
2023.01.01 19:11,9.850000,9.850000,9.845000,9.850000,3064.900000
2023.01.01 19:12,9.850000,9.850000,9.840000,9.840000,2601.000000
2023.01.01 19:13,9.840000,9.845000,9.840000,9.840000,8090.000000
2023.01.01 19:14,9.840000,9.840000,9.840000,9.840000,10063.100000
2023.01.01 19:15,9.840000,9.855000,9.840000,9.855000,5552.300000
2023.01.01 19:16,9.855000,9.855000,9.845000,9.850000,11655.500000
2023.01.01 19:17,9.850000,9.850000,9.840000,9.845000,4446.600000
2023.01.01 19:18,9.845000,9.845000,9.840000,9.840000,1972.500000
2023.01.01 19:19,9.840000,9.850000,9.840000,9.850000,2373.700000
2023.01.01 19:20,9.850000,9.850000,9.840000,9.845000,8020.700000
2023.01.01 19:21,9.845000,9.845000,9.835000,9.835000,5094.400000
2023.01.01 19:22,9.835000,9.840000,9.820000,9.825000,10703.900000
2023.01.01 19:23,9.825000,9.830000,9.820000,9.830000,10794.700000
2023.01.01 19:24,9.830000,9.845000,9.830000,9.840000,6423.600000
2023.01.01 19:25,9.840000,9.850000,9.840000,9.850000,3424.400000
2023.01.01 19:26,9.850000,9.860000,9.845000,9.860000,10370.000000
2023.01.01 19:27,9.860000,9.865000,9.855000,9.860000,10549.700000
2023.01.01 19:28,9.860000,9.865000,9.855000,9.855000,4127.300000
2023.01.01 19:29,9.855000,9.870000,9.855000,9.870000,18243.100000
2023.01.01 19:30,9.870000,9.880000,9.855000,9.860000,28308.500000
2023.01.01 19:31,9.860000,9.865000,9.855000,9.860000,4893.000000
2023.01.01 19:32,9.860000,9.865000,9.860000,9.860000,5957.300000
2023.01.01 19:33,9.860000,9.865000,9.860000,9.860000,7924.900000
2023.01.01 19:34,9.860000,9.885000,9.860000,9.880000,19409.400000
2023.01.01 19:35,9.880000,9.915000,9.875000,9.890000,112794.400000
2023.01.01 19:36,9.890000,9.890000,9.880000,9.880000,5466.900000
2023.01.01 19:37,9.880000,9.885000,9.875000,9.880000,6827.500000
2023.01.01 19:38,9.880000,9.880000,9.865000,9.875000,6291.400000
2023.01.01 19:39,9.875000,9.875000,9.870000,9.875000,1174.700000
2023.01.01 19:40,9.875000,9.875000,9.870000,9.875000,1843.300000
2023.01.01 19:41,9.875000,9.875000,9.860000,9.865000,6260.800000
2023.01.01 19:42,9.865000,9.870000,9.845000,9.845000,44697.700000
2023.01.01 19:43,9.845000,9.855000,9.845000,9.855000,13917.800000
2023.01.01 19:44,9.855000,9.855000,9.850000,9.855000,4256.900000
2023.01.01 19:45,9.855000,9.855000,9.845000,9.845000,3683.400000
2023.01.01 19:46,9.845000,9.860000,9.845000,9.855000,7835.200000
2023.01.01 19:47,9.855000,9.860000,9.855000,9.860000,7040.800000
2023.01.01 19:48,9.860000,9.865000,9.855000,9.865000,3157.700000
2023.01.01 19:49,9.865000,9.870000,9.860000,9.870000,8226.600000
2023.01.01 19:50,9.870000,9.870000,9.860000,9.865000,10528.500000
2023.01.01 19:51,9.865000,9.865000,9.860000,9.860000,2633.500000
2023.01.01 19:52,9.860000,9.875000,9.860000,9.870000,4962.400000
2023.01.01 19:53,9.870000,9.875000,9.855000,9.855000,19482.500000
2023.01.01 19:54,9.855000,9.860000,9.855000,9.855000,8783.400000
2023.01.01 19:55,9.855000,9.860000,9.855000,9.860000,1208.100000
2023.01.01 19:56,9.860000,9.870000,9.855000,9.865000,11729.600000
2023.01.01 19:57,9.865000,9.870000,9.860000,9.860000,3659.000000
2023.01.01 19:58,9.860000,9.865000,9.860000,9.860000,4995.000000
2023.01.01 19:59,9.860000,9.860000,9.855000,9.855000,6076.200000
2023.01.01 20:00,9.855000,9.890000,9.855000,9.885000,32522.100000
2023.01.01 20:01,9.885000,9.885000,9.870000,9.880000,16182.900000
2023.01.01 20:02,9.880000,9.880000,9.875000,9.875000,10321.100000
2023.01.01 20:03,9.875000,9.880000,9.875000,9.880000,2929.200000
2023.01.01 20:04,9.880000,9.890000,9.880000,9.890000,15468.000000
2023.01.01 20:05,9.890000,9.890000,9.885000,9.890000,4530.200000
2023.01.01 20:06,9.890000,9.895000,9.885000,9.890000,8275.100000
2023.01.01 20:07,9.890000,9.910000,9.890000,9.895000,25205.600000
2023.01.01 20:08,9.895000,9.900000,9.895000,9.895000,4200.000000
2023.01.01 20:09,9.895000,9.910000,9.895000,9.905000,12023.200000
2023.01.01 20:10,9.905000,9.910000,9.890000,9.890000,12608.700000
2023.01.01 20:11,9.890000,9.895000,9.885000,9.890000,7243.500000
2023.01.01 20:12,9.890000,9.890000,9.880000,9.880000,13218.900000
2023.01.01 20:13,9.880000,9.900000,9.880000,9.895000,9897.800000
2023.01.01 20:14,9.895000,9.900000,9.890000,9.890000,872.500000
2023.01.01 20:15,9.890000,9.900000,9.890000,9.895000,4359.100000
2023.01.01 20:16,9.895000,9.900000,9.895000,9.900000,1567.600000
2023.01.01 20:17,9.900000,9.900000,9.880000,9.885000,7476.900000
2023.01.01 20:18,9.885000,9.895000,9.880000,9.890000,8726.700000
2023.01.01 20:19,9.890000,9.900000,9.890000,9.895000,8585.000000
2023.01.01 20:20,9.895000,9.905000,9.895000,9.905000,12008.900000
2023.01.01 20:21,9.905000,9.915000,9.905000,9.910000,37082.500000
2023.01.01 20:22,9.910000,9.920000,9.905000,9.915000,15029.500000
2023.01.01 20:23,9.915000,9.925000,9.910000,9.910000,13146.000000
2023.01.01 20:24,9.910000,9.925000,9.910000,9.925000,9203.700000
2023.01.01 20:25,9.925000,9.930000,9.920000,9.925000,44325.500000
2023.01.01 20:26,9.925000,9.940000,9.925000,9.940000,65359.100000
2023.01.01 20:27,9.940000,9.945000,9.930000,9.935000,42925.200000
2023.01.01 20:28,9.935000,9.935000,9.920000,9.925000,21472.900000
2023.01.01 20:29,9.925000,9.930000,9.920000,9.925000,8755.900000
2023.01.01 20:30,9.925000,9.935000,9.925000,9.935000,11568.200000
2023.01.01 20:31,9.935000,9.935000,9.920000,9.920000,9091.100000
2023.01.01 20:32,9.920000,9.925000,9.915000,9.915000,6340.000000
2023.01.01 20:33,9.915000,9.920000,9.905000,9.905000,11188.300000
2023.01.01 20:34,9.905000,9.915000,9.905000,9.910000,9948.600000
2023.01.01 20:35,9.910000,9.920000,9.905000,9.915000,9464.400000
2023.01.01 20:36,9.915000,9.920000,9.910000,9.910000,1130.400000
2023.01.01 20:37,9.910000,9.915000,9.895000,9.910000,26243.000000
2023.01.01 20:38,9.910000,9.910000,9.900000,9.910000,12405.700000
2023.01.01 20:39,9.910000,9.910000,9.900000,9.905000,2659.500000
2023.01.01 20:40,9.905000,9.905000,9.900000,9.905000,12245.600000
2023.01.01 20:41,9.905000,9.910000,9.900000,9.910000,3650.300000
2023.01.01 20:42,9.910000,9.915000,9.900000,9.905000,27113.600000
2023.01.01 20:43,9.905000,9.910000,9.905000,9.905000,2065.000000
2023.01.01 20:44,9.905000,9.915000,9.905000,9.915000,2496.000000
2023.01.01 20:45,9.915000,9.915000,9.910000,9.915000,4225.000000
2023.01.01 20:46,9.915000,9.915000,9.900000,9.905000,1919.400000
2023.01.01 20:47,9.905000,9.905000,9.900000,9.900000,19348.500000
2023.01.01 20:48,9.900000,9.905000,9.900000,9.900000,10505.100000
2023.01.01 20:49,9.900000,9.905000,9.900000,9.900000,3391.100000
2023.01.01 20:50,9.900000,9.920000,9.900000,9.920000,26250.200000
2023.01.01 20:51,9.920000,9.920000,9.910000,9.920000,7773.100000
2023.01.01 20:52,9.920000,9.930000,9.915000,9.925000,4869.300000
2023.01.01 20:53,9.925000,9.930000,9.920000,9.920000,6714.600000
2023.01.01 20:54,9.920000,9.925000,9.915000,9.925000,9495.300000
2023.01.01 20:55,9.925000,9.930000,9.920000,9.930000,7628.700000
2023.01.01 20:56,9.930000,9.945000,9.930000,9.935000,34243.000000
2023.01.01 20:57,9.935000,9.935000,9.930000,9.930000,8493.500000
2023.01.01 20:58,9.930000,9.935000,9.930000,9.930000,13933.400000
2023.01.01 20:59,9.930000,9.935000,9.930000,9.930000,9806.300000
2023.01.01 21:00,9.930000,9.945000,9.930000,9.940000,15554.000000
2023.01.01 21:01,9.940000,9.955000,9.940000,9.955000,28734.400000
2023.01.01 21:02,9.955000,9.955000,9.945000,9.945000,14858.400000
2023.01.01 21:03,9.945000,9.950000,9.945000,9.945000,18379.900000
2023.01.01 21:04,9.945000,9.950000,9.945000,9.945000,8552.100000
2023.01.01 21:05,9.945000,9.950000,9.940000,9.940000,5023.600000
2023.01.01 21:06,9.940000,9.960000,9.940000,9.955000,30606.000000
2023.01.01 21:07,9.955000,9.960000,9.950000,9.960000,6499.600000
2023.01.01 21:08,9.960000,9.995000,9.955000,9.990000,146682.100000
2023.01.01 21:09,9.990000,10.025000,9.980000,9.990000,167995.300000
2023.01.01 21:10,9.990000,10.000000,9.980000,9.995000,19353.200000
2023.01.01 21:11,9.995000,10.015000,9.995000,10.010000,36962.900000
2023.01.01 21:12,10.010000,10.010000,9.985000,10.000000,25994.200000
2023.01.01 21:13,10.000000,10.005000,9.985000,9.985000,16253.000000
2023.01.01 21:14,9.985000,10.005000,9.985000,9.995000,14513.800000
2023.01.01 21:15,9.995000,10.005000,9.985000,9.985000,21086.100000
2023.01.01 21:16,9.985000,9.995000,9.985000,9.985000,14242.100000
2023.01.01 21:17,9.985000,9.990000,9.970000,9.970000,23278.000000
2023.01.01 21:18,9.970000,9.975000,9.965000,9.965000,14330.900000
2023.01.01 21:19,9.965000,9.970000,9.960000,9.960000,22108.800000
2023.01.01 21:20,9.960000,9.975000,9.960000,9.965000,22173.300000
2023.01.01 21:21,9.965000,9.970000,9.960000,9.965000,2683.900000
2023.01.01 21:22,9.965000,9.985000,9.965000,9.985000,15943.100000
2023.01.01 21:23,9.985000,9.990000,9.980000,9.980000,14310.700000
2023.01.01 21:24,9.980000,9.995000,9.980000,9.985000,11360.900000
2023.01.01 21:25,9.985000,9.990000,9.980000,9.985000,14253.700000
2023.01.01 21:26,9.985000,10.000000,9.985000,9.990000,25331.500000
2023.01.01 21:27,9.990000,10.005000,9.990000,10.005000,10589.400000
2023.01.01 21:28,10.005000,10.020000,10.000000,10.015000,71905.200000
2023.01.01 21:29,10.015000,10.015000,10.000000,10.005000,15226.600000
2023.01.01 21:30,10.005000,10.005000,9.995000,9.995000,9826.600000
2023.01.01 21:31,9.995000,10.000000,9.975000,9.975000,17340.400000
2023.01.01 21:32,9.975000,9.985000,9.970000,9.980000,15309.600000
2023.01.01 21:33,9.980000,9.985000,9.965000,9.975000,40840.000000
2023.01.01 21:34,9.975000,9.995000,9.975000,9.990000,14430.900000
2023.01.01 21:35,9.990000,10.005000,9.985000,10.005000,11041.400000
2023.01.01 21:36,10.005000,10.005000,9.980000,9.990000,11993.600000
2023.01.01 21:37,9.990000,9.995000,9.985000,9.990000,2597.500000
2023.01.01 21:38,9.990000,9.995000,9.985000,9.990000,1977.800000
2023.01.01 21:39,9.990000,10.000000,9.990000,9.995000,2992.000000
2023.01.01 21:40,9.995000,10.000000,9.995000,10.000000,893.100000
2023.01.01 21:41,10.000000,10.010000,9.995000,9.995000,5742.500000
2023.01.01 21:42,9.995000,10.000000,9.985000,9.990000,3609.600000
2023.01.01 21:43,9.990000,9.995000,9.990000,9.990000,1186.400000
2023.01.01 21:44,9.990000,9.995000,9.985000,9.985000,1376.900000
2023.01.01 21:45,9.985000,9.990000,9.980000,9.980000,14969.600000
2023.01.01 21:46,9.980000,9.985000,9.970000,9.980000,4787.600000
2023.01.01 21:47,9.980000,9.985000,9.975000,9.975000,7911.200000
2023.01.01 21:48,9.975000,9.980000,9.960000,9.960000,10896.100000
2023.01.01 21:49,9.960000,9.965000,9.955000,9.955000,32320.800000
2023.01.01 21:50,9.955000,9.965000,9.955000,9.960000,16921.600000
2023.01.01 21:51,9.960000,9.975000,9.960000,9.965000,7798.000000
2023.01.01 21:52,9.965000,9.970000,9.965000,9.965000,930.800000
2023.01.01 21:53,9.965000,9.970000,9.960000,9.965000,5109.400000
2023.01.01 21:54,9.965000,9.970000,9.965000,9.970000,774.300000
2023.01.01 21:55,9.970000,9.970000,9.955000,9.965000,12700.000000
2023.01.01 21:56,9.965000,9.975000,9.960000,9.975000,13648.400000
2023.01.01 21:57,9.975000,9.975000,9.965000,9.975000,1866.100000
2023.01.01 21:58,9.975000,9.985000,9.970000,9.975000,5564.700000
2023.01.01 21:59,9.975000,9.980000,9.975000,9.975000,381.100000
2023.01.01 22:00,9.975000,10.005000,9.975000,10.005000,34513.300000
2023.01.01 22:01,10.005000,10.005000,9.990000,9.990000,25032.900000
2023.01.01 22:02,9.990000,9.995000,9.985000,9.990000,9287.500000
2023.01.01 22:03,9.990000,9.990000,9.985000,9.990000,6897.100000
2023.01.01 22:04,9.990000,9.990000,9.980000,9.980000,2773.100000
2023.01.01 22:05,9.980000,9.995000,9.980000,9.995000,4720.600000
2023.01.01 22:06,9.995000,10.000000,9.990000,10.000000,9805.900000
2023.01.01 22:07,10.000000,10.000000,9.985000,9.990000,7271.700000
2023.01.01 22:08,9.990000,9.990000,9.985000,9.990000,953.000000
2023.01.01 22:09,9.990000,9.990000,9.980000,9.980000,5176.800000
2023.01.01 22:10,9.980000,9.985000,9.980000,9.980000,1123.200000
2023.01.01 22:11,9.980000,10.000000,9.980000,10.000000,19449.800000
2023.01.01 22:12,10.000000,10.000000,9.995000,9.995000,2203.700000
2023.01.01 22:13,9.995000,10.000000,9.995000,10.000000,1749.700000
2023.01.01 22:14,10.000000,10.010000,9.995000,10.005000,5447.100000
2023.01.01 22:15,10.005000,10.010000,10.000000,10.010000,4693.900000
2023.01.01 22:16,10.010000,10.010000,10.005000,10.010000,3963.500000
2023.01.01 22:17,10.010000,10.015000,10.005000,10.005000,12927.500000
2023.01.01 22:18,10.005000,10.015000,10.005000,10.010000,17941.700000
2023.01.01 22:19,10.010000,10.045000,10.010000,10.020000,64611.500000
2023.01.01 22:20,10.020000,10.025000,10.005000,10.005000,12174.200000
2023.01.01 22:21,10.005000,10.005000,9.995000,9.995000,8679.400000
2023.01.01 22:22,9.995000,10.000000,9.990000,9.990000,11870.000000
2023.01.01 22:23,9.990000,9.995000,9.990000,9.995000,4867.400000
2023.01.01 22:24,9.995000,9.995000,9.970000,9.985000,25495.400000
2023.01.01 22:25,9.985000,9.990000,9.985000,9.985000,5655.600000
2023.01.01 22:26,9.985000,10.000000,9.985000,9.995000,1154.400000
2023.01.01 22:27,9.995000,10.010000,9.995000,10.005000,7446.800000
2023.01.01 22:28,10.005000,10.015000,10.000000,10.005000,9590.300000
2023.01.01 22:29,10.005000,10.020000,10.005000,10.010000,12186.400000
2023.01.01 22:30,10.010000,10.015000,10.010000,10.010000,6235.700000
2023.01.01 22:31,10.010000,10.015000,9.990000,9.990000,10816.000000
2023.01.01 22:32,9.990000,9.995000,9.990000,9.990000,783.300000
2023.01.01 22:33,9.990000,10.000000,9.985000,9.990000,11053.400000
2023.01.01 22:34,9.990000,9.990000,9.985000,9.990000,272.700000
2023.01.01 22:35,9.990000,9.995000,9.980000,9.995000,4026.000000
2023.01.01 22:36,9.995000,9.995000,9.985000,9.990000,4707.500000
2023.01.01 22:37,9.990000,10.000000,9.985000,9.995000,3563.000000
2023.01.01 22:38,9.995000,10.000000,9.990000,9.990000,2846.500000
2023.01.01 22:39,9.990000,9.995000,9.990000,9.995000,2246.400000
2023.01.01 22:40,9.995000,10.000000,9.990000,9.990000,5196.300000
2023.01.01 22:41,9.990000,10.000000,9.990000,9.995000,1355.500000
2023.01.01 22:42,9.995000,9.995000,9.990000,9.995000,5230.000000
2023.01.01 22:43,9.995000,9.995000,9.985000,9.985000,4322.600000
2023.01.01 22:44,9.985000,9.990000,9.970000,9.975000,16388.800000
2023.01.01 22:45,9.975000,9.975000,9.965000,9.965000,5033.200000
2023.01.01 22:46,9.965000,9.975000,9.960000,9.965000,31450.400000
2023.01.01 22:47,9.965000,9.970000,9.950000,9.960000,56548.400000
2023.01.01 22:48,9.960000,9.960000,9.950000,9.955000,14407.500000
2023.01.01 22:49,9.955000,9.960000,9.945000,9.945000,33487.700000
2023.01.01 22:50,9.945000,9.960000,9.945000,9.950000,24391.900000
2023.01.01 22:51,9.950000,9.960000,9.950000,9.960000,17616.900000
2023.01.01 22:52,9.960000,9.970000,9.950000,9.955000,26631.900000
2023.01.01 22:53,9.955000,9.955000,9.950000,9.950000,11328.800000
2023.01.01 22:54,9.950000,9.955000,9.940000,9.940000,12368.800000
2023.01.01 22:55,9.940000,9.945000,9.925000,9.940000,35744.300000
2023.01.01 22:56,9.940000,9.940000,9.920000,9.920000,21018.200000
2023.01.01 22:57,9.920000,9.935000,9.915000,9.925000,60844.200000
2023.01.01 22:58,9.925000,9.950000,9.925000,9.940000,9488.500000
2023.01.01 22:59,9.940000,9.950000,9.940000,9.945000,12724.800000
2023.01.01 23:00,9.945000,9.965000,9.945000,9.965000,19250.700000
2023.01.01 23:01,9.965000,9.965000,9.945000,9.945000,16110.000000
2023.01.01 23:02,9.945000,9.945000,9.935000,9.935000,11243.200000
2023.01.01 23:03,9.935000,9.940000,9.925000,9.930000,12562.800000
2023.01.01 23:04,9.930000,9.955000,9.925000,9.950000,7734.900000
2023.01.01 23:05,9.950000,9.960000,9.945000,9.960000,4080.200000
2023.01.01 23:06,9.960000,9.960000,9.945000,9.955000,13806.500000
2023.01.01 23:07,9.955000,9.960000,9.955000,9.955000,11707.000000
2023.01.01 23:08,9.955000,9.960000,9.955000,9.960000,4269.100000
2023.01.01 23:09,9.960000,9.980000,9.960000,9.980000,46586.400000
2023.01.01 23:10,9.980000,9.980000,9.975000,9.975000,12896.500000
2023.01.01 23:11,9.975000,9.980000,9.970000,9.970000,7488.900000
2023.01.01 23:12,9.970000,9.975000,9.965000,9.965000,3593.400000
2023.01.01 23:13,9.965000,9.970000,9.965000,9.965000,1924.500000
2023.01.01 23:14,9.965000,9.970000,9.965000,9.965000,6574.300000
2023.01.01 23:15,9.965000,9.975000,9.965000,9.970000,14349.900000
2023.01.01 23:16,9.970000,9.975000,9.970000,9.970000,3330.800000
2023.01.01 23:17,9.970000,9.970000,9.970000,9.970000,267.800000
2023.01.01 23:18,9.970000,9.975000,9.970000,9.975000,4172.400000
2023.01.01 23:19,9.975000,9.980000,9.970000,9.980000,53678.100000
