2023.01.01 00:00,0.342800,0.343300,0.342800,0.343100,176086.000000
2023.01.01 00:05,0.343100,0.343200,0.343000,0.343000,100537.000000
2023.01.01 00:10,0.343000,0.343400,0.343000,0.343200,465449.000000
2023.01.01 00:15,0.343200,0.343600,0.343000,0.343100,810896.000000
2023.01.01 00:20,0.343100,0.343300,0.342900,0.343000,392496.000000
2023.01.01 00:25,0.343000,0.343100,0.342800,0.343000,300789.000000
2023.01.01 00:30,0.343000,0.343000,0.342800,0.342800,362006.000000
2023.01.01 00:35,0.342800,0.342900,0.342600,0.342700,244652.000000
2023.01.01 00:40,0.342700,0.342900,0.342600,0.342800,96323.000000
2023.01.01 00:45,0.342800,0.342800,0.342600,0.342600,174852.000000
2023.01.01 00:50,0.342600,0.342700,0.342100,0.342400,523655.000000
2023.01.01 00:55,0.342400,0.342400,0.341900,0.342100,404489.000000
2023.01.01 01:00,0.342100,0.342300,0.342000,0.342100,299853.000000
2023.01.01 01:05,0.342100,0.342500,0.341900,0.342500,236341.000000
2023.01.01 01:10,0.342500,0.342700,0.342500,0.342600,380922.000000
2023.01.01 01:15,0.342600,0.342700,0.341700,0.341800,552980.000000
2023.01.01 01:20,0.341800,0.342000,0.341500,0.341700,944655.000000
2023.01.01 01:25,0.341700,0.341800,0.341600,0.341700,416654.000000
2023.01.01 01:30,0.341700,0.341900,0.341600,0.341600,340129.000000
2023.01.01 01:35,0.341600,0.341700,0.341400,0.341400,577262.000000
2023.01.01 01:40,0.341400,0.341500,0.341200,0.341200,1175391.000000
2023.01.01 01:45,0.341200,0.341400,0.341200,0.341300,271209.000000
2023.01.01 01:50,0.341300,0.341300,0.340500,0.341000,2174159.000000
2023.01.01 01:55,0.341000,0.341000,0.340800,0.340900,523439.000000
2023.01.01 02:00,0.340900,0.341000,0.339500,0.340100,6536932.000000
2023.01.01 02:05,0.340100,0.340300,0.338900,0.339100,5463723.000000
2023.01.01 02:10,0.339100,0.339700,0.339100,0.339400,2111209.000000
2023.01.01 02:15,0.339400,0.339700,0.339200,0.339500,1274030.000000
2023.01.01 02:20,0.339500,0.339800,0.339400,0.339800,667350.000000
2023.01.01 02:25,0.339800,0.340000,0.339500,0.339700,954928.000000
2023.01.01 02:30,0.339700,0.340000,0.339600,0.339900,896102.000000
2023.01.01 02:35,0.339900,0.340300,0.339700,0.340200,1649347.000000
2023.01.01 02:40,0.340200,0.340600,0.340200,0.340400,635749.000000
2023.01.01 02:45,0.340400,0.340500,0.339900,0.339900,624914.000000
2023.01.01 02:50,0.339900,0.340000,0.339700,0.339800,723302.000000
2023.01.01 02:55,0.339800,0.340000,0.338700,0.339000,3466835.000000
2023.01.01 03:00,0.339000,0.339300,0.338300,0.338800,3426480.000000
2023.01.01 03:05,0.338800,0.338800,0.338300,0.338500,992414.000000
2023.01.01 03:10,0.338500,0.338800,0.338400,0.338700,1161358.000000
2023.01.01 03:15,0.338700,0.338900,0.338500,0.338900,676164.000000
2023.01.01 03:20,0.338900,0.339000,0.338500,0.338500,642011.000000
2023.01.01 03:25,0.338500,0.339100,0.338500,0.339000,761004.000000
2023.01.01 03:30,0.339000,0.339100,0.338900,0.338900,1073834.000000
2023.01.01 03:35,0.338900,0.339000,0.338100,0.338300,2380529.000000
2023.01.01 03:40,0.338300,0.338400,0.337900,0.338400,1258393.000000
2023.01.01 03:45,0.338400,0.338600,0.338300,0.338400,543772.000000
2023.01.01 03:50,0.338400,0.338700,0.338400,0.338500,746540.000000
2023.01.01 03:55,0.338500,0.338700,0.338400,0.338600,1053775.000000
2023.01.01 04:00,0.338600,0.338700,0.338300,0.338400,802511.000000
2023.01.01 04:05,0.338400,0.338800,0.338400,0.338700,1040750.000000
2023.01.01 04:10,0.338700,0.338800,0.338600,0.338700,444714.000000
2023.01.01 04:15,0.338700,0.338900,0.338600,0.338900,2458837.000000
2023.01.01 04:20,0.338900,0.339000,0.338800,0.338900,321335.000000
2023.01.01 04:25,0.338900,0.339000,0.338800,0.338900,662128.000000
2023.01.01 04:30,0.338900,0.338900,0.338800,0.338900,318681.000000
2023.01.01 04:35,0.338900,0.339000,0.338700,0.338900,997916.000000
2023.01.01 04:40,0.338900,0.339000,0.338700,0.338900,486260.000000
2023.01.01 04:45,0.338900,0.339100,0.338900,0.339100,240493.000000
2023.01.01 04:50,0.339100,0.339200,0.338900,0.339100,915807.000000
2023.01.01 04:55,0.339100,0.339100,0.338900,0.339000,486954.000000
2023.01.01 05:00,0.339000,0.339000,0.338500,0.338600,812608.000000
2023.01.01 05:05,0.338600,0.338600,0.338400,0.338400,401030.000000
2023.01.01 05:10,0.338400,0.338800,0.338400,0.338600,404208.000000
2023.01.01 05:15,0.338600,0.338800,0.338300,0.338400,463240.000000
2023.01.01 05:20,0.338400,0.338500,0.337000,0.337400,7851586.000000
2023.01.01 05:25,0.337400,0.337900,0.337300,0.337700,1475956.000000
2023.01.01 05:30,0.337700,0.337800,0.337400,0.337800,691653.000000
2023.01.01 05:35,0.337800,0.337900,0.337700,0.337900,724614.000000
2023.01.01 05:40,0.337900,0.338000,0.337800,0.337800,315985.000000
2023.01.01 05:45,0.337800,0.338200,0.337800,0.337900,1086624.000000
2023.01.01 05:50,0.337900,0.338200,0.337800,0.338200,102026.000000
2023.01.01 05:55,0.338200,0.338200,0.338000,0.338100,280218.000000
2023.01.01 06:00,0.338100,0.338100,0.337400,0.337500,621645.000000
2023.01.01 06:05,0.337500,0.337800,0.337400,0.337800,921049.000000
2023.01.01 06:10,0.337800,0.337900,0.337700,0.337700,761397.000000
2023.01.01 06:15,0.337700,0.337800,0.337500,0.337500,834464.000000
2023.01.01 06:20,0.337500,0.337900,0.337500,0.337900,464722.000000
2023.01.01 06:25,0.337900,0.337900,0.337600,0.337700,1770308.000000
2023.01.01 06:30,0.337700,0.337900,0.337700,0.337900,286339.000000
2023.01.01 06:35,0.337900,0.338100,0.337800,0.338000,911500.000000
2023.01.01 06:40,0.338000,0.338100,0.337700,0.337900,1207153.000000
2023.01.01 06:45,0.337900,0.338100,0.337700,0.338000,1028108.000000
2023.01.01 06:50,0.338000,0.338300,0.337900,0.338300,426605.000000
2023.01.01 06:55,0.338300,0.338400,0.338100,0.338300,436193.000000
2023.01.01 07:00,0.338300,0.338400,0.338100,0.338300,689145.000000
2023.01.01 07:05,0.338300,0.338300,0.337800,0.337800,183154.000000
2023.01.01 07:10,0.337800,0.337900,0.337400,0.337400,414782.000000
2023.01.01 07:15,0.337400,0.337600,0.337300,0.337300,817766.000000
2023.01.01 07:20,0.337300,0.337500,0.337200,0.337400,865965.000000
2023.01.01 07:25,0.337400,0.337600,0.337300,0.337400,461087.000000
2023.01.01 07:30,0.337400,0.337500,0.337200,0.337500,519219.000000
2023.01.01 07:35,0.337500,0.337700,0.337400,0.337600,219747.000000
2023.01.01 07:40,0.337600,0.337700,0.337100,0.337200,784231.000000
2023.01.01 07:45,0.337200,0.337300,0.337100,0.337100,833245.000000
2023.01.01 07:50,0.337100,0.337200,0.336600,0.337100,1478880.000000
2023.01.01 07:55,0.337100,0.337200,0.335300,0.336300,5939913.000000
2023.01.01 08:00,0.336300,0.336400,0.335600,0.335600,2049914.000000
2023.01.01 08:05,0.335600,0.336100,0.335600,0.335800,1184028.000000
2023.01.01 08:10,0.335800,0.336100,0.335700,0.336100,235961.000000
2023.01.01 08:15,0.336100,0.336300,0.336000,0.336300,387889.000000
2023.01.01 08:20,0.336300,0.336500,0.335900,0.336500,485305.000000
2023.01.01 08:25,0.336500,0.336700,0.336100,0.336100,458071.000000
2023.01.01 08:30,0.336100,0.336300,0.336000,0.336000,537424.000000
2023.01.01 08:35,0.336000,0.336000,0.335800,0.335800,157525.000000
2023.01.01 08:40,0.335800,0.336000,0.335700,0.336000,839912.000000
2023.01.01 08:45,0.336000,0.336500,0.335900,0.336500,656929.000000
2023.01.01 08:50,0.336500,0.336800,0.336300,0.336600,1984673.000000
2023.01.01 08:55,0.336600,0.337000,0.336500,0.336800,1375768.000000
2023.01.01 09:00,0.336800,0.337000,0.336500,0.337000,1468931.000000
2023.01.01 09:05,0.337000,0.337000,0.336800,0.336800,284676.000000
2023.01.01 09:10,0.336800,0.336900,0.336500,0.336700,120065.000000
2023.01.01 09:15,0.336700,0.337200,0.336700,0.337100,1082335.000000
2023.01.01 09:20,0.337100,0.337200,0.336800,0.336800,231042.000000
2023.01.01 09:25,0.336800,0.337000,0.336600,0.337000,181592.000000
2023.01.01 09:30,0.337000,0.337100,0.336800,0.336800,221783.000000
2023.01.01 09:35,0.336800,0.337100,0.336800,0.337100,142971.000000
2023.01.01 09:40,0.337100,0.337200,0.336600,0.336600,847074.000000
2023.01.01 09:45,0.336600,0.336800,0.336500,0.336700,448929.000000
2023.01.01 09:50,0.336700,0.336700,0.336400,0.336400,602659.000000
2023.01.01 09:55,0.336400,0.336700,0.336400,0.336600,154861.000000
2023.01.01 10:00,0.336600,0.336700,0.336300,0.336400,687231.000000
2023.01.01 10:05,0.336400,0.336400,0.336200,0.336400,501391.000000
2023.01.01 10:10,0.336400,0.336500,0.336200,0.336300,703297.000000
2023.01.01 10:15,0.336300,0.336300,0.335900,0.336000,774016.000000
2023.01.01 10:20,0.336000,0.336100,0.336000,0.336000,321946.000000
2023.01.01 10:25,0.336000,0.336100,0.335900,0.336000,352140.000000
2023.01.01 10:30,0.336000,0.336400,0.336000,0.336400,312357.000000
2023.01.01 10:35,0.336400,0.336600,0.336200,0.336600,1146180.000000
2023.01.01 10:40,0.336600,0.336600,0.336500,0.336600,184473.000000
2023.01.01 10:45,0.336600,0.336900,0.336500,0.336800,509682.000000
2023.01.01 10:50,0.336800,0.337100,0.336800,0.337000,490632.000000
2023.01.01 10:55,0.337000,0.337300,0.337000,0.337000,952890.000000
2023.01.01 11:00,0.337000,0.337300,0.336800,0.337300,1166009.000000
2023.01.01 11:05,0.337300,0.337400,0.336900,0.337000,1100866.000000
2023.01.01 11:10,0.337000,0.337100,0.336800,0.336900,176210.000000
2023.01.01 11:15,0.336900,0.337100,0.336800,0.337100,144698.000000
2023.01.01 11:20,0.337100,0.337100,0.337000,0.337000,98356.000000
2023.01.01 11:25,0.337000,0.337300,0.337000,0.337300,88335.000000
2023.01.01 11:30,0.337300,0.337300,0.337100,0.337100,152074.000000
2023.01.01 11:35,0.337100,0.337200,0.336900,0.336900,284422.000000
2023.01.01 11:40,0.336900,0.337100,0.336900,0.337000,384976.000000
2023.01.01 11:45,0.337000,0.337000,0.336700,0.336800,302978.000000
2023.01.01 11:50,0.336800,0.337000,0.336700,0.337000,613236.000000
2023.01.01 11:55,0.337000,0.337000,0.336900,0.337000,42007.000000
2023.01.01 12:00,0.337000,0.337000,0.336800,0.336800,171023.000000
2023.01.01 12:05,0.336800,0.336900,0.336600,0.336600,123237.000000
2023.01.01 12:10,0.336600,0.336800,0.336600,0.336700,543951.000000
2023.01.01 12:15,0.336700,0.336900,0.336700,0.336900,587134.000000
2023.01.01 12:20,0.336900,0.337100,0.336800,0.337000,139078.000000
2023.01.01 12:25,0.337000,0.337200,0.337000,0.337100,84117.000000
2023.01.01 12:30,0.337100,0.337600,0.337100,0.337400,498665.000000
2023.01.01 12:35,0.337400,0.337400,0.337300,0.337400,104942.000000
2023.01.01 12:40,0.337400,0.337400,0.337300,0.337400,329994.000000
2023.01.01 12:45,0.337400,0.337700,0.337400,0.337500,455748.000000
2023.01.01 12:50,0.337500,0.337800,0.337500,0.337800,339105.000000
2023.01.01 12:55,0.337800,0.338100,0.337700,0.338100,1268512.000000
2023.01.01 13:00,0.338100,0.338100,0.337900,0.338000,716092.000000
2023.01.01 13:05,0.338000,0.338300,0.337900,0.338200,1088260.000000
2023.01.01 13:10,0.338200,0.338200,0.337900,0.338000,880570.000000
2023.01.01 13:15,0.338000,0.338300,0.338000,0.338300,730518.000000
2023.01.01 13:20,0.338300,0.338300,0.338000,0.338100,821623.000000
2023.01.01 13:25,0.338100,0.338200,0.338000,0.338200,280707.000000
2023.01.01 13:30,0.338200,0.338200,0.337700,0.337900,787092.000000
2023.01.01 13:35,0.337900,0.337900,0.337700,0.337800,538210.000000
2023.01.01 13:40,0.337800,0.337800,0.337600,0.337700,228451.000000
2023.01.01 13:45,0.337700,0.337800,0.337600,0.337800,574012.000000
2023.01.01 13:50,0.337800,0.337900,0.337700,0.337900,485047.000000
2023.01.01 13:55,0.337900,0.338500,0.337800,0.338500,1474243.000000
2023.01.01 14:00,0.338500,0.338500,0.338300,0.338300,785435.000000
2023.01.01 14:05,0.338300,0.338500,0.338100,0.338100,813232.000000
2023.01.01 14:10,0.338100,0.338500,0.338100,0.338500,887268.000000
2023.01.01 14:15,0.338500,0.338500,0.338400,0.338400,99427.000000
2023.01.01 14:20,0.338400,0.338700,0.338400,0.338700,1121058.000000
2023.01.01 14:25,0.338700,0.338700,0.338100,0.338100,931671.000000
2023.01.01 14:30,0.338100,0.338300,0.338100,0.338200,147640.000000
2023.01.01 14:35,0.338200,0.338200,0.338000,0.338000,522637.000000
2023.01.01 14:40,0.338000,0.338100,0.338000,0.338100,129809.000000
2023.01.01 14:45,0.338100,0.338100,0.337900,0.337900,248252.000000
2023.01.01 14:50,0.337900,0.338000,0.337800,0.337900,502678.000000
2023.01.01 14:55,0.337900,0.338500,0.337800,0.338500,1743842.000000
2023.01.01 15:00,0.338500,0.338500,0.338200,0.338300,2034557.000000
2023.01.01 15:05,0.338300,0.338300,0.338100,0.338100,620830.000000
2023.01.01 15:10,0.338100,0.338500,0.338000,0.338400,564491.000000
2023.01.01 15:15,0.338400,0.338600,0.338300,0.338500,1473859.000000
2023.01.01 15:20,0.338500,0.338500,0.338300,0.338400,186543.000000
2023.01.01 15:25,0.338400,0.338400,0.338100,0.338300,547354.000000
2023.01.01 15:30,0.338300,0.338400,0.338200,0.338300,226183.000000
2023.01.01 15:35,0.338300,0.338300,0.338100,0.338100,177710.000000
2023.01.01 15:40,0.338100,0.338100,0.337900,0.338000,246101.000000
2023.01.01 15:45,0.338000,0.338300,0.338000,0.338300,100951.000000
2023.01.01 15:50,0.338300,0.338400,0.338200,0.338200,270444.000000
2023.01.01 15:55,0.338200,0.338300,0.338200,0.338300,60477.000000
2023.01.01 16:00,0.338300,0.338600,0.338300,0.338400,952883.000000
2023.01.01 16:05,0.338400,0.338800,0.338400,0.338600,739945.000000
2023.01.01 16:10,0.338600,0.338600,0.338400,0.338500,473572.000000
2023.01.01 16:15,0.338500,0.338500,0.338100,0.338200,231108.000000
2023.01.01 16:20,0.338200,0.338200,0.338100,0.338200,107833.000000
2023.01.01 16:25,0.338200,0.338300,0.338200,0.338200,126887.000000
2023.01.01 16:30,0.338200,0.338600,0.338200,0.338400,225440.000000
2023.01.01 16:35,0.338400,0.338500,0.338200,0.338300,107048.000000
2023.01.01 16:40,0.338300,0.338400,0.338200,0.338300,623637.000000
2023.01.01 16:45,0.338300,0.338300,0.338000,0.338100,293047.000000
2023.01.01 16:50,0.338100,0.338400,0.338000,0.338300,90131.000000
2023.01.01 16:55,0.338300,0.338400,0.338300,0.338400,38187.000000
2023.01.01 17:00,0.338400,0.338400,0.338300,0.338300,77952.000000
2023.01.01 17:05,0.338300,0.338400,0.338100,0.338200,118228.000000
2023.01.01 17:10,0.338200,0.338400,0.338200,0.338300,163071.000000
2023.01.01 17:15,0.338300,0.338400,0.338100,0.338200,219749.000000
2023.01.01 17:20,0.338200,0.338300,0.338200,0.338200,69370.000000
2023.01.01 17:25,0.338200,0.338300,0.338200,0.338300,200152.000000
2023.01.01 17:30,0.338300,0.338500,0.338200,0.338500,548349.000000
2023.01.01 17:35,0.338500,0.338500,0.338300,0.338400,184417.000000
2023.01.01 17:40,0.338400,0.338400,0.338000,0.338100,320424.000000
2023.01.01 17:45,0.338100,0.338100,0.337800,0.338000,324514.000000
2023.01.01 17:50,0.338000,0.338000,0.337800,0.337800,747731.000000
2023.01.01 17:55,0.337800,0.337800,0.337400,0.337500,1504772.000000
2023.01.01 18:00,0.337500,0.337700,0.337100,0.337300,1010709.000000
2023.01.01 18:05,0.337300,0.337700,0.337000,0.337400,2938963.000000
2023.01.01 18:10,0.337400,0.337500,0.337100,0.337200,1097791.000000
2023.01.01 18:15,0.337200,0.337300,0.337000,0.337000,1307420.000000
2023.01.01 18:20,0.337000,0.337100,0.336700,0.336800,1696461.000000
2023.01.01 18:25,0.336800,0.336800,0.336400,0.336800,2032898.000000
2023.01.01 18:30,0.336800,0.337100,0.336700,0.337100,284926.000000
2023.01.01 18:35,0.337100,0.337400,0.337000,0.337400,697143.000000
2023.01.01 18:40,0.337400,0.337400,0.337300,0.337400,415759.000000
2023.01.01 18:45,0.337400,0.337400,0.336800,0.336900,438931.000000
2023.01.01 18:50,0.336900,0.337000,0.336700,0.337000,824467.000000
2023.01.01 18:55,0.337000,0.337200,0.336900,0.337100,928377.000000
2023.01.01 19:00,0.337100,0.337900,0.337100,0.337300,2534928.000000
2023.01.01 19:05,0.337300,0.337700,0.337300,0.337500,556473.000000
2023.01.01 19:10,0.337500,0.337700,0.337300,0.337300,1033593.000000
2023.01.01 19:15,0.337300,0.337500,0.337200,0.337500,504540.000000
2023.01.01 19:20,0.337500,0.337500,0.337200,0.337400,496581.000000
2023.01.01 19:25,0.337400,0.337700,0.337300,0.337600,390637.000000
2023.01.01 19:30,0.337600,0.337900,0.337600,0.337900,454299.000000
2023.01.01 19:35,0.337900,0.337900,0.337600,0.337600,634703.000000
2023.01.01 19:40,0.337600,0.337700,0.337400,0.337500,525716.000000
2023.01.01 19:45,0.337500,0.337600,0.337400,0.337600,282948.000000
2023.01.01 19:50,0.337600,0.337600,0.337100,0.337400,1044352.000000
2023.01.01 19:55,0.337400,0.337400,0.337100,0.337100,181514.000000
2023.01.01 20:00,0.337100,0.337500,0.337100,0.337500,598842.000000
2023.01.01 20:05,0.337500,0.337700,0.337400,0.337700,273373.000000
2023.01.01 20:10,0.337700,0.337700,0.337200,0.337400,1006476.000000
2023.01.01 20:15,0.337400,0.337700,0.337300,0.337700,125770.000000
2023.01.01 20:20,0.337700,0.337800,0.337600,0.337800,451617.000000
2023.01.01 20:25,0.337800,0.338500,0.337800,0.338400,1927086.000000
2023.01.01 20:30,0.338400,0.338500,0.338100,0.338200,1042347.000000
2023.01.01 20:35,0.338200,0.338400,0.338000,0.338400,1097661.000000
2023.01.01 20:40,0.338400,0.338600,0.338300,0.338300,640469.000000
2023.01.01 20:45,0.338300,0.338600,0.338200,0.338200,317015.000000
2023.01.01 20:50,0.338200,0.338500,0.338200,0.338500,460908.000000
2023.01.01 20:55,0.338500,0.338500,0.338200,0.338200,214020.000000
2023.01.01 21:00,0.338200,0.338600,0.338100,0.338600,657027.000000
2023.01.01 21:05,0.338600,0.339400,0.338500,0.339000,2367562.000000
2023.01.01 21:10,0.339000,0.339100,0.338800,0.339000,569035.000000
2023.01.01 21:15,0.339000,0.339100,0.338700,0.338900,691541.000000
2023.01.01 21:20,0.338900,0.338900,0.338700,0.338800,616417.000000
2023.01.01 21:25,0.338800,0.339100,0.338700,0.339000,1393286.000000
2023.01.01 21:30,0.339000,0.339200,0.338800,0.339200,892128.000000
2023.01.01 21:35,0.339200,0.339400,0.339100,0.339200,232725.000000
2023.01.01 21:40,0.339200,0.339400,0.339100,0.339300,1078310.000000
2023.01.01 21:45,0.339300,0.339400,0.339100,0.339200,324096.000000
2023.01.01 21:50,0.339200,0.339500,0.339100,0.339300,370476.000000
2023.01.01 21:55,0.339300,0.339900,0.339300,0.339800,835644.000000
2023.01.01 22:00,0.339800,0.339800,0.339500,0.339600,415948.000000
2023.01.01 22:05,0.339600,0.339800,0.339500,0.339500,654928.000000
2023.01.01 22:10,0.339500,0.339800,0.339400,0.339800,153918.000000
2023.01.01 22:15,0.339800,0.339800,0.339500,0.339600,175553.000000
2023.01.01 22:20,0.339600,0.339600,0.339200,0.339200,381523.000000
2023.01.01 22:25,0.339200,0.339300,0.339200,0.339300,259588.000000
2023.01.01 22:30,0.339300,0.339500,0.339100,0.339500,540413.000000
2023.01.01 22:35,0.339500,0.339900,0.339400,0.339800,377124.000000
2023.01.01 22:40,0.339800,0.339800,0.339600,0.339600,115994.000000
2023.01.01 22:45,0.339600,0.339600,0.339400,0.339400,163606.000000
2023.01.01 22:50,0.339400,0.339500,0.339400,0.339400,217954.000000
2023.01.01 22:55,0.339400,0.339400,0.339000,0.339200,1058454.000000
2023.01.01 23:00,0.339200,0.339500,0.338500,0.338900,2884409.000000
2023.01.01 23:05,0.338900,0.339000,0.338700,0.338900,925610.000000
2023.01.01 23:10,0.338900,0.339000,0.338800,0.338800,232950.000000
2023.01.01 23:15,0.338800,0.339200,0.338800,0.339200,376586.000000
2023.01.01 23:20,0.339200,0.339700,0.339000,0.339600,770126.000000
2023.01.01 23:25,0.339600,0.339600,0.339100,0.339100,298838.000000
2023.01.01 23:30,0.339100,0.339500,0.339100,0.339300,1908379.000000
2023.01.01 23:35,0.339300,0.339400,0.339200,0.339200,753493.000000
2023.01.01 23:40,0.339200,0.339300,0.339000,0.339100,452580.000000
2023.01.01 23:45,0.339100,0.339100,0.338900,0.339000,361897.000000
2023.01.01 23:50,0.339000,0.339100,0.339000,0.339000,112029.000000
2023.01.01 23:55,0.339000,0.339100,0.338600,0.338700,318118.000000
2023.01.02 00:00,0.338700,0.339000,0.338200,0.338200,778035.000000
2023.01.02 00:05,0.338200,0.338400,0.338100,0.338100,1007745.000000
2023.01.02 00:10,0.338100,0.338500,0.337800,0.337900,1375145.000000
2023.01.02 00:15,0.337900,0.338500,0.337900,0.338400,948730.000000
2023.01.02 00:20,0.338400,0.338500,0.338400,0.338500,127873.000000
2023.01.02 00:25,0.338500,0.338700,0.338400,0.338700,353750.000000
2023.01.02 00:30,0.338700,0.338800,0.338500,0.338700,401127.000000
2023.01.02 00:35,0.338700,0.338900,0.338700,0.338900,611611.000000
2023.01.02 00:40,0.338900,0.338900,0.338600,0.338700,230738.000000
2023.01.02 00:45,0.338700,0.338800,0.338600,0.338800,391807.000000
2023.01.02 00:50,0.338800,0.338900,0.338700,0.338900,259927.000000
2023.01.02 00:55,0.338900,0.339000,0.338800,0.338900,336345.000000
2023.01.02 01:00,0.338900,0.339000,0.338900,0.339000,55226.000000
2023.01.02 01:05,0.339000,0.339200,0.338900,0.339200,299411.000000
2023.01.02 01:10,0.339200,0.339200,0.338300,0.338400,1567287.000000
2023.01.02 01:15,0.338400,0.338400,0.338200,0.338400,394739.000000
2023.01.02 01:20,0.338400,0.338700,0.338300,0.338500,850395.000000
2023.01.02 01:25,0.338500,0.338700,0.338500,0.338600,103963.000000
2023.01.02 01:30,0.338600,0.338700,0.338400,0.338400,65393.000000
2023.01.02 01:35,0.338400,0.338400,0.338300,0.338300,342048.000000
2023.01.02 01:40,0.338300,0.338500,0.338200,0.338300,1158475.000000
2023.01.02 01:45,0.338300,0.338400,0.338300,0.338400,163327.000000
2023.01.02 01:50,0.338400,0.338700,0.338400,0.338700,604827.000000
2023.01.02 01:55,0.338700,0.338700,0.338600,0.338600,86046.000000
2023.01.02 02:00,0.338600,0.338700,0.338600,0.338700,33469.000000
2023.01.02 02:05,0.338700,0.338800,0.338400,0.338700,388631.000000
2023.01.02 02:10,0.338700,0.339100,0.338700,0.339000,335980.000000
2023.01.02 02:15,0.339000,0.339300,0.338900,0.339000,1089517.000000
2023.01.02 02:20,0.339000,0.339100,0.338800,0.338800,171924.000000
2023.01.02 02:25,0.338800,0.338800,0.338500,0.338600,891987.000000
2023.01.02 02:30,0.338600,0.338700,0.338500,0.338500,188598.000000
2023.01.02 02:35,0.338500,0.338600,0.338200,0.338500,917748.000000
2023.01.02 02:40,0.338500,0.338600,0.338300,0.338300,430490.000000
2023.01.02 02:45,0.338300,0.338400,0.337900,0.338400,1258747.000000
2023.01.02 02:50,0.338400,0.338700,0.338300,0.338600,296126.000000
2023.01.02 02:55,0.338600,0.338900,0.338500,0.338900,269635.000000
2023.01.02 03:00,0.338900,0.339200,0.338800,0.339000,464497.000000
2023.01.02 03:05,0.339000,0.339400,0.338900,0.339100,877822.000000
2023.01.02 03:10,0.339100,0.339300,0.338700,0.338800,596587.000000
2023.01.02 03:15,0.338800,0.339300,0.338800,0.339100,574643.000000
2023.01.02 03:20,0.339100,0.339400,0.339000,0.339400,637962.000000
2023.01.02 03:25,0.339400,0.339600,0.339000,0.339000,1741906.000000
2023.01.02 03:30,0.339000,0.339300,0.338900,0.339300,567182.000000
2023.01.02 03:35,0.339300,0.339500,0.339200,0.339300,608720.000000
2023.01.02 03:40,0.339300,0.339400,0.338900,0.338900,630061.000000
2023.01.02 03:45,0.338900,0.339000,0.338300,0.338400,964865.000000
2023.01.02 03:50,0.338400,0.338400,0.337200,0.337300,2880782.000000
2023.01.02 03:55,0.337300,0.337400,0.336500,0.336800,3551327.000000
2023.01.02 04:00,0.336800,0.337000,0.335700,0.336200,4573358.000000
2023.01.02 04:05,0.336200,0.336300,0.293400,0.321000,158252557.000000
2023.01.02 04:10,0.321000,0.325400,0.319800,0.321400,27444037.000000
2023.01.02 04:15,0.321400,0.323200,0.318200,0.320300,26814975.000000
2023.01.02 04:20,0.320300,0.323100,0.320100,0.323000,23024234.000000
2023.01.02 04:25,0.323000,0.324300,0.322700,0.323800,15742679.000000
2023.01.02 04:30,0.323800,0.326600,0.323200,0.325700,23599847.000000
2023.01.02 04:35,0.325700,0.327600,0.325100,0.326200,20426336.000000
2023.01.02 04:40,0.326200,0.326900,0.323900,0.325500,21685034.000000
2023.01.02 04:45,0.325500,0.327400,0.325300,0.326000,12888605.000000
2023.01.02 04:50,0.326000,0.326500,0.324500,0.325300,8606114.000000
2023.01.02 04:55,0.325300,0.326200,0.325000,0.325100,7390213.000000
2023.01.02 05:00,0.325100,0.326500,0.324200,0.325700,12377383.000000
2023.01.02 05:05,0.325700,0.326000,0.325200,0.325300,6463840.000000
2023.01.02 05:10,0.325300,0.325800,0.324600,0.325400,6687559.000000
2023.01.02 05:15,0.325400,0.326600,0.325300,0.326500,7359758.000000
2023.01.02 05:20,0.326500,0.326500,0.325500,0.325800,4944907.000000
2023.01.02 05:25,0.325800,0.329200,0.325500,0.326900,19245397.000000
2023.01.02 05:30,0.326900,0.328000,0.326700,0.326900,6641986.000000
2023.01.02 05:35,0.326900,0.327400,0.326300,0.327400,6507760.000000
2023.01.02 05:40,0.327400,0.327800,0.326800,0.327100,6281683.000000
2023.01.02 05:45,0.327100,0.327400,0.326100,0.326200,4897131.000000
2023.01.02 05:50,0.326200,0.326700,0.326100,0.326500,4939522.000000
2023.01.02 05:55,0.326500,0.326800,0.325900,0.326400,3750265.000000
2023.01.02 06:00,0.326400,0.326800,0.326000,0.326600,4768908.000000
2023.01.02 06:05,0.326600,0.327000,0.326400,0.326800,2417210.000000
2023.01.02 06:10,0.326800,0.326800,0.325900,0.326000,4750449.000000
2023.01.02 06:15,0.326000,0.326800,0.325900,0.326800,3450829.000000
2023.01.02 06:20,0.326800,0.326800,0.326200,0.326400,4227465.000000
2023.01.02 06:25,0.326400,0.326500,0.325800,0.325800,4993127.000000
2023.01.02 06:30,0.325800,0.326200,0.325700,0.326200,2832465.000000
2023.01.02 06:35,0.326200,0.326800,0.326000,0.326700,3651883.000000
2023.01.02 06:40,0.326700,0.327400,0.326700,0.327300,7161454.000000
2023.01.02 06:45,0.327300,0.328300,0.327000,0.327800,8898873.000000
2023.01.02 06:50,0.327800,0.329500,0.327700,0.329100,9213739.000000
2023.01.02 06:55,0.329100,0.329200,0.328000,0.328400,4027857.000000
2023.01.02 07:00,0.328400,0.328400,0.327800,0.328000,2119245.000000
2023.01.02 07:05,0.328000,0.328400,0.327800,0.327900,1822628.000000
2023.01.02 07:10,0.327900,0.328400,0.327700,0.328200,1730160.000000
2023.01.02 07:15,0.328200,0.328500,0.327600,0.327900,1966731.000000
2023.01.02 07:20,0.327900,0.328000,0.327500,0.327800,1545390.000000
2023.01.02 07:25,0.327800,0.327800,0.327300,0.327300,1349563.000000
2023.01.02 07:30,0.327300,0.327500,0.326900,0.327000,2230988.000000
2023.01.02 07:35,0.327000,0.327500,0.326500,0.326600,3311966.000000
2023.01.02 07:40,0.326600,0.327200,0.326100,0.326300,2747741.000000
2023.01.02 07:45,0.326300,0.326900,0.326300,0.326800,2603622.000000
2023.01.02 07:50,0.326800,0.327400,0.326700,0.327300,1951123.000000
2023.01.02 07:55,0.327300,0.327900,0.327000,0.327700,2088250.000000
2023.01.02 08:00,0.327700,0.328000,0.327300,0.327900,1285090.000000
2023.01.02 08:05,0.327900,0.328300,0.327400,0.328200,2122430.000000
2023.01.02 08:10,0.328200,0.328400,0.327700,0.327700,1843417.000000
2023.01.02 08:15,0.327700,0.328300,0.327700,0.327900,888059.000000
2023.01.02 08:20,0.327900,0.329200,0.327700,0.328700,4135049.000000
2023.01.02 08:25,0.328700,0.329500,0.328700,0.329500,3973825.000000
2023.01.02 08:30,0.329500,0.329500,0.328600,0.328800,2555892.000000
2023.01.02 08:35,0.328800,0.329000,0.328800,0.329000,792187.000000
2023.01.02 08:40,0.329000,0.329300,0.328600,0.329300,3139225.000000
2023.01.02 08:45,0.329300,0.329400,0.329200,0.329300,881724.000000
2023.01.02 08:50,0.329300,0.333600,0.329300,0.331100,18387860.000000
2023.01.02 08:55,0.331100,0.331900,0.330800,0.331300,3577294.000000
2023.01.02 09:00,0.331300,0.331300,0.330500,0.330700,2795384.000000
2023.01.02 09:05,0.330700,0.331800,0.330600,0.331000,2863483.000000
2023.01.02 09:10,0.331000,0.332200,0.331000,0.331700,2550481.000000
2023.01.02 09:15,0.331700,0.331900,0.330900,0.331800,1993726.000000
2023.01.02 09:20,0.331800,0.331800,0.331200,0.331700,712351.000000
2023.01.02 09:25,0.331700,0.332200,0.331600,0.331700,1029431.000000
2023.01.02 09:30,0.331700,0.331900,0.331100,0.331400,793525.000000
2023.01.02 09:35,0.331400,0.331800,0.331200,0.331300,511692.000000
2023.01.02 09:40,0.331300,0.331400,0.331000,0.331100,676531.000000
2023.01.02 09:45,0.331100,0.331700,0.331100,0.331600,548461.000000
2023.01.02 09:50,0.331600,0.331900,0.331100,0.331200,1099529.000000
2023.01.02 09:55,0.331200,0.331700,0.331200,0.331300,667278.000000
2023.01.02 10:00,0.331300,0.332100,0.331300,0.331900,868614.000000
2023.01.02 10:05,0.331900,0.333500,0.331900,0.332700,4617319.000000
2023.01.02 10:10,0.332700,0.337300,0.332400,0.337000,21176722.000000
2023.01.02 10:15,0.337000,0.338900,0.335000,0.336500,18037896.000000
2023.01.02 10:20,0.336500,0.337500,0.335400,0.335500,5671361.000000
2023.01.02 10:25,0.335500,0.336600,0.335200,0.335800,4205410.000000
2023.01.02 10:30,0.335800,0.336200,0.335500,0.335700,1649376.000000
2023.01.02 10:35,0.335700,0.337400,0.335700,0.337400,3463480.000000
2023.01.02 10:40,0.337400,0.339000,0.337300,0.338400,6463760.000000
2023.01.02 10:45,0.338400,0.338900,0.336900,0.337700,3700799.000000
2023.01.02 10:50,0.337700,0.338400,0.337500,0.337700,1564301.000000
2023.01.02 10:55,0.337700,0.338100,0.337100,0.337300,1850009.000000
2023.01.02 11:00,0.337300,0.338900,0.337300,0.338800,2337608.000000
2023.01.02 11:05,0.338800,0.344800,0.338400,0.341300,33443881.000000
2023.01.02 11:10,0.341300,0.346800,0.341200,0.344200,16619384.000000
2023.01.02 11:15,0.344200,0.344300,0.341700,0.342000,5438986.000000
2023.01.02 11:20,0.342000,0.342400,0.341100,0.341900,2418327.000000
2023.01.02 11:25,0.341900,0.343300,0.341300,0.342100,2882929.000000
2023.01.02 11:30,0.342100,0.342800,0.341800,0.342800,1533227.000000
2023.01.02 11:35,0.342800,0.343000,0.342200,0.342400,1109211.000000
2023.01.02 11:40,0.342400,0.343600,0.342400,0.342700,1630451.000000
2023.01.02 11:45,0.342700,0.343900,0.342100,0.342100,2104676.000000
2023.01.02 11:50,0.342100,0.342500,0.341800,0.342500,2599862.000000
2023.01.02 11:55,0.342500,0.343400,0.342500,0.343300,1262371.000000
2023.01.02 12:00,0.343300,0.343500,0.342500,0.342700,1041651.000000
2023.01.02 12:05,0.342700,0.344100,0.342700,0.343500,1450432.000000
2023.01.02 12:10,0.343500,0.344600,0.343200,0.344500,1410235.000000
2023.01.02 12:15,0.344500,0.344600,0.343800,0.344300,2886487.000000
2023.01.02 12:20,0.344300,0.347700,0.344300,0.344800,9776882.000000
2023.01.02 12:25,0.344800,0.344800,0.343100,0.343100,3352841.000000
2023.01.02 12:30,0.343100,0.343300,0.342400,0.343200,2606241.000000
2023.01.02 12:35,0.343200,0.344500,0.343100,0.343600,1572235.000000
2023.01.02 12:40,0.343600,0.344700,0.343600,0.344700,1013515.000000
2023.01.02 12:45,0.344700,0.345600,0.344100,0.345200,1876387.000000
2023.01.02 12:50,0.345200,0.345300,0.344400,0.344800,1322015.000000
2023.01.02 12:55,0.344800,0.345700,0.344700,0.345100,1412475.000000
2023.01.02 13:00,0.345100,0.345400,0.344400,0.345400,1211327.000000
2023.01.02 13:05,0.345400,0.346800,0.345000,0.345000,3865483.000000
2023.01.02 13:10,0.345000,0.345700,0.344000,0.344400,2899646.000000
2023.01.02 13:15,0.344400,0.344500,0.343400,0.344200,2915975.000000
2023.01.02 13:20,0.344200,0.344300,0.343800,0.344200,844795.000000
2023.01.02 13:25,0.344200,0.345500,0.344200,0.345000,1841095.000000
2023.01.02 13:30,0.345000,0.346200,0.344900,0.345500,1619002.000000
2023.01.02 13:35,0.345500,0.346200,0.345300,0.345300,771250.000000
2023.01.02 13:40,0.345300,0.345500,0.345100,0.345200,505085.000000
2023.01.02 13:45,0.345200,0.346300,0.345200,0.345500,1747054.000000
2023.01.02 13:50,0.345500,0.345900,0.345400,0.345600,622857.000000
2023.01.02 13:55,0.345600,0.345600,0.345000,0.345100,398770.000000
2023.01.02 14:00,0.345100,0.345700,0.344300,0.344800,1931391.000000
2023.01.02 14:05,0.344800,0.345000,0.343700,0.344500,2339339.000000
2023.01.02 14:10,0.344500,0.344600,0.343800,0.344400,928418.000000
2023.01.02 14:15,0.344400,0.345100,0.343800,0.343800,1019242.000000
2023.01.02 14:20,0.343800,0.344000,0.342800,0.342800,2980577.000000
2023.01.02 14:25,0.342800,0.343600,0.341700,0.342300,3329120.000000
2023.01.02 14:30,0.342300,0.343100,0.341500,0.341900,5627740.000000
2023.01.02 14:35,0.341900,0.343300,0.341600,0.343100,3344933.000000
2023.01.02 14:40,0.343100,0.343200,0.342500,0.342900,768026.000000
2023.01.02 14:45,0.342900,0.343900,0.342900,0.343500,2212799.000000
2023.01.02 14:50,0.343500,0.344300,0.343400,0.344100,2076130.000000
2023.01.02 14:55,0.344100,0.344500,0.344000,0.344200,690369.000000
2023.01.02 15:00,0.344200,0.344500,0.344000,0.344000,1293299.000000
2023.01.02 15:05,0.344000,0.344700,0.343400,0.344500,1350564.000000
2023.01.02 15:10,0.344500,0.344700,0.344000,0.344600,1496362.000000
2023.01.02 15:15,0.344600,0.345200,0.344200,0.344700,1154941.000000
2023.01.02 15:20,0.344700,0.344700,0.344100,0.344600,650921.000000
2023.01.02 15:25,0.344600,0.344900,0.344200,0.344800,462315.000000
2023.01.02 15:30,0.344800,0.344900,0.344200,0.344600,547445.000000
2023.01.02 15:35,0.344600,0.344700,0.343900,0.344000,573183.000000
2023.01.02 15:40,0.344000,0.344100,0.343200,0.343200,1714482.000000
2023.01.02 15:45,0.343200,0.343700,0.343200,0.343600,1408338.000000
2023.01.02 15:50,0.343600,0.343600,0.342800,0.343000,2234714.000000
2023.01.02 15:55,0.343000,0.343100,0.342700,0.342800,564730.000000
2023.01.02 16:00,0.342800,0.343300,0.342700,0.343000,1227388.000000
2023.01.02 16:05,0.343000,0.343100,0.342200,0.342400,1418388.000000
2023.01.02 16:10,0.342400,0.342800,0.341900,0.342200,2370756.000000
2023.01.02 16:15,0.342200,0.343700,0.342200,0.343200,1201306.000000
2023.01.02 16:20,0.343200,0.344100,0.343100,0.344100,754276.000000
2023.01.02 16:25,0.344100,0.344200,0.343500,0.344100,1092780.000000
2023.01.02 16:30,0.344100,0.344200,0.343800,0.344000,666849.000000
2023.01.02 16:35,0.344000,0.344000,0.343300,0.343300,1516105.000000
2023.01.02 16:40,0.343300,0.343400,0.342600,0.343000,1188589.000000
2023.01.02 16:45,0.343000,0.344000,0.343000,0.344000,1022187.000000
2023.01.02 16:50,0.344000,0.344000,0.343100,0.343700,826722.000000
2023.01.02 16:55,0.343700,0.344700,0.343600,0.343800,1368097.000000
2023.01.02 17:00,0.343800,0.345000,0.343700,0.344700,525806.000000
2023.01.02 17:05,0.344700,0.344900,0.343900,0.344800,720052.000000
2023.01.02 17:10,0.344800,0.345000,0.344500,0.344800,632445.000000
2023.01.02 17:15,0.344800,0.345300,0.344700,0.344900,1622911.000000
2023.01.02 17:20,0.344900,0.346500,0.344800,0.344900,3263484.000000
2023.01.02 17:25,0.344900,0.345100,0.344400,0.345000,1204702.000000
2023.01.02 17:30,0.345000,0.345500,0.344800,0.345400,539207.000000
2023.01.02 17:35,0.345400,0.345500,0.344400,0.344800,1179259.000000
2023.01.02 17:40,0.344800,0.346000,0.344700,0.345800,1201405.000000
2023.01.02 17:45,0.345800,0.346000,0.345300,0.345500,1197190.000000
2023.01.02 17:50,0.345500,0.346000,0.345500,0.346000,346179.000000
2023.01.02 17:55,0.346000,0.346000,0.345300,0.345300,517184.000000
2023.01.02 18:00,0.345300,0.346300,0.344400,0.344600,1483391.000000
2023.01.02 18:05,0.344600,0.344900,0.344500,0.344900,912803.000000
2023.01.02 18:10,0.344900,0.345600,0.344900,0.345500,1139654.000000
2023.01.02 18:15,0.345500,0.346400,0.345500,0.345900,1933216.000000
2023.01.02 18:20,0.345900,0.346500,0.345900,0.346500,1613766.000000
2023.01.02 18:25,0.346500,0.346800,0.346200,0.346500,1275716.000000
2023.01.02 18:30,0.346500,0.353100,0.346500,0.348300,25699617.000000
2023.01.02 18:35,0.348300,0.350600,0.347900,0.350000,7558578.000000
2023.01.02 18:40,0.350000,0.351400,0.349500,0.350300,5153697.000000
2023.01.02 18:45,0.350300,0.351000,0.349300,0.350500,2969724.000000
2023.01.02 18:50,0.350500,0.351800,0.349600,0.349900,4457784.000000
2023.01.02 18:55,0.349900,0.351300,0.349800,0.350800,2431053.000000
2023.01.02 19:00,0.350800,0.351100,0.349500,0.350500,3490009.000000
2023.01.02 19:05,0.350500,0.350500,0.349400,0.349600,1949955.000000
2023.01.02 19:10,0.349600,0.350900,0.349500,0.350900,1436389.000000
2023.01.02 19:15,0.350900,0.350900,0.349500,0.350000,1135183.000000
2023.01.02 19:20,0.350000,0.350300,0.349600,0.350300,1700249.000000
2023.01.02 19:25,0.350300,0.350800,0.350000,0.350500,2234855.000000
2023.01.02 19:30,0.350500,0.351300,0.350300,0.351200,2833848.000000
2023.01.02 19:35,0.351200,0.353300,0.351100,0.351900,7056853.000000
2023.01.02 19:40,0.351900,0.355100,0.351800,0.353200,11443908.000000
2023.01.02 19:45,0.353200,0.353400,0.352000,0.352400,2549994.000000
2023.01.02 19:50,0.352400,0.352400,0.350900,0.351500,2905026.000000
2023.01.02 19:55,0.351500,0.352500,0.351200,0.351200,2334003.000000
2023.01.02 20:00,0.351200,0.352200,0.350600,0.352200,1670375.000000
2023.01.02 20:05,0.352200,0.352400,0.351600,0.352300,1599322.000000
2023.01.02 20:10,0.352300,0.352600,0.351500,0.352000,2004492.000000
2023.01.02 20:15,0.352000,0.352600,0.352000,0.352300,650279.000000
2023.01.02 20:20,0.352300,0.352600,0.351900,0.352500,983178.000000
2023.01.02 20:25,0.352500,0.353600,0.352500,0.353200,1723876.000000
2023.01.02 20:30,0.353200,0.353900,0.352800,0.352900,1165616.000000
2023.01.02 20:35,0.352900,0.354100,0.352500,0.353600,2891406.000000
2023.01.02 20:40,0.353600,0.353600,0.352600,0.353200,2655781.000000
2023.01.02 20:45,0.353200,0.353600,0.352400,0.352400,1828228.000000
2023.01.02 20:50,0.352400,0.352900,0.352300,0.352600,1027573.000000
2023.01.02 20:55,0.352600,0.352600,0.352000,0.352500,936982.000000
2023.01.02 21:00,0.352500,0.352800,0.351600,0.352200,2191487.000000
2023.01.02 21:05,0.352200,0.352200,0.351100,0.351700,1407316.000000
2023.01.02 21:10,0.351700,0.351900,0.351700,0.351800,519469.000000
2023.01.02 21:15,0.351800,0.351800,0.351200,0.351300,928016.000000
2023.01.02 21:20,0.351300,0.352000,0.351300,0.351300,1358754.000000
2023.01.02 21:25,0.351300,0.352000,0.349800,0.350700,4540040.000000
2023.01.02 21:30,0.350700,0.351000,0.350000,0.350200,3354646.000000
2023.01.02 21:35,0.350200,0.351000,0.350100,0.350900,538802.000000
2023.01.02 21:40,0.350900,0.351000,0.350100,0.350600,500365.000000
2023.01.02 21:45,0.350600,0.351200,0.350600,0.351000,674461.000000
2023.01.02 21:50,0.351000,0.351100,0.350400,0.350400,690279.000000
2023.01.02 21:55,0.350400,0.350700,0.349900,0.350600,790773.000000
2023.01.02 22:00,0.350600,0.350800,0.350500,0.350500,467136.000000
2023.01.02 22:05,0.350500,0.350700,0.350300,0.350600,341301.000000
2023.01.02 22:10,0.350600,0.350700,0.350300,0.350400,440754.000000
2023.01.02 22:15,0.350400,0.350500,0.349800,0.349900,685554.000000
2023.01.02 22:20,0.349900,0.350600,0.349800,0.350600,573913.000000
2023.01.02 22:25,0.350600,0.350800,0.349900,0.350100,777478.000000
2023.01.02 22:30,0.350100,0.350600,0.350100,0.350400,336242.000000
2023.01.02 22:35,0.350400,0.350700,0.350100,0.350700,271848.000000
2023.01.02 22:40,0.350700,0.351100,0.350400,0.350900,863080.000000
2023.01.02 22:45,0.350900,0.351600,0.350100,0.351000,2614973.000000
2023.01.02 22:50,0.351000,0.351400,0.350900,0.351200,351824.000000
2023.01.02 22:55,0.351200,0.351500,0.350900,0.351200,909318.000000
2023.01.02 23:00,0.351200,0.351400,0.350600,0.350700,649526.000000
2023.01.02 23:05,0.350700,0.351400,0.350700,0.351400,389708.000000
2023.01.02 23:10,0.351400,0.352400,0.351200,0.351600,1838379.000000
2023.01.02 23:15,0.351600,0.352300,0.351500,0.352200,343735.000000
2023.01.02 23:20,0.352200,0.353200,0.352200,0.353000,1180734.000000
2023.01.02 23:25,0.353000,0.353800,0.352900,0.353100,1977524.000000
2023.01.02 23:30,0.353100,0.354300,0.353000,0.353900,2079728.000000
2023.01.02 23:35,0.353900,0.354000,0.353300,0.353400,928706.000000
2023.01.02 23:40,0.353400,0.353900,0.353300,0.353900,457813.000000
2023.01.02 23:45,0.353900,0.354000,0.352900,0.353000,869000.000000
2023.01.02 23:50,0.353000,0.353200,0.352700,0.353000,754438.000000
2023.01.02 23:55,0.353000,0.353800,0.353000,0.353500,587651.000000
2023.01.03 00:00,0.353500,0.354000,0.353400,0.353400,738423.000000
2023.01.03 00:05,0.353400,0.353700,0.353100,0.353700,748022.000000
2023.01.03 00:10,0.353700,0.353800,0.352500,0.352600,667358.000000
2023.01.03 00:15,0.352600,0.352900,0.352100,0.352400,746840.000000
2023.01.03 00:20,0.352400,0.353100,0.352400,0.352900,240006.000000
2023.01.03 00:25,0.352900,0.353700,0.352800,0.352800,1285001.000000
2023.01.03 00:30,0.352800,0.353700,0.352800,0.353300,1216118.000000
2023.01.03 00:35,0.353300,0.353700,0.353200,0.353600,254883.000000
2023.01.03 00:40,0.353600,0.353800,0.352800,0.353200,447912.000000
2023.01.03 00:45,0.353200,0.353600,0.353200,0.353200,243933.000000
2023.01.03 00:50,0.353200,0.353700,0.353200,0.353400,276881.000000
2023.01.03 00:55,0.353400,0.354600,0.352300,0.352900,2034406.000000
2023.01.03 01:00,0.352900,0.353100,0.351000,0.351300,3055037.000000
2023.01.03 01:05,0.351300,0.351800,0.350800,0.351000,1630287.000000
2023.01.03 01:10,0.351000,0.351100,0.350800,0.350900,1329738.000000
2023.01.03 01:15,0.350900,0.351900,0.350900,0.351400,1434644.000000
2023.01.03 01:20,0.351400,0.351900,0.351200,0.351800,333870.000000
2023.01.03 01:25,0.351800,0.352000,0.350800,0.350900,742555.000000
2023.01.03 01:30,0.350900,0.350900,0.350300,0.350600,1351040.000000
2023.01.03 01:35,0.350600,0.350600,0.347200,0.349800,7496778.000000
2023.01.03 01:40,0.349800,0.349900,0.348200,0.348300,1551051.000000
2023.01.03 01:45,0.348300,0.349400,0.347500,0.348000,1526891.000000
2023.01.03 01:50,0.348000,0.348900,0.348000,0.348400,769367.000000
2023.01.03 01:55,0.348400,0.349000,0.347700,0.348200,2602124.000000
2023.01.03 02:00,0.348200,0.349300,0.347100,0.348400,5043988.000000
2023.01.03 02:05,0.348400,0.349600,0.348400,0.349300,993070.000000
2023.01.03 02:10,0.349300,0.349600,0.348600,0.349500,1435565.000000
2023.01.03 02:15,0.349500,0.349500,0.348500,0.348800,2791662.000000
2023.01.03 02:20,0.348800,0.349100,0.348100,0.348200,2002787.000000
2023.01.03 02:25,0.348200,0.348900,0.348000,0.348000,1952596.000000
2023.01.03 02:30,0.348000,0.349000,0.348000,0.348700,1488509.000000
2023.01.03 02:35,0.348700,0.348800,0.348200,0.348800,1093764.000000
2023.01.03 02:40,0.348800,0.349200,0.348500,0.348800,1747163.000000
2023.01.03 02:45,0.348800,0.348900,0.348500,0.348600,812180.000000
2023.01.03 02:50,0.348600,0.348600,0.347800,0.348000,2816301.000000
2023.01.03 02:55,0.348000,0.348300,0.347600,0.348000,1252811.000000
2023.01.03 03:00,0.348000,0.348100,0.346700,0.347300,3365760.000000
2023.01.03 03:05,0.347300,0.347700,0.346800,0.347500,2446069.000000
2023.01.03 03:10,0.347500,0.347700,0.346800,0.347100,1942380.000000
2023.01.03 03:15,0.347100,0.347100,0.346600,0.347000,1444960.000000
2023.01.03 03:20,0.347000,0.347100,0.345400,0.346000,5717559.000000
2023.01.03 03:25,0.346000,0.346100,0.345400,0.345400,1710989.000000
2023.01.03 03:30,0.345400,0.347000,0.345400,0.346900,1737199.000000
2023.01.03 03:35,0.346900,0.347600,0.346800,0.347600,2401261.000000
2023.01.03 03:40,0.347600,0.347900,0.347000,0.347500,1345737.000000
2023.01.03 03:45,0.347500,0.348000,0.347100,0.347200,1143292.000000
2023.01.03 03:50,0.347200,0.347200,0.345900,0.346200,1594467.000000
2023.01.03 03:55,0.346200,0.346200,0.345700,0.345700,991991.000000
2023.01.03 04:00,0.345700,0.346600,0.345600,0.346100,2653248.000000
2023.01.03 04:05,0.346100,0.346300,0.344600,0.344700,3753983.000000
2023.01.03 04:10,0.344700,0.345000,0.344500,0.344800,2180005.000000
2023.01.03 04:15,0.344800,0.345600,0.344800,0.345000,1476257.000000
2023.01.03 04:20,0.345000,0.345000,0.343500,0.343800,5725898.000000
2023.01.03 04:25,0.343800,0.344300,0.343500,0.343600,2001925.000000
2023.01.03 04:30,0.343600,0.344300,0.342800,0.343800,3235262.000000
2023.01.03 04:35,0.343800,0.343900,0.343400,0.343700,1766983.000000
2023.01.03 04:40,0.343700,0.344900,0.343300,0.344900,2295857.000000
2023.01.03 04:45,0.344900,0.344900,0.343500,0.343500,1506791.000000
2023.01.03 04:50,0.343500,0.344000,0.343300,0.343900,1598390.000000
2023.01.03 04:55,0.343900,0.344400,0.343500,0.344200,1377422.000000
2023.01.03 05:00,0.344200,0.344900,0.344100,0.344600,1299790.000000
2023.01.03 05:05,0.344600,0.344900,0.343900,0.344700,1480766.000000
2023.01.03 05:10,0.344700,0.344900,0.344400,0.344700,724298.000000
2023.01.03 05:15,0.344700,0.345200,0.344500,0.345100,1697277.000000
2023.01.03 05:20,0.345100,0.345100,0.343800,0.343900,905089.000000
2023.01.03 05:25,0.343900,0.344100,0.342900,0.343000,4486822.000000
2023.01.03 05:30,0.343000,0.343100,0.342400,0.342400,2560597.000000
2023.01.03 05:35,0.342400,0.343100,0.342300,0.343100,1044930.000000
2023.01.03 05:40,0.343100,0.343500,0.342900,0.343200,974892.000000
2023.01.03 05:45,0.343200,0.343200,0.342600,0.343000,1538187.000000
2023.01.03 05:50,0.343000,0.343900,0.343000,0.343600,1302433.000000
2023.01.03 05:55,0.343600,0.343700,0.342800,0.342800,1898795.000000
2023.01.03 06:00,0.342800,0.343100,0.342500,0.342800,1778066.000000
2023.01.03 06:05,0.342800,0.343400,0.342600,0.342600,1533443.000000
2023.01.03 06:10,0.342600,0.342800,0.341700,0.342100,3317740.000000
2023.01.03 06:15,0.342100,0.342500,0.341700,0.342400,1374202.000000
2023.01.03 06:20,0.342400,0.342400,0.341600,0.342300,1812832.000000
2023.01.03 06:25,0.342300,0.343000,0.342200,0.342600,2429441.000000
2023.01.03 06:30,0.342600,0.342900,0.342400,0.342900,1122739.000000
2023.01.03 06:35,0.342900,0.343100,0.342600,0.343100,854365.000000
2023.01.03 06:40,0.343100,0.343300,0.342700,0.343100,1207136.000000
2023.01.03 06:45,0.343100,0.343500,0.342900,0.343500,907589.000000
2023.01.03 06:50,0.343500,0.343700,0.343100,0.343300,1121706.000000
2023.01.03 06:55,0.343300,0.343400,0.342800,0.343000,1013578.000000
2023.01.03 07:00,0.343000,0.343300,0.342700,0.342700,1408169.000000
2023.01.03 07:05,0.342700,0.343200,0.342600,0.342900,1164281.000000
2023.01.03 07:10,0.342900,0.343000,0.342400,0.342500,1831593.000000
2023.01.03 07:15,0.342500,0.342900,0.342500,0.342700,1137023.000000
2023.01.03 07:20,0.342700,0.342800,0.342100,0.342600,3948221.000000
2023.01.03 07:25,0.342600,0.344800,0.342500,0.344600,7430770.000000
2023.01.03 07:30,0.344600,0.344600,0.344000,0.344400,1641320.000000
2023.01.03 07:35,0.344400,0.345200,0.344300,0.345000,3652785.000000
2023.01.03 07:40,0.345000,0.345100,0.344300,0.344300,2825668.000000
2023.01.03 07:45,0.344300,0.344400,0.343900,0.344100,774846.000000
2023.01.03 07:50,0.344100,0.344100,0.343500,0.343800,1272755.000000
2023.01.03 07:55,0.343800,0.344000,0.343400,0.343600,1879424.000000
2023.01.03 08:00,0.343600,0.344100,0.343300,0.343700,2308427.000000
2023.01.03 08:05,0.343700,0.344700,0.343700,0.344700,829357.000000
2023.01.03 08:10,0.344700,0.345100,0.344600,0.345000,1572480.000000
2023.01.03 08:15,0.345000,0.345900,0.345000,0.345500,4395525.000000
2023.01.03 08:20,0.345500,0.346200,0.345400,0.345700,2401579.000000
2023.01.03 08:25,0.345700,0.345800,0.345300,0.345500,1156029.000000
2023.01.03 08:30,0.345500,0.345600,0.345000,0.345600,1471213.000000
2023.01.03 08:35,0.345600,0.347200,0.345600,0.346700,3859916.000000
2023.01.03 08:40,0.346700,0.347300,0.346300,0.347100,2823764.000000
2023.01.03 08:45,0.347100,0.347700,0.347000,0.347700,1942189.000000
2023.01.03 08:50,0.347700,0.348000,0.347200,0.347200,2333426.000000
2023.01.03 08:55,0.347200,0.347700,0.347000,0.347600,1260723.000000
2023.01.03 09:00,0.347600,0.348900,0.347500,0.348700,6660550.000000
2023.01.03 09:05,0.348700,0.349100,0.348500,0.348700,2653662.000000
2023.01.03 09:10,0.348700,0.349400,0.348700,0.348900,2208049.000000
2023.01.03 09:15,0.348900,0.349400,0.348700,0.349400,1205103.000000
2023.01.03 09:20,0.349400,0.349800,0.349300,0.349700,2093008.000000
2023.01.03 09:25,0.349700,0.351100,0.349600,0.350900,6957789.000000
2023.01.03 09:30,0.350900,0.351800,0.350800,0.351200,3425322.000000
2023.01.03 09:35,0.351200,0.351200,0.349900,0.350000,3882494.000000
2023.01.03 09:40,0.350000,0.350200,0.349400,0.350000,3461195.000000
2023.01.03 09:45,0.350000,0.350100,0.349500,0.349600,708517.000000
2023.01.03 09:50,0.349600,0.350000,0.349500,0.349500,1380269.000000
2023.01.03 09:55,0.349500,0.349600,0.348800,0.349000,2237671.000000
2023.01.03 10:00,0.349000,0.349900,0.349000,0.349500,2086966.000000
2023.01.03 10:05,0.349500,0.350100,0.349300,0.349700,1452141.000000
2023.01.03 10:10,0.349700,0.349700,0.348400,0.348600,4670836.000000
2023.01.03 10:15,0.348600,0.349000,0.348100,0.348200,4115907.000000
2023.01.03 10:20,0.348200,0.348300,0.347400,0.347800,2229887.000000
2023.01.03 10:25,0.347800,0.348100,0.347600,0.347700,1209764.000000
2023.01.03 10:30,0.347700,0.347800,0.346800,0.347100,4105863.000000
2023.01.03 10:35,0.347100,0.348300,0.347100,0.348300,1834685.000000
2023.01.03 10:40,0.348300,0.348800,0.348000,0.348600,1912712.000000
2023.01.03 10:45,0.348600,0.349100,0.348500,0.349000,1040485.000000
2023.01.03 10:50,0.349000,0.349100,0.348600,0.348600,888623.000000
2023.01.03 10:55,0.348600,0.349200,0.348400,0.349000,534087.000000
2023.01.03 11:00,0.349000,0.349400,0.348800,0.348800,1306186.000000
2023.01.03 11:05,0.348800,0.348800,0.347900,0.348100,1309573.000000
2023.01.03 11:10,0.348100,0.348400,0.347800,0.348100,1642550.000000
2023.01.03 11:15,0.348100,0.348200,0.347400,0.347600,1651059.000000
2023.01.03 11:20,0.347600,0.348000,0.347600,0.347700,832702.000000
2023.01.03 11:25,0.347700,0.348400,0.347600,0.348100,1048549.000000
2023.01.03 11:30,0.348100,0.348100,0.346500,0.346500,4187352.000000
2023.01.03 11:35,0.346500,0.346600,0.345800,0.345900,5163589.000000
2023.01.03 11:40,0.345900,0.346000,0.345200,0.345400,3273772.000000
2023.01.03 11:45,0.345400,0.345700,0.345200,0.345300,1061279.000000
2023.01.03 11:50,0.345300,0.346600,0.345200,0.346600,1354218.000000
2023.01.03 11:55,0.346600,0.346600,0.346200,0.346200,1021058.000000
2023.01.03 12:00,0.346200,0.346900,0.346200,0.346800,1067322.000000
2023.01.03 12:05,0.346800,0.347000,0.345400,0.345500,983099.000000
2023.01.03 12:10,0.345500,0.345800,0.343800,0.344800,6349336.000000
2023.01.03 12:15,0.344800,0.345400,0.344500,0.344900,3218360.000000
2023.01.03 12:20,0.344900,0.345100,0.344300,0.344400,1381448.000000
2023.01.03 12:25,0.344400,0.345900,0.344300,0.345800,2141850.000000
2023.01.03 12:30,0.345800,0.346300,0.345800,0.346100,835798.000000
2023.01.03 12:35,0.346100,0.346900,0.346100,0.346900,1547692.000000
2023.01.03 12:40,0.346900,0.347800,0.346800,0.347400,3604664.000000
2023.01.03 12:45,0.347400,0.347400,0.346900,0.347200,710756.000000
2023.01.03 12:50,0.347200,0.347700,0.347100,0.347700,1022420.000000
2023.01.03 12:55,0.347700,0.348100,0.347000,0.347300,2038097.000000
2023.01.03 13:00,0.347300,0.347300,0.346300,0.346300,1314983.000000
2023.01.03 13:05,0.346300,0.346800,0.346200,0.346600,1540223.000000
2023.01.03 13:10,0.346600,0.346600,0.345500,0.345800,1170956.000000
2023.01.03 13:15,0.345800,0.346600,0.345700,0.346500,1204146.000000
2023.01.03 13:20,0.346500,0.346600,0.345800,0.346100,907431.000000
2023.01.03 13:25,0.346100,0.346600,0.346100,0.346200,622923.000000
2023.01.03 13:30,0.346200,0.346800,0.345900,0.346800,589844.000000
2023.01.03 13:35,0.346800,0.347000,0.346500,0.346900,634494.000000
2023.01.03 13:40,0.346900,0.347400,0.346800,0.347400,747635.000000
2023.01.03 13:45,0.347400,0.347400,0.346900,0.347000,562363.000000
2023.01.03 13:50,0.347000,0.347100,0.345900,0.346200,2113047.000000
2023.01.03 13:55,0.346200,0.346500,0.345600,0.345900,1994973.000000
2023.01.03 14:00,0.345900,0.345900,0.345300,0.345300,1735535.000000
2023.01.03 14:05,0.345300,0.346000,0.345300,0.346000,814896.000000
2023.01.03 14:10,0.346000,0.346800,0.346000,0.346100,1518180.000000
2023.01.03 14:15,0.346100,0.346200,0.345300,0.345300,765991.000000
2023.01.03 14:20,0.345300,0.345500,0.344600,0.344700,2303666.000000
2023.01.03 14:25,0.344700,0.345400,0.344400,0.345400,1722166.000000
2023.01.03 14:30,0.345400,0.346300,0.345200,0.346200,1323794.000000
2023.01.03 14:35,0.346200,0.346300,0.345300,0.345600,1050286.000000
2023.01.03 14:40,0.345600,0.345700,0.344200,0.344500,1704228.000000
2023.01.03 14:45,0.344500,0.345000,0.344000,0.345000,1405422.000000
2023.01.03 14:50,0.345000,0.345000,0.344300,0.344300,819910.000000
2023.01.03 14:55,0.344300,0.344300,0.343600,0.344000,1267215.000000
2023.01.03 15:00,0.344000,0.344900,0.343900,0.344800,2093753.000000
2023.01.03 15:05,0.344800,0.344800,0.343800,0.343900,1050050.000000
2023.01.03 15:10,0.343900,0.344300,0.343700,0.344300,1263274.000000
2023.01.03 15:15,0.344300,0.344600,0.344100,0.344600,585081.000000
2023.01.03 15:20,0.344600,0.345000,0.344200,0.345000,1337437.000000
2023.01.03 15:25,0.345000,0.345000,0.344000,0.344000,617243.000000
2023.01.03 15:30,0.344000,0.344300,0.343400,0.344300,1621251.000000
2023.01.03 15:35,0.344300,0.345000,0.344300,0.344800,695734.000000
2023.01.03 15:40,0.344800,0.345100,0.344800,0.344900,847888.000000
2023.01.03 15:45,0.344900,0.345100,0.344100,0.344100,519337.000000
2023.01.03 15:50,0.344100,0.344700,0.343900,0.344700,584147.000000
2023.01.03 15:55,0.344700,0.345400,0.344600,0.345300,1347870.000000
2023.01.03 16:00,0.345300,0.345600,0.344900,0.345500,1560660.000000
2023.01.03 16:05,0.345500,0.346200,0.345400,0.345800,1995731.000000
2023.01.03 16:10,0.345800,0.346200,0.345700,0.345800,647195.000000
2023.01.03 16:15,0.345800,0.347000,0.345800,0.347000,1806883.000000
2023.01.03 16:20,0.347000,0.347100,0.346500,0.346500,777697.000000
2023.01.03 16:25,0.346500,0.346600,0.345900,0.346100,1520319.000000
2023.01.03 16:30,0.346100,0.346200,0.345600,0.345700,706273.000000
2023.01.03 16:35,0.345700,0.345900,0.345600,0.345700,795004.000000
2023.01.03 16:40,0.345700,0.345700,0.344900,0.345000,2160848.000000
2023.01.03 16:45,0.345000,0.345400,0.344900,0.345400,581675.000000
2023.01.03 16:50,0.345400,0.345900,0.345200,0.345700,1469132.000000
2023.01.03 16:55,0.345700,0.345700,0.345000,0.345300,561768.000000
2023.01.03 17:00,0.345300,0.345700,0.345200,0.345600,1104103.000000
2023.01.03 17:05,0.345600,0.346600,0.345600,0.346600,1340918.000000
2023.01.03 17:10,0.346600,0.346700,0.345600,0.346300,2682927.000000
2023.01.03 17:15,0.346300,0.346800,0.346000,0.346600,795404.000000
2023.01.03 17:20,0.346600,0.346600,0.346100,0.346400,295059.000000
2023.01.03 17:25,0.346400,0.346700,0.346200,0.346300,572765.000000
2023.01.03 17:30,0.346300,0.347100,0.345700,0.346700,2515214.000000
2023.01.03 17:35,0.346700,0.347000,0.346000,0.346500,843775.000000
2023.01.03 17:40,0.346500,0.347100,0.346400,0.346600,1636803.000000
2023.01.03 17:45,0.346600,0.346900,0.345600,0.345800,1149758.000000
2023.01.03 17:50,0.345800,0.346200,0.344300,0.344700,3249689.000000
2023.01.03 17:55,0.344700,0.345300,0.342300,0.343000,14122730.000000
2023.01.03 18:00,0.343000,0.344200,0.342900,0.343800,2557885.000000
2023.01.03 18:05,0.343800,0.344600,0.343600,0.344500,2116597.000000
2023.01.03 18:10,0.344500,0.344500,0.343300,0.343600,1873762.000000
2023.01.03 18:15,0.343600,0.344000,0.340100,0.341400,15795279.000000
2023.01.03 18:20,0.341400,0.342000,0.341300,0.341900,5676569.000000
2023.01.03 18:25,0.341900,0.342700,0.341900,0.342400,3269099.000000
2023.01.03 18:30,0.342400,0.342400,0.341300,0.341600,4103510.000000
2023.01.03 18:35,0.341600,0.343000,0.341600,0.342800,2630726.000000
2023.01.03 18:40,0.342800,0.343800,0.342800,0.343600,2982981.000000
2023.01.03 18:45,0.343600,0.343600,0.342700,0.343200,1949857.000000
2023.01.03 18:50,0.343200,0.343200,0.342600,0.342900,2734953.000000
2023.01.03 18:55,0.342900,0.343400,0.342700,0.343400,493269.000000
2023.01.03 19:00,0.343400,0.343500,0.342800,0.342900,603562.000000
2023.01.03 19:05,0.342900,0.344700,0.342700,0.343300,5049809.000000
2023.01.03 19:10,0.343300,0.343600,0.342800,0.342800,2194710.000000
2023.01.03 19:15,0.342800,0.342900,0.342100,0.342200,1781555.000000
2023.01.03 19:20,0.342200,0.343000,0.341800,0.342900,1597035.000000
2023.01.03 19:25,0.342900,0.343000,0.342200,0.342600,722500.000000
2023.01.03 19:30,0.342600,0.342600,0.341900,0.342100,850736.000000
2023.01.03 19:35,0.342100,0.342900,0.341900,0.342700,3051531.000000
2023.01.03 19:40,0.342700,0.343000,0.342600,0.342700,818896.000000
2023.01.03 19:45,0.342700,0.342800,0.342500,0.342800,1521180.000000
2023.01.03 19:50,0.342800,0.342800,0.342300,0.342500,871055.000000
2023.01.03 19:55,0.342500,0.342600,0.341300,0.341500,3145233.000000
2023.01.03 20:00,0.341500,0.342400,0.341400,0.342400,697077.000000
2023.01.03 20:05,0.342400,0.342900,0.342300,0.342800,661725.000000
2023.01.03 20:10,0.342800,0.343400,0.342800,0.343000,1057355.000000
2023.01.03 20:15,0.343000,0.343200,0.342200,0.342200,809083.000000
2023.01.03 20:20,0.342200,0.342700,0.342100,0.342100,715595.000000
2023.01.03 20:25,0.342100,0.342700,0.342100,0.342400,1325335.000000
2023.01.03 20:30,0.342400,0.342900,0.342400,0.342700,1788141.000000
2023.01.03 20:35,0.342700,0.343100,0.342700,0.343100,311199.000000
2023.01.03 20:40,0.343100,0.343100,0.341800,0.341900,1647132.000000
2023.01.03 20:45,0.341900,0.342400,0.341400,0.342200,1784818.000000
2023.01.03 20:50,0.342200,0.342400,0.342100,0.342400,370177.000000
2023.01.03 20:55,0.342400,0.342600,0.342100,0.342600,669883.000000
2023.01.03 21:00,0.342600,0.342800,0.342100,0.342600,634717.000000
2023.01.03 21:05,0.342600,0.342600,0.341800,0.342000,325121.000000
2023.01.03 21:10,0.342000,0.342400,0.341800,0.342000,599840.000000
2023.01.03 21:15,0.342000,0.342100,0.341400,0.341700,832903.000000
2023.01.03 21:20,0.341700,0.342200,0.341700,0.341800,1312415.000000
2023.01.03 21:25,0.341800,0.342600,0.341800,0.342400,444860.000000
2023.01.03 21:30,0.342400,0.343200,0.342300,0.342900,578547.000000
2023.01.03 21:35,0.342900,0.343000,0.342700,0.342900,261469.000000
2023.01.03 21:40,0.342900,0.343100,0.342500,0.342500,412790.000000
2023.01.03 21:45,0.342500,0.342600,0.342000,0.342200,702635.000000
2023.01.03 21:50,0.342200,0.342600,0.342200,0.342500,559525.000000
2023.01.03 21:55,0.342500,0.343300,0.342500,0.343200,1406324.000000
2023.01.03 22:00,0.343200,0.343600,0.343200,0.343400,877069.000000
2023.01.03 22:05,0.343400,0.343500,0.343000,0.343100,334799.000000
2023.01.03 22:10,0.343100,0.343400,0.342500,0.343400,1554796.000000
2023.01.03 22:15,0.343400,0.344100,0.343300,0.343700,2171932.000000
2023.01.03 22:20,0.343700,0.344200,0.343700,0.343700,425852.000000
2023.01.03 22:25,0.343700,0.344300,0.343700,0.344300,215720.000000
2023.01.03 22:30,0.344300,0.344400,0.343700,0.344400,1697873.000000
2023.01.03 22:35,0.344400,0.344400,0.343800,0.343900,393717.000000
2023.01.03 22:40,0.343900,0.345300,0.343900,0.344700,2223954.000000
2023.01.03 22:45,0.344700,0.345100,0.344500,0.344800,801610.000000
2023.01.03 22:50,0.344800,0.345000,0.344500,0.345000,418093.000000
2023.01.03 22:55,0.345000,0.345300,0.344700,0.345200,1005860.000000
2023.01.03 23:00,0.345200,0.345700,0.345100,0.345400,2171088.000000
2023.01.03 23:05,0.345400,0.345800,0.345400,0.345800,481103.000000
2023.01.03 23:10,0.345800,0.346400,0.345700,0.346100,893154.000000
2023.01.03 23:15,0.346100,0.346500,0.345600,0.345700,1594578.000000
2023.01.03 23:20,0.345700,0.345800,0.345400,0.345500,1025484.000000
2023.01.03 23:25,0.345500,0.346000,0.345500,0.345900,510538.000000
2023.01.03 23:30,0.345900,0.346100,0.345600,0.345800,280609.000000
2023.01.03 23:35,0.345800,0.346000,0.345800,0.345800,144200.000000
2023.01.03 23:40,0.345800,0.346000,0.345500,0.345500,335467.000000
2023.01.03 23:45,0.345500,0.345600,0.345100,0.345200,776047.000000
2023.01.03 23:50,0.345200,0.345500,0.345200,0.345500,252460.000000
2023.01.03 23:55,0.345500,0.345500,0.345300,0.345400,172858.000000
2023.01.04 00:00,0.345400,0.345500,0.345300,0.345400,365731.000000
2023.01.04 00:05,0.345400,0.345400,0.344600,0.344900,739067.000000
2023.01.04 00:10,0.344900,0.345000,0.344600,0.344600,608651.000000
2023.01.04 00:15,0.344600,0.344700,0.344600,0.344600,118153.000000
2023.01.04 00:20,0.344600,0.344800,0.344600,0.344800,159670.000000
2023.01.04 00:25,0.344800,0.344900,0.344700,0.344800,237466.000000
2023.01.04 00:30,0.344800,0.344900,0.344400,0.344500,680674.000000
2023.01.04 00:35,0.344500,0.345000,0.344500,0.344700,310793.000000
2023.01.04 00:40,0.344700,0.345200,0.344700,0.345200,747184.000000
2023.01.04 00:45,0.345200,0.345300,0.345000,0.345300,525193.000000
2023.01.04 00:50,0.345300,0.345300,0.345000,0.345300,320507.000000
2023.01.04 00:55,0.345300,0.345400,0.344900,0.344900,767972.000000
2023.01.04 01:00,0.344900,0.345000,0.344900,0.344900,40653.000000
2023.01.04 01:05,0.344900,0.345100,0.344500,0.344600,1031981.000000
2023.01.04 01:10,0.344600,0.344600,0.343800,0.343800,1223057.000000
2023.01.04 01:15,0.343800,0.343900,0.343500,0.343700,655926.000000
2023.01.04 01:20,0.343700,0.343800,0.343200,0.343400,830399.000000
2023.01.04 01:25,0.343400,0.343600,0.343300,0.343600,826052.000000
2023.01.04 01:30,0.343600,0.343800,0.343500,0.343600,670687.000000
2023.01.04 01:35,0.343600,0.343700,0.343600,0.343700,119212.000000
2023.01.04 01:40,0.343700,0.343900,0.343200,0.343200,1921617.000000
2023.01.04 01:45,0.343200,0.343900,0.343200,0.343800,255140.000000
2023.01.04 01:50,0.343800,0.344000,0.343800,0.343800,151848.000000
2023.01.04 01:55,0.343800,0.344300,0.343800,0.344100,537987.000000
2023.01.04 02:00,0.344100,0.344300,0.343800,0.344000,421513.000000
2023.01.04 02:05,0.344000,0.344500,0.343700,0.344500,906280.000000
2023.01.04 02:10,0.344500,0.344800,0.344200,0.344200,1111724.000000
2023.01.04 02:15,0.344200,0.344700,0.344000,0.344700,786506.000000
2023.01.04 02:20,0.344700,0.344900,0.344000,0.344100,1754832.000000
2023.01.04 02:25,0.344100,0.344500,0.343900,0.344400,956674.000000
2023.01.04 02:30,0.344400,0.344500,0.343700,0.343700,1291042.000000
2023.01.04 02:35,0.343700,0.343900,0.343500,0.343500,278808.000000
2023.01.04 02:40,0.343500,0.343700,0.343300,0.343300,922372.000000
2023.01.04 02:45,0.343300,0.343800,0.343200,0.343800,666133.000000
2023.01.04 02:50,0.343800,0.343800,0.343500,0.343500,334211.000000
2023.01.04 02:55,0.343500,0.343600,0.343400,0.343500,348317.000000
2023.01.04 03:00,0.343500,0.343700,0.342600,0.342900,2171181.000000
2023.01.04 03:05,0.342900,0.343000,0.342600,0.343000,853290.000000
2023.01.04 03:10,0.343000,0.343000,0.342400,0.342500,960949.000000
2023.01.04 03:15,0.342500,0.343100,0.342300,0.343100,1139359.000000
2023.01.04 03:20,0.343100,0.343400,0.341900,0.342700,2243855.000000
2023.01.04 03:25,0.342700,0.343700,0.342500,0.343300,1649007.000000
2023.01.04 03:30,0.343300,0.343800,0.343100,0.343700,876605.000000
2023.01.04 03:35,0.343700,0.343800,0.343100,0.343800,736377.000000
2023.01.04 03:40,0.343800,0.344200,0.343200,0.343500,991543.000000
2023.01.04 03:45,0.343500,0.343500,0.342800,0.343000,598337.000000
2023.01.04 03:50,0.343000,0.343300,0.342700,0.342800,812624.000000
2023.01.04 03:55,0.342800,0.343200,0.342700,0.343200,700209.000000
2023.01.04 04:00,0.343200,0.344000,0.342800,0.343900,1352033.000000
2023.01.04 04:05,0.343900,0.344800,0.343600,0.344500,1524694.000000
2023.01.04 04:10,0.344500,0.346300,0.344500,0.345800,4534677.000000
2023.01.04 04:15,0.345800,0.347400,0.345700,0.347400,2738040.000000
2023.01.04 04:20,0.347400,0.348200,0.345600,0.346000,6398653.000000
2023.01.04 04:25,0.346000,0.346500,0.345800,0.346100,1491197.000000
2023.01.04 04:30,0.346100,0.347500,0.346100,0.346800,1965539.000000
2023.01.04 04:35,0.346800,0.347800,0.346600,0.347700,1419030.000000
2023.01.04 04:40,0.347700,0.347800,0.346100,0.346700,1357121.000000
2023.01.04 04:45,0.346700,0.347300,0.346400,0.347000,2168910.000000
2023.01.04 04:50,0.347000,0.347000,0.345800,0.345800,1323841.000000
2023.01.04 04:55,0.345800,0.346100,0.345700,0.346000,1029532.000000
2023.01.04 05:00,0.346000,0.346200,0.344900,0.345500,2429895.000000
2023.01.04 05:05,0.345500,0.346300,0.345200,0.345900,1954939.000000
2023.01.04 05:10,0.345900,0.345900,0.345100,0.345500,1049409.000000
2023.01.04 05:15,0.345500,0.346000,0.345200,0.346000,905804.000000
2023.01.04 05:20,0.346000,0.346500,0.345900,0.346200,2455331.000000
2023.01.04 05:25,0.346200,0.346400,0.345900,0.346400,404295.000000
2023.01.04 05:30,0.346400,0.347100,0.346400,0.347100,940235.000000
2023.01.04 05:35,0.347100,0.347700,0.347100,0.347200,2812764.000000
2023.01.04 05:40,0.347200,0.348100,0.346900,0.347800,2376313.000000
2023.01.04 05:45,0.347800,0.348100,0.347300,0.347700,2615053.000000
2023.01.04 05:50,0.347700,0.348800,0.347400,0.348600,2795035.000000
2023.01.04 05:55,0.348600,0.349300,0.348600,0.348900,2842609.000000
2023.01.04 06:00,0.348900,0.349800,0.348600,0.349500,3207817.000000
2023.01.04 06:05,0.349500,0.352500,0.349500,0.350800,13251587.000000
2023.01.04 06:10,0.350800,0.351300,0.350100,0.350500,3233282.000000
2023.01.04 06:15,0.350500,0.350800,0.349700,0.350000,2151777.000000
2023.01.04 06:20,0.350000,0.351000,0.349700,0.349800,1591735.000000
2023.01.04 06:25,0.349800,0.350700,0.349800,0.350200,1941200.000000
2023.01.04 06:30,0.350200,0.350600,0.350200,0.350500,924870.000000
2023.01.04 06:35,0.350500,0.350900,0.350200,0.350200,991980.000000
2023.01.04 06:40,0.350200,0.350300,0.349200,0.349600,1415725.000000
2023.01.04 06:45,0.349600,0.349700,0.348300,0.348400,2019387.000000
2023.01.04 06:50,0.348400,0.349600,0.348100,0.348900,3252420.000000
2023.01.04 06:55,0.348900,0.349100,0.348300,0.348600,2867878.000000
2023.01.04 07:00,0.348600,0.350400,0.348500,0.349700,2593684.000000
2023.01.04 07:05,0.349700,0.350000,0.348600,0.348700,2561029.000000
2023.01.04 07:10,0.348700,0.348700,0.347500,0.348000,2780955.000000
2023.01.04 07:15,0.348000,0.348700,0.348000,0.348500,1738535.000000
2023.01.04 07:20,0.348500,0.348900,0.348500,0.348600,725634.000000
2023.01.04 07:25,0.348600,0.349300,0.348600,0.349100,1407782.000000
2023.01.04 07:30,0.349100,0.349600,0.349000,0.349500,729652.000000
2023.01.04 07:35,0.349500,0.349800,0.349300,0.349800,776783.000000
2023.01.04 07:40,0.349800,0.349900,0.349000,0.349000,1129340.000000
2023.01.04 07:45,0.349000,0.349100,0.348400,0.348500,504612.000000
2023.01.04 07:50,0.348500,0.348500,0.347300,0.347400,3865388.000000
2023.01.04 07:55,0.347400,0.347700,0.347300,0.347300,732111.000000
2023.01.04 08:00,0.347300,0.347800,0.347200,0.347500,1798296.000000
2023.01.04 08:05,0.347500,0.347700,0.347100,0.347600,797640.000000
2023.01.04 08:10,0.347600,0.348000,0.347500,0.348000,729319.000000
2023.01.04 08:15,0.348000,0.349200,0.348000,0.349200,2259060.000000
2023.01.04 08:20,0.349200,0.349300,0.348700,0.348900,2550022.000000
2023.01.04 08:25,0.348900,0.349400,0.348800,0.349200,867993.000000
2023.01.04 08:30,0.349200,0.349500,0.348600,0.348600,1412603.000000
2023.01.04 08:35,0.348600,0.349100,0.348600,0.348900,504586.000000
2023.01.04 08:40,0.348900,0.349100,0.348500,0.348800,1069333.000000
2023.01.04 08:45,0.348800,0.349100,0.348600,0.349000,430421.000000
2023.01.04 08:50,0.349000,0.349500,0.349000,0.349100,808847.000000
2023.01.04 08:55,0.349100,0.349500,0.349100,0.349300,492414.000000
2023.01.04 09:00,0.349300,0.349300,0.348600,0.348600,1150646.000000
2023.01.04 09:05,0.348600,0.348700,0.347500,0.347900,3186858.000000
2023.01.04 09:10,0.347900,0.347900,0.347400,0.347500,2001112.000000
2023.01.04 09:15,0.347500,0.348000,0.347300,0.347400,1347921.000000
2023.01.04 09:20,0.347400,0.348000,0.347300,0.347700,854221.000000
2023.01.04 09:25,0.347700,0.347900,0.347700,0.347700,222053.000000
2023.01.04 09:30,0.347700,0.348400,0.347700,0.347800,956825.000000
2023.01.04 09:35,0.347800,0.348200,0.347400,0.348200,653633.000000
2023.01.04 09:40,0.348200,0.348500,0.347700,0.348300,685340.000000
2023.01.04 09:45,0.348300,0.348400,0.347800,0.347900,2205874.000000
2023.01.04 09:50,0.347900,0.348800,0.347900,0.348500,1381924.000000
2023.01.04 09:55,0.348500,0.348800,0.348200,0.348300,1148363.000000
2023.01.04 10:00,0.348300,0.349000,0.348100,0.348100,2092916.000000
2023.01.04 10:05,0.348100,0.348200,0.347500,0.347700,621694.000000
2023.01.04 10:10,0.347700,0.348700,0.347600,0.348500,1105823.000000
2023.01.04 10:15,0.348500,0.348900,0.348400,0.348900,1299991.000000
2023.01.04 10:20,0.348900,0.349100,0.348700,0.348800,633478.000000
2023.01.04 10:25,0.348800,0.349100,0.348800,0.349100,518124.000000
2023.01.04 10:30,0.349100,0.349200,0.348300,0.348400,2234525.000000
2023.01.04 10:35,0.348400,0.349200,0.348400,0.349100,893479.000000
2023.01.04 10:40,0.349100,0.349600,0.348900,0.349300,750085.000000
2023.01.04 10:45,0.349300,0.349700,0.349200,0.349600,743795.000000
2023.01.04 10:50,0.349600,0.349600,0.348900,0.349100,1363411.000000
2023.01.04 10:55,0.349100,0.349700,0.348900,0.349600,619804.000000
2023.01.04 11:00,0.349600,0.349800,0.349100,0.349700,701235.000000
2023.01.04 11:05,0.349700,0.349900,0.348700,0.349200,1648909.000000
2023.01.04 11:10,0.349200,0.349700,0.349100,0.349400,1949877.000000
2023.01.04 11:15,0.349400,0.349900,0.349200,0.349900,930958.000000
2023.01.04 11:20,0.349900,0.350800,0.348900,0.349100,3184309.000000
2023.01.04 11:25,0.349100,0.349500,0.348300,0.349000,1802054.000000
2023.01.04 11:30,0.349000,0.349000,0.348300,0.348400,1049149.000000
2023.01.04 11:35,0.348400,0.349400,0.348400,0.349400,317949.000000
2023.01.04 11:40,0.349400,0.349600,0.349300,0.349400,631836.000000
2023.01.04 11:45,0.349400,0.349800,0.349400,0.349700,433846.000000
2023.01.04 11:50,0.349700,0.349900,0.349400,0.349900,854375.000000
2023.01.04 11:55,0.349900,0.349900,0.349400,0.349500,1145584.000000
2023.01.04 12:00,0.349500,0.349500,0.349200,0.349200,401551.000000
2023.01.04 12:05,0.349200,0.349300,0.348900,0.349100,517487.000000
2023.01.04 12:10,0.349100,0.349300,0.347900,0.348800,4547144.000000
2023.01.04 12:15,0.348800,0.349400,0.348500,0.349300,2271495.000000
2023.01.04 12:20,0.349300,0.349400,0.349000,0.349000,794696.000000
2023.01.04 12:25,0.349000,0.349200,0.348800,0.349100,483226.000000
2023.01.04 12:30,0.349100,0.349600,0.349100,0.349500,161429.000000
2023.01.04 12:35,0.349500,0.349800,0.349300,0.349600,862033.000000
2023.01.04 12:40,0.349600,0.350100,0.349500,0.350000,957978.000000
2023.01.04 12:45,0.350000,0.350500,0.350000,0.350300,1828668.000000
2023.01.04 12:50,0.350300,0.350500,0.349300,0.349600,1618328.000000
2023.01.04 12:55,0.349600,0.350700,0.349600,0.350200,1751926.000000
2023.01.04 13:00,0.350200,0.350400,0.349900,0.350100,1117905.000000
2023.01.04 13:05,0.350100,0.350100,0.349900,0.350000,76864.000000
2023.01.04 13:10,0.350000,0.350400,0.349900,0.350400,532609.000000
2023.01.04 13:15,0.350400,0.350400,0.350200,0.350400,421545.000000
2023.01.04 13:20,0.350400,0.350700,0.350300,0.350700,1310459.000000
2023.01.04 13:25,0.350700,0.350700,0.350100,0.350400,523499.000000
2023.01.04 13:30,0.350400,0.350800,0.350400,0.350500,422956.000000
2023.01.04 13:35,0.350500,0.350500,0.350200,0.350300,232524.000000
2023.01.04 13:40,0.350300,0.350300,0.349500,0.349600,1620132.000000
2023.01.04 13:45,0.349600,0.349800,0.349300,0.349700,895101.000000
2023.01.04 13:50,0.349700,0.349800,0.349400,0.349700,1196328.000000
2023.01.04 13:55,0.349700,0.349700,0.349000,0.349100,734488.000000
2023.01.04 14:00,0.349100,0.349100,0.348300,0.348400,3231718.000000
2023.01.04 14:05,0.348400,0.348400,0.347400,0.347900,3938675.000000
2023.01.04 14:10,0.347900,0.348400,0.347500,0.348400,1741419.000000
2023.01.04 14:15,0.348400,0.348700,0.348200,0.348200,615281.000000
2023.01.04 14:20,0.348200,0.348400,0.348000,0.348400,521753.000000
2023.01.04 14:25,0.348400,0.348500,0.348000,0.348200,495090.000000
2023.01.04 14:30,0.348200,0.348700,0.348200,0.348600,727680.000000
2023.01.04 14:35,0.348600,0.348900,0.348300,0.348900,1062693.000000
2023.01.04 14:40,0.348900,0.348900,0.348600,0.348700,234212.000000
2023.01.04 14:45,0.348700,0.348800,0.348500,0.348600,138643.000000
2023.01.04 14:50,0.348600,0.348900,0.348500,0.348900,318033.000000
2023.01.04 14:55,0.348900,0.349000,0.348700,0.348900,498305.000000
2023.01.04 15:00,0.348900,0.348900,0.348200,0.348500,712792.000000
2023.01.04 15:05,0.348500,0.348500,0.348200,0.348500,405526.000000
2023.01.04 15:10,0.348500,0.348500,0.348200,0.348300,1036508.000000
2023.01.04 15:15,0.348300,0.348300,0.347900,0.348000,891396.000000
2023.01.04 15:20,0.348000,0.348500,0.347900,0.348100,479617.000000
2023.01.04 15:25,0.348100,0.348200,0.347600,0.347900,768114.000000
2023.01.04 15:30,0.347900,0.348300,0.347500,0.348000,1315385.000000
2023.01.04 15:35,0.348000,0.348000,0.347600,0.347800,949271.000000
2023.01.04 15:40,0.347800,0.348600,0.347700,0.348600,733731.000000
2023.01.04 15:45,0.348600,0.348600,0.347700,0.347900,496546.000000
2023.01.04 15:50,0.347900,0.348000,0.347500,0.347900,438875.000000
2023.01.04 15:55,0.347900,0.348000,0.347700,0.347700,492131.000000
2023.01.04 16:00,0.347700,0.348200,0.347600,0.348200,466382.000000
2023.01.04 16:05,0.348200,0.348400,0.348000,0.348400,299429.000000
2023.01.04 16:10,0.348400,0.348700,0.348300,0.348400,756035.000000
2023.01.04 16:15,0.348400,0.348500,0.348300,0.348400,217055.000000
2023.01.04 16:20,0.348400,0.348900,0.348300,0.348900,284567.000000
2023.01.04 16:25,0.348900,0.349000,0.348700,0.348900,491615.000000
2023.01.04 16:30,0.348900,0.349100,0.348700,0.349000,672614.000000
2023.01.04 16:35,0.349000,0.349000,0.348700,0.348800,188547.000000
2023.01.04 16:40,0.348800,0.348800,0.348600,0.348700,111050.000000
2023.01.04 16:45,0.348700,0.348900,0.348600,0.348900,233840.000000
2023.01.04 16:50,0.348900,0.349100,0.348800,0.349000,1044215.000000
2023.01.04 16:55,0.349000,0.349200,0.348600,0.349100,844031.000000
2023.01.04 17:00,0.349100,0.349100,0.348800,0.349100,335985.000000
2023.01.04 17:05,0.349100,0.349100,0.348600,0.348600,727320.000000
2023.01.04 17:10,0.348600,0.348900,0.348000,0.348000,710269.000000
2023.01.04 17:15,0.348000,0.348100,0.347600,0.348100,942914.000000
2023.01.04 17:20,0.348100,0.348400,0.347900,0.348100,400699.000000
2023.01.04 17:25,0.348100,0.348500,0.348000,0.348200,630556.000000
2023.01.04 17:30,0.348200,0.348400,0.347300,0.347500,1395812.000000
2023.01.04 17:35,0.347500,0.348700,0.347500,0.348200,583811.000000
2023.01.04 17:40,0.348200,0.349000,0.348200,0.348500,1003526.000000
2023.01.04 17:45,0.348500,0.348600,0.347900,0.348100,615598.000000
2023.01.04 17:50,0.348100,0.348300,0.347700,0.347700,658053.000000
2023.01.04 17:55,0.347700,0.348000,0.347600,0.348000,683023.000000
2023.01.04 18:00,0.348000,0.348000,0.342300,0.345600,31156792.000000
2023.01.04 18:05,0.345600,0.346100,0.343800,0.345100,2975199.000000
2023.01.04 18:10,0.345100,0.346000,0.344700,0.345300,2971733.000000
2023.01.04 18:15,0.345300,0.345900,0.345000,0.345500,2751781.000000
2023.01.04 18:20,0.345500,0.345800,0.344900,0.345300,1098855.000000
2023.01.04 18:25,0.345300,0.345600,0.344800,0.345500,581492.000000
2023.01.04 18:30,0.345500,0.346400,0.345400,0.346400,779239.000000
2023.01.04 18:35,0.346400,0.346700,0.346200,0.346300,1202053.000000
2023.01.04 18:40,0.346300,0.347000,0.346000,0.346900,2130215.000000
2023.01.04 18:45,0.346900,0.347600,0.346900,0.347600,1591037.000000
2023.01.04 18:50,0.347600,0.347900,0.347500,0.347700,500527.000000
2023.01.04 18:55,0.347700,0.347700,0.347100,0.347400,1130952.000000
2023.01.04 19:00,0.347400,0.347400,0.346800,0.346800,1067571.000000
2023.01.04 19:05,0.346800,0.347100,0.346400,0.346900,1077025.000000
2023.01.04 19:10,0.346900,0.348100,0.346900,0.347900,2452715.000000
2023.01.04 19:15,0.347900,0.348000,0.347700,0.347700,1270884.000000
2023.01.04 19:20,0.347700,0.347900,0.347400,0.347900,552561.000000
2023.01.04 19:25,0.347900,0.347900,0.347500,0.347900,443014.000000
2023.01.04 19:30,0.347900,0.348200,0.347400,0.347400,847147.000000
2023.01.04 19:35,0.347400,0.347600,0.346800,0.347100,800735.000000
2023.01.04 19:40,0.347100,0.347200,0.346400,0.346500,1252305.000000
2023.01.04 19:45,0.346500,0.347300,0.346400,0.347300,348474.000000
2023.01.04 19:50,0.347300,0.347300,0.346800,0.347300,348068.000000
2023.01.04 19:55,0.347300,0.347500,0.347200,0.347500,257744.000000
2023.01.04 20:00,0.347500,0.347500,0.347200,0.347200,245535.000000
2023.01.04 20:05,0.347200,0.347400,0.347200,0.347300,197441.000000
2023.01.04 20:10,0.347300,0.347300,0.347200,0.347300,193454.000000
2023.01.04 20:15,0.347300,0.347500,0.347300,0.347300,646497.000000
2023.01.04 20:20,0.347300,0.347700,0.347300,0.347700,218930.000000
2023.01.04 20:25,0.347700,0.347800,0.347400,0.347500,784015.000000
2023.01.04 20:30,0.347500,0.348800,0.347500,0.348200,3147986.000000
2023.01.04 20:35,0.348200,0.348300,0.347300,0.347300,1268652.000000
2023.01.04 20:40,0.347300,0.347700,0.347300,0.347600,410994.000000
2023.01.04 20:45,0.347600,0.347800,0.347400,0.347400,357675.000000
2023.01.04 20:50,0.347400,0.347500,0.347100,0.347200,547415.000000
2023.01.04 20:55,0.347200,0.347200,0.346400,0.346600,2032708.000000
2023.01.04 21:00,0.346600,0.346700,0.345600,0.346400,2870629.000000
2023.01.04 21:05,0.346400,0.347200,0.346300,0.346800,1190350.000000
2023.01.04 21:10,0.346800,0.347300,0.346800,0.347300,775405.000000
2023.01.04 21:15,0.347300,0.348000,0.347200,0.347900,847829.000000
2023.01.04 21:20,0.347900,0.348300,0.347800,0.348200,795347.000000
2023.01.04 21:25,0.348200,0.348400,0.348100,0.348200,363907.000000
2023.01.04 21:30,0.348200,0.348400,0.348100,0.348300,355475.000000
2023.01.04 21:35,0.348300,0.349600,0.348300,0.349200,1921022.000000
2023.01.04 21:40,0.349200,0.350200,0.349000,0.349200,2747390.000000
2023.01.04 21:45,0.349200,0.350100,0.348900,0.349800,1654992.000000
2023.01.04 21:50,0.349800,0.352500,0.349800,0.350600,10261877.000000
2023.01.04 21:55,0.350600,0.350800,0.349600,0.350000,3176169.000000
2023.01.04 22:00,0.350000,0.350500,0.343900,0.346800,34378837.000000
2023.01.04 22:05,0.346800,0.347600,0.346000,0.346000,4127665.000000
2023.01.04 22:10,0.346000,0.347400,0.345500,0.347300,1640638.000000
2023.01.04 22:15,0.347300,0.348200,0.347300,0.348100,1788069.000000
2023.01.04 22:20,0.348100,0.348300,0.346600,0.346700,817105.000000
2023.01.04 22:25,0.346700,0.346800,0.344800,0.345300,2262986.000000
2023.01.04 22:30,0.345300,0.346100,0.344900,0.345800,964807.000000
2023.01.04 22:35,0.345800,0.346500,0.345500,0.345700,1374113.000000
2023.01.04 22:40,0.345700,0.346700,0.345500,0.346300,542518.000000
2023.01.04 22:45,0.346300,0.346700,0.345900,0.346000,548043.000000
2023.01.04 22:50,0.346000,0.346300,0.345400,0.345400,982126.000000
2023.01.04 22:55,0.345400,0.346400,0.345400,0.346400,475419.000000
2023.01.04 23:00,0.346400,0.346700,0.346200,0.346600,611515.000000
2023.01.04 23:05,0.346600,0.346700,0.346200,0.346500,1583450.000000
2023.01.04 23:10,0.346500,0.346800,0.346400,0.346500,373380.000000
2023.01.04 23:15,0.346500,0.346500,0.346200,0.346500,92897.000000
2023.01.04 23:20,0.346500,0.346500,0.345800,0.345900,467008.000000
2023.01.04 23:25,0.345900,0.346200,0.345800,0.345900,537991.000000
2023.01.04 23:30,0.345900,0.345900,0.345600,0.345700,208258.000000
2023.01.04 23:35,0.345700,0.345700,0.344700,0.345300,830568.000000
2023.01.04 23:40,0.345300,0.345300,0.343900,0.344300,2931068.000000
2023.01.04 23:45,0.344300,0.345000,0.343900,0.345000,1283987.000000
2023.01.04 23:50,0.345000,0.345400,0.344400,0.344400,1214146.000000
2023.01.04 23:55,0.344400,0.344900,0.344300,0.344800,973774.000000
2023.01.05 00:00,0.344800,0.345700,0.344500,0.345600,1939715.000000
2023.01.05 00:05,0.345600,0.345900,0.345500,0.345600,336029.000000
2023.01.05 00:10,0.345600,0.345700,0.345200,0.345300,249518.000000
2023.01.05 00:15,0.345300,0.345500,0.345000,0.345400,192725.000000
2023.01.05 00:20,0.345400,0.346000,0.345400,0.346000,230965.000000
2023.01.05 00:25,0.346000,0.346300,0.345900,0.346200,383271.000000
2023.01.05 00:30,0.346200,0.346500,0.345500,0.345500,1556875.000000
2023.01.05 00:35,0.345500,0.345800,0.345200,0.345300,583250.000000
2023.01.05 00:40,0.345300,0.345300,0.345200,0.345200,170947.000000
2023.01.05 00:45,0.345200,0.345300,0.345100,0.345100,212265.000000
2023.01.05 00:50,0.345100,0.345200,0.344800,0.345000,271660.000000
2023.01.05 00:55,0.345000,0.345500,0.345000,0.345400,329614.000000
2023.01.05 01:00,0.345400,0.346000,0.345100,0.345700,773501.000000
2023.01.05 01:05,0.345700,0.345800,0.344800,0.344800,148022.000000
2023.01.05 01:10,0.344800,0.344900,0.344500,0.344700,908849.000000
2023.01.05 01:15,0.344700,0.344800,0.344500,0.344700,293302.000000
2023.01.05 01:20,0.344700,0.344800,0.344600,0.344700,399352.000000
2023.01.05 01:25,0.344700,0.345300,0.344700,0.345300,251545.000000
2023.01.05 01:30,0.345300,0.345300,0.345100,0.345100,79119.000000
2023.01.05 01:35,0.345100,0.345600,0.345100,0.345600,436178.000000
2023.01.05 01:40,0.345600,0.345700,0.345500,0.345600,739539.000000
2023.01.05 01:45,0.345600,0.345600,0.345500,0.345500,85368.000000
2023.01.05 01:50,0.345500,0.345900,0.345500,0.345900,221700.000000
2023.01.05 01:55,0.345900,0.346400,0.345900,0.346400,226479.000000
2023.01.05 02:00,0.346400,0.346700,0.346200,0.346600,660003.000000
2023.01.05 02:05,0.346600,0.346900,0.346500,0.346900,452853.000000
2023.01.05 02:10,0.346900,0.347300,0.346700,0.347200,2049674.000000
2023.01.05 02:15,0.347200,0.347300,0.346600,0.346700,447019.000000
2023.01.05 02:20,0.346700,0.346700,0.346500,0.346600,156362.000000
2023.01.05 02:25,0.346600,0.346600,0.346300,0.346500,519779.000000
2023.01.05 02:30,0.346500,0.347600,0.346500,0.347200,970134.000000
2023.01.05 02:35,0.347200,0.347600,0.347200,0.347300,1322437.000000
2023.01.05 02:40,0.347300,0.347600,0.347300,0.347600,484537.000000
2023.01.05 02:45,0.347600,0.347800,0.347500,0.347700,679224.000000
2023.01.05 02:50,0.347700,0.347800,0.347500,0.347700,286316.000000
2023.01.05 02:55,0.347700,0.347900,0.347000,0.347000,304111.000000
2023.01.05 03:00,0.347000,0.347900,0.346900,0.347900,595597.000000
2023.01.05 03:05,0.347900,0.347900,0.347300,0.347300,477705.000000
2023.01.05 03:10,0.347300,0.347700,0.346900,0.347700,447384.000000
2023.01.05 03:15,0.347700,0.348400,0.347700,0.348200,1155441.000000
2023.01.05 03:20,0.348200,0.348500,0.348200,0.348200,472319.000000
2023.01.05 03:25,0.348200,0.348400,0.347900,0.348000,208400.000000
2023.01.05 03:30,0.348000,0.348100,0.347700,0.347800,434460.000000
2023.01.05 03:35,0.347800,0.347800,0.347200,0.347300,925097.000000
2023.01.05 03:40,0.347300,0.347400,0.346600,0.346600,494548.000000
2023.01.05 03:45,0.346600,0.347100,0.346200,0.346300,1965084.000000
2023.01.05 03:50,0.346300,0.346700,0.346000,0.346200,700736.000000
2023.01.05 03:55,0.346200,0.346300,0.345600,0.345800,416993.000000
2023.01.05 04:00,0.345800,0.346100,0.345700,0.346000,732891.000000
2023.01.05 04:05,0.346000,0.346100,0.344800,0.345000,1941501.000000
2023.01.05 04:10,0.345000,0.345600,0.344800,0.345200,1279356.000000
2023.01.05 04:15,0.345200,0.345400,0.345200,0.345300,313266.000000
2023.01.05 04:20,0.345300,0.345400,0.345200,0.345300,415244.000000
2023.01.05 04:25,0.345300,0.345700,0.345300,0.345600,717138.000000
2023.01.05 04:30,0.345600,0.346800,0.345600,0.346400,951064.000000
2023.01.05 04:35,0.346400,0.346500,0.345500,0.345700,974536.000000
2023.01.05 04:40,0.345700,0.345900,0.345500,0.345600,1110449.000000
2023.01.05 04:45,0.345600,0.346100,0.345500,0.346000,429193.000000
2023.01.05 04:50,0.346000,0.346100,0.345700,0.345700,237573.000000
2023.01.05 04:55,0.345700,0.345700,0.344900,0.345200,1562402.000000
2023.01.05 05:00,0.345200,0.345300,0.344500,0.344500,783510.000000
2023.01.05 05:05,0.344500,0.344500,0.343900,0.344500,1581858.000000
2023.01.05 05:10,0.344500,0.344600,0.344300,0.344300,224573.000000
2023.01.05 05:15,0.344300,0.344400,0.344000,0.344400,656109.000000
2023.01.05 05:20,0.344400,0.344500,0.344200,0.344300,369967.000000
2023.01.05 05:25,0.344300,0.344300,0.344100,0.344200,508550.000000
2023.01.05 05:30,0.344200,0.344600,0.344100,0.344500,543483.000000
2023.01.05 05:35,0.344500,0.344800,0.344100,0.344500,770992.000000
2023.01.05 05:40,0.344500,0.344600,0.344400,0.344600,98027.000000
2023.01.05 05:45,0.344600,0.344900,0.344600,0.344900,159425.000000
2023.01.05 05:50,0.344900,0.345100,0.344800,0.345100,229843.000000
2023.01.05 05:55,0.345100,0.345500,0.345000,0.345500,560244.000000
2023.01.05 06:00,0.345500,0.345800,0.345200,0.345300,824094.000000
2023.01.05 06:05,0.345300,0.345300,0.345000,0.345000,193087.000000
2023.01.05 06:10,0.345000,0.345200,0.344900,0.345100,91700.000000
2023.01.05 06:15,0.345100,0.345500,0.345000,0.345100,367971.000000
2023.01.05 06:20,0.345100,0.345800,0.345000,0.345300,512546.000000
2023.01.05 06:25,0.345300,0.345900,0.345200,0.345800,247015.000000
2023.01.05 06:30,0.345800,0.346000,0.345800,0.345800,381186.000000
2023.01.05 06:35,0.345800,0.346000,0.345600,0.345600,230200.000000
2023.01.05 06:40,0.345600,0.345800,0.345300,0.345300,226930.000000
2023.01.05 06:45,0.345300,0.345400,0.345100,0.345100,552012.000000
2023.01.05 06:50,0.345100,0.345700,0.345100,0.345600,1528220.000000
2023.01.05 06:55,0.345600,0.345800,0.345600,0.345700,310580.000000
2023.01.05 07:00,0.345700,0.346000,0.345600,0.345700,479195.000000
2023.01.05 07:05,0.345700,0.346200,0.345400,0.346200,533625.000000
2023.01.05 07:10,0.346200,0.346800,0.346100,0.346600,1233808.000000
2023.01.05 07:15,0.346600,0.346800,0.346400,0.346500,245473.000000
2023.01.05 07:20,0.346500,0.346800,0.346500,0.346500,352244.000000
2023.01.05 07:25,0.346500,0.346600,0.346400,0.346500,204902.000000
2023.01.05 07:30,0.346500,0.346600,0.346100,0.346400,406635.000000
2023.01.05 07:35,0.346400,0.346600,0.346300,0.346400,289172.000000
2023.01.05 07:40,0.346400,0.347200,0.346400,0.347100,881206.000000
2023.01.05 07:45,0.347100,0.347600,0.347000,0.347600,1628326.000000
2023.01.05 07:50,0.347600,0.347700,0.347200,0.347400,2125751.000000
2023.01.05 07:55,0.347400,0.347600,0.347100,0.347100,265557.000000
2023.01.05 08:00,0.347100,0.347300,0.347100,0.347200,272406.000000
2023.01.05 08:05,0.347200,0.347200,0.346800,0.346900,407531.000000
2023.01.05 08:10,0.346900,0.347100,0.346800,0.347100,377503.000000
2023.01.05 08:15,0.347100,0.347400,0.347000,0.347400,236572.000000
2023.01.05 08:20,0.347400,0.347800,0.347000,0.347000,619451.000000
2023.01.05 08:25,0.347000,0.347300,0.347000,0.347300,261172.000000
2023.01.05 08:30,0.347300,0.347600,0.347100,0.347200,439494.000000
2023.01.05 08:35,0.347200,0.347500,0.347200,0.347500,254376.000000
2023.01.05 08:40,0.347500,0.347900,0.347400,0.347500,335381.000000
2023.01.05 08:45,0.347500,0.347500,0.347300,0.347300,306245.000000
2023.01.05 08:50,0.347300,0.347400,0.347200,0.347400,349787.000000
2023.01.05 08:55,0.347400,0.347700,0.347400,0.347500,187039.000000
2023.01.05 09:00,0.347500,0.347600,0.347400,0.347500,587686.000000
2023.01.05 09:05,0.347500,0.347500,0.347400,0.347400,196136.000000
2023.01.05 09:10,0.347400,0.347400,0.346900,0.347100,1608523.000000
2023.01.05 09:15,0.347100,0.347100,0.346500,0.346600,1521909.000000
2023.01.05 09:20,0.346600,0.347000,0.346100,0.346100,1277570.000000
2023.01.05 09:25,0.346100,0.346500,0.345600,0.345700,1335409.000000
2023.01.05 09:30,0.345700,0.345800,0.345100,0.345200,961960.000000
2023.01.05 09:35,0.345200,0.345300,0.344400,0.344600,1637818.000000
2023.01.05 09:40,0.344600,0.344900,0.344400,0.344600,1148636.000000
2023.01.05 09:45,0.344600,0.344900,0.344500,0.344800,806118.000000
2023.01.05 09:50,0.344800,0.344900,0.344700,0.344800,307501.000000
2023.01.05 09:55,0.344800,0.345100,0.344800,0.345100,826126.000000
2023.01.05 10:00,0.345100,0.345100,0.344900,0.345100,464993.000000
2023.01.05 10:05,0.345100,0.345500,0.344900,0.345400,979508.000000
2023.01.05 10:10,0.345400,0.345500,0.344800,0.344900,552730.000000
2023.01.05 10:15,0.344900,0.345100,0.344700,0.344900,790171.000000
2023.01.05 10:20,0.344900,0.344900,0.343600,0.344300,3152040.000000
2023.01.05 10:25,0.344300,0.344500,0.343400,0.343800,3657122.000000
2023.01.05 10:30,0.343800,0.344200,0.343700,0.343900,1104279.000000
2023.01.05 10:35,0.343900,0.344400,0.343900,0.344400,808398.000000
2023.01.05 10:40,0.344400,0.344500,0.344300,0.344400,686948.000000
2023.01.05 10:45,0.344400,0.344400,0.344200,0.344200,571147.000000
2023.01.05 10:50,0.344200,0.344600,0.344200,0.344600,398260.000000
2023.01.05 10:55,0.344600,0.344800,0.344400,0.344800,257528.000000
2023.01.05 11:00,0.344800,0.345000,0.344700,0.344800,573674.000000
2023.01.05 11:05,0.344800,0.345200,0.344400,0.344400,1729924.000000
2023.01.05 11:10,0.344400,0.344500,0.343900,0.344000,553854.000000
2023.01.05 11:15,0.344000,0.344000,0.343600,0.343700,1855384.000000
2023.01.05 11:20,0.343700,0.343800,0.342400,0.343100,7173238.000000
2023.01.05 11:25,0.343100,0.343700,0.342500,0.343600,1709454.000000
2023.01.05 11:30,0.343600,0.343800,0.343200,0.343800,506910.000000
2023.01.05 11:35,0.343800,0.343800,0.343400,0.343400,701238.000000
2023.01.05 11:40,0.343400,0.343500,0.343000,0.343400,1228287.000000
2023.01.05 11:45,0.343400,0.344000,0.343400,0.343900,324144.000000
2023.01.05 11:50,0.343900,0.344200,0.343700,0.344000,777955.000000
2023.01.05 11:55,0.344000,0.344200,0.343900,0.344100,301155.000000
2023.01.05 12:00,0.344100,0.344200,0.343900,0.344000,432568.000000
2023.01.05 12:05,0.344000,0.344000,0.343000,0.343200,2651350.000000
2023.01.05 12:10,0.343200,0.344100,0.343200,0.344100,1747623.000000
2023.01.05 12:15,0.344100,0.344100,0.343500,0.343600,2048538.000000
2023.01.05 12:20,0.343600,0.344100,0.343600,0.344100,186031.000000
2023.01.05 12:25,0.344100,0.344100,0.343300,0.343300,1475492.000000
2023.01.05 12:30,0.343300,0.343500,0.342700,0.342700,2609542.000000
2023.01.05 12:35,0.342700,0.343000,0.341400,0.342200,7705625.000000
2023.01.05 12:40,0.342200,0.342300,0.341400,0.341600,1936881.000000
2023.01.05 12:45,0.341600,0.341600,0.336800,0.339500,25829189.000000
2023.01.05 12:50,0.339500,0.339600,0.338000,0.338900,4876707.000000
2023.01.05 12:55,0.338900,0.340000,0.338900,0.339900,2202060.000000
2023.01.05 13:00,0.339900,0.341200,0.339800,0.340700,2869545.000000
2023.01.05 13:05,0.340700,0.341300,0.340700,0.341100,2679464.000000
2023.01.05 13:10,0.341100,0.341500,0.340900,0.341500,3885221.000000
2023.01.05 13:15,0.341500,0.342300,0.341400,0.342200,2496444.000000
2023.01.05 13:20,0.342200,0.342300,0.341900,0.342200,620294.000000
2023.01.05 13:25,0.342200,0.342500,0.341900,0.342100,1882043.000000
2023.01.05 13:30,0.342100,0.342200,0.341700,0.341800,764977.000000
2023.01.05 13:35,0.341800,0.342300,0.341700,0.342200,418829.000000
2023.01.05 13:40,0.342200,0.342300,0.342100,0.342300,554648.000000
2023.01.05 13:45,0.342300,0.342400,0.342000,0.342100,731608.000000
2023.01.05 13:50,0.342100,0.342400,0.342000,0.342300,650373.000000
2023.01.05 13:55,0.342300,0.342300,0.342000,0.342100,568984.000000
2023.01.05 14:00,0.342100,0.342100,0.341800,0.341900,609069.000000
2023.01.05 14:05,0.341900,0.342000,0.341700,0.341700,562978.000000
2023.01.05 14:10,0.341700,0.342200,0.341700,0.342100,382822.000000
2023.01.05 14:15,0.342100,0.342400,0.341500,0.341600,611162.000000
2023.01.05 14:20,0.341600,0.341600,0.340000,0.340400,2395107.000000
2023.01.05 14:25,0.340400,0.340600,0.340100,0.340300,1359801.000000
2023.01.05 14:30,0.340300,0.340700,0.340200,0.340700,1375457.000000
2023.01.05 14:35,0.340700,0.341300,0.340700,0.340900,1572516.000000
2023.01.05 14:40,0.340900,0.341200,0.340600,0.341200,923995.000000
2023.01.05 14:45,0.341200,0.341600,0.341100,0.341100,695521.000000
2023.01.05 14:50,0.341100,0.342000,0.341000,0.341700,601442.000000
2023.01.05 14:55,0.341700,0.342000,0.341400,0.341700,505952.000000
2023.01.05 15:00,0.341700,0.341700,0.341100,0.341300,247984.000000
2023.01.05 15:05,0.341300,0.341500,0.340800,0.340900,384949.000000
2023.01.05 15:10,0.340900,0.340900,0.340200,0.340400,608359.000000
2023.01.05 15:15,0.340400,0.340800,0.340000,0.340500,1325986.000000
2023.01.05 15:20,0.340500,0.340600,0.340300,0.340300,591639.000000
2023.01.05 15:25,0.340300,0.340500,0.340000,0.340500,480280.000000
2023.01.05 15:30,0.340500,0.341200,0.340200,0.341100,670416.000000
2023.01.05 15:35,0.341100,0.341600,0.341100,0.341400,431946.000000
2023.01.05 15:40,0.341400,0.341600,0.341200,0.341200,648665.000000
2023.01.05 15:45,0.341200,0.341900,0.341200,0.341900,440539.000000
2023.01.05 15:50,0.341900,0.341900,0.341600,0.341800,356633.000000
2023.01.05 15:55,0.341800,0.342200,0.341800,0.342100,1259115.000000
2023.01.05 16:00,0.342100,0.342100,0.341700,0.341900,672775.000000
2023.01.05 16:05,0.341900,0.341900,0.341500,0.341500,310540.000000
2023.01.05 16:10,0.341500,0.341600,0.341200,0.341400,925777.000000
2023.01.05 16:15,0.341400,0.341800,0.340500,0.340700,2257146.000000
2023.01.05 16:20,0.340700,0.341000,0.340300,0.340600,1524052.000000
2023.01.05 16:25,0.340600,0.340900,0.340300,0.340800,320940.000000
2023.01.05 16:30,0.340800,0.341800,0.340300,0.340800,3310459.000000
2023.01.05 16:35,0.340800,0.340800,0.338500,0.339300,7058264.000000
2023.01.05 16:40,0.339300,0.340300,0.339200,0.339900,3374832.000000
2023.01.05 16:45,0.339900,0.340200,0.339800,0.339800,833387.000000
2023.01.05 16:50,0.339800,0.339900,0.339600,0.339700,317985.000000
2023.01.05 16:55,0.339700,0.339900,0.338200,0.338500,4098471.000000
2023.01.05 17:00,0.338500,0.339700,0.338400,0.339500,2231416.000000
2023.01.05 17:05,0.339500,0.340200,0.339400,0.340000,1094472.000000
2023.01.05 17:10,0.340000,0.340300,0.339700,0.340300,802213.000000
2023.01.05 17:15,0.340300,0.340800,0.340300,0.340700,865170.000000
2023.01.05 17:20,0.340700,0.340800,0.340200,0.340200,1042732.000000
2023.01.05 17:25,0.340200,0.340400,0.340100,0.340300,282643.000000
2023.01.05 17:30,0.340300,0.340500,0.339000,0.339500,1643421.000000
2023.01.05 17:35,0.339500,0.339700,0.339000,0.339400,1221143.000000
2023.01.05 17:40,0.339400,0.339400,0.338700,0.339200,1087040.000000
2023.01.05 17:45,0.339200,0.339500,0.338600,0.339500,1010870.000000
2023.01.05 17:50,0.339500,0.340400,0.339400,0.340300,2775767.000000
2023.01.05 17:55,0.340300,0.341200,0.340200,0.341100,1876463.000000
2023.01.05 18:00,0.341100,0.341900,0.340700,0.341200,2805922.000000
2023.01.05 18:05,0.341200,0.341800,0.340800,0.341300,1966188.000000
2023.01.05 18:10,0.341300,0.342300,0.341100,0.342100,1516176.000000
2023.01.05 18:15,0.342100,0.342200,0.341000,0.341300,2158062.000000
2023.01.05 18:20,0.341300,0.341300,0.340700,0.340900,498049.000000
2023.01.05 18:25,0.340900,0.341400,0.340700,0.341400,524166.000000
2023.01.05 18:30,0.341400,0.341600,0.341300,0.341500,517077.000000
2023.01.05 18:35,0.341500,0.341500,0.340900,0.341300,713960.000000
2023.01.05 18:40,0.341300,0.341600,0.341200,0.341200,314863.000000
2023.01.05 18:45,0.341200,0.341500,0.340500,0.340600,1668043.000000
2023.01.05 18:50,0.340600,0.340600,0.340000,0.340100,1180260.000000
2023.01.05 18:55,0.340100,0.340300,0.339700,0.339700,1238244.000000
2023.01.05 19:00,0.339700,0.340000,0.339400,0.339900,1014765.000000
2023.01.05 19:05,0.339900,0.340600,0.339900,0.340600,644095.000000
2023.01.05 19:10,0.340600,0.341100,0.340500,0.340900,992258.000000
2023.01.05 19:15,0.340900,0.341100,0.339800,0.340000,1785808.000000
2023.01.05 19:20,0.340000,0.340200,0.339600,0.339700,697405.000000
2023.01.05 19:25,0.339700,0.340300,0.339600,0.340300,497746.000000
2023.01.05 19:30,0.340300,0.340600,0.340100,0.340200,1096578.000000
2023.01.05 19:35,0.340200,0.340300,0.340000,0.340100,203417.000000
2023.01.05 19:40,0.340100,0.340200,0.340000,0.340100,354277.000000
2023.01.05 19:45,0.340100,0.340200,0.339900,0.340200,267853.000000
2023.01.05 19:50,0.340200,0.340200,0.339700,0.340000,781955.000000
2023.01.05 19:55,0.340000,0.340000,0.339700,0.339700,71471.000000
2023.01.05 20:00,0.339700,0.339900,0.339400,0.339400,601672.000000
2023.01.05 20:05,0.339400,0.339800,0.339400,0.339800,337148.000000
2023.01.05 20:10,0.339800,0.339800,0.339400,0.339500,380992.000000
2023.01.05 20:15,0.339500,0.339700,0.339000,0.339200,792842.000000
2023.01.05 20:20,0.339200,0.339400,0.339000,0.339400,782551.000000
2023.01.05 20:25,0.339400,0.339500,0.339400,0.339500,278870.000000
2023.01.05 20:30,0.339500,0.339500,0.338800,0.339100,1433518.000000
2023.01.05 20:35,0.339100,0.339100,0.338600,0.338900,490762.000000
